Tarih;Saat;Acilis;Yuksek;Dusuk;Kapanis;Ortalama;Hacim;Lot
24.08.2025;11:15;347.39;348.38;345.18;346.65;346.78;3517186;0
24.08.2025;11:30;346.65;348.62;346.65;347.64;347.64;2066186;0
24.08.2025;11:45;347.89;348.62;346.16;347.39;347.39;797131;0
24.08.2025;12:00;347.39;348.38;346.41;347.39;347.39;876882;0
24.08.2025;12:15;347.39;348.13;346.65;347.39;347.39;472019;0
24.08.2025;12:30;347.15;349.36;345.92;347.39;347.64;1671650;0
24.08.2025;12:45;347.39;350.84;346.90;350.59;348.87;1370347;0
24.08.2025;13:00;350.35;350.84;349.36;349.36;350.10;523406;0
24.08.2025;13:15;350.10;350.10;347.39;348.13;348.75;628837;0
24.08.2025;13:30;348.13;348.62;347.15;347.15;347.89;417489;0
24.08.2025;13:45;347.39;348.13;344.93;345.92;346.53;1696270;0
24.08.2025;14:00;345.42;346.16;343.95;343.95;345.06;1479117;0
24.08.2025;14:15;344.69;345.42;344.69;345.18;345.06;726577;0
24.08.2025;14:30;345.18;346.41;344.44;346.41;345.42;1971058;0
24.08.2025;14:45;346.41;346.65;343.70;343.95;345.18;1593469;0
24.08.2025;15:00;343.95;347.64;343.70;347.39;345.67;1051084;0
24.08.2025;15:15;347.39;347.64;346.41;346.65;347.02;670951;0
24.08.2025;15:30;346.41;346.41;345.42;345.42;345.92;460379;0
24.08.2025;15:45;345.67;345.92;344.19;344.44;345.06;1662385;0
24.08.2025;16:00;344.44;346.90;344.44;345.92;345.67;2131701;0
24.08.2025;16:15;345.92;347.39;344.44;344.93;345.92;1135855;0
24.08.2025;16:30;344.44;345.18;343.46;344.69;344.32;523879;0
24.08.2025;16:45;345.42;350.59;344.19;350.35;347.39;3694922;0
24.08.2025;17:00;350.35;350.59;347.64;348.87;349.12;2365889;0
24.08.2025;17:15;348.87;349.36;345.42;346.90;347.39;2073627;0
24.08.2025;17:30;346.41;346.41;344.69;346.41;345.55;1389491;0
24.08.2025;17:45;345.92;346.90;342.47;342.47;344.69;4540936;0
24.08.2025;18:00;342.72;343.70;342.47;342.72;343.09;1432259;0
27.08.2025;10:00;339.27;339.27;330.91;335.34;335.09;7300590;0
27.08.2025;10:15;335.58;335.83;330.42;332.88;333.12;6275093;0
27.08.2025;10:30;332.63;332.63;330.66;331.89;331.65;2673645;0
27.08.2025;10:45;331.65;332.39;330.66;331.65;331.52;1455908;0
27.08.2025;11:00;331.40;332.14;329.93;332.14;331.03;1814615;0
27.08.2025;11:15;331.89;331.89;330.91;331.40;331.40;289613;0
27.08.2025;11:30;331.40;332.39;329.43;329.93;330.91;3074169;0
27.08.2025;11:45;329.68;330.66;327.71;328.69;329.19;2657613;0
27.08.2025;12:00;328.45;328.69;326.97;326.97;327.83;1936283;0
27.08.2025;12:15;326.97;328.20;326.73;327.96;327.46;975316;0
27.08.2025;12:30;327.96;328.69;326.73;327.96;327.71;442077;0
27.08.2025;12:45;327.46;329.19;327.46;329.19;328.33;327628;0
27.08.2025;13:00;329.19;329.93;328.45;328.69;329.19;556579;0
27.08.2025;13:15;328.94;328.94;327.22;327.22;328.08;653936;0
27.08.2025;13:30;327.22;327.96;326.48;327.46;327.22;1193234;0
27.08.2025;13:45;327.71;328.69;327.22;328.45;327.96;450473;0
27.08.2025;14:00;328.45;330.17;328.20;329.68;329.19;395085;0
27.08.2025;14:15;329.68;330.42;328.45;328.45;329.43;837136;0
27.08.2025;14:30;328.20;329.93;327.96;328.69;328.94;265143;0
27.08.2025;14:45;328.69;328.69;327.46;327.46;328.08;334261;0
27.08.2025;15:00;327.96;329.43;327.71;329.43;328.57;680757;0
27.08.2025;15:15;328.94;330.66;328.20;329.93;329.43;712178;0
27.08.2025;15:30;329.93;329.93;328.69;328.69;329.31;335058;0
27.08.2025;15:45;328.69;329.68;326.73;328.20;328.20;1470018;0
27.08.2025;16:00;327.96;329.43;327.71;328.69;328.57;330330;0
27.08.2025;16:15;329.19;329.19;327.46;328.94;328.33;756557;0
27.08.2025;16:30;328.45;328.94;327.71;328.94;328.33;290519;0
27.08.2025;16:45;328.94;329.43;327.46;327.46;328.45;781051;0
27.08.2025;17:00;327.46;328.69;327.22;327.46;327.96;762335;0
27.08.2025;17:15;327.22;327.22;323.53;324.76;325.37;7318610;0
27.08.2025;17:30;325.00;325.25;323.04;323.53;324.14;1853457;0
27.08.2025;17:45;323.53;324.27;322.54;322.54;323.41;1100877;0
27.08.2025;18:00;321.81;321.81;321.81;321.81;321.81;2416203;0
28.08.2025;10:00;323.53;325.50;323.04;323.77;324.27;1965187;0
28.08.2025;10:15;323.28;325.25;321.81;324.76;323.53;1661846;0
28.08.2025;10:30;325.25;326.23;324.27;326.23;325.25;960978;0
28.08.2025;10:45;325.74;326.23;324.51;325.25;325.37;1692679;0
28.08.2025;11:00;325.25;326.48;324.27;325.50;325.37;1177240;0
28.08.2025;11:15;325.50;325.50;323.28;323.53;324.39;642205;0
28.08.2025;11:30;323.53;324.76;323.28;324.76;324.02;433574;0
28.08.2025;11:45;324.27;324.51;322.30;323.77;323.41;3005624;0
28.08.2025;12:00;323.28;326.23;322.79;324.76;324.51;2018117;0
28.08.2025;12:15;324.51;325.99;324.02;325.74;325.00;564700;0
28.08.2025;12:30;325.00;325.99;324.51;325.00;325.25;333325;0
28.08.2025;12:45;325.00;325.00;324.02;324.27;324.51;305418;0
28.08.2025;13:00;324.27;326.48;324.27;326.48;325.37;773477;0
28.08.2025;13:15;326.73;327.46;325.74;326.23;326.60;459787;0
28.08.2025;13:30;326.48;328.94;326.23;326.97;327.59;3732743;0
28.08.2025;13:45;326.73;327.22;325.74;325.74;326.48;2229997;0
28.08.2025;14:00;325.74;326.23;325.25;325.25;325.74;951965;0
28.08.2025;14:15;325.74;326.23;324.76;325.00;325.50;1320045;0
28.08.2025;14:30;325.25;325.50;324.76;324.76;325.13;487182;0
28.08.2025;14:45;325.00;325.50;324.27;324.27;324.88;1736715;0
28.08.2025;15:00;324.76;324.76;324.27;324.27;324.51;573076;0
28.08.2025;15:15;324.76;325.00;324.27;324.27;324.64;1311799;0
28.08.2025;15:30;324.27;326.97;324.27;326.48;325.62;670117;0
28.08.2025;15:45;325.99;327.71;325.99;326.73;326.85;729157;0
28.08.2025;16:00;326.73;335.83;325.74;331.89;330.79;9870228;0
28.08.2025;16:15;331.16;335.09;326.73;331.16;330.91;12456295;0
28.08.2025;16:30;330.42;331.16;326.97;326.97;329.06;3610400;0
28.08.2025;16:45;326.97;328.69;323.77;327.22;326.23;5193166;0
28.08.2025;17:00;326.97;327.71;325.99;327.22;326.85;1519732;0
28.08.2025;17:15;327.22;328.69;326.97;327.71;327.83;1058587;0
28.08.2025;17:30;327.46;329.19;327.22;328.45;328.20;1855494;0
28.08.2025;17:45;327.71;328.45;326.23;326.23;327.34;1464673;0
28.08.2025;18:00;326.73;327.96;326.23;327.96;327.10;1127624;0
29.08.2025;10:00;332.88;332.88;327.96;329.19;330.42;1958739;0
29.08.2025;10:15;329.19;330.17;328.20;329.43;329.19;1359867;0
29.08.2025;10:30;329.19;329.43;328.20;328.69;328.82;904307;0
29.08.2025;10:45;328.45;329.19;326.73;326.97;327.96;1184813;0
29.08.2025;11:00;327.22;327.71;326.73;327.46;327.22;902367;0
29.08.2025;11:15;327.46;327.71;325.74;325.74;326.73;1430001;0
29.08.2025;11:30;326.23;326.23;324.76;325.00;325.50;861959;0
29.08.2025;11:45;325.99;325.99;324.76;325.00;325.37;608592;0
29.08.2025;12:00;324.76;325.99;323.53;325.99;324.76;1123119;0
29.08.2025;12:15;325.99;325.99;324.51;325.25;325.25;200167;0
29.08.2025;12:30;325.50;325.50;323.77;324.76;324.64;1703274;0
29.08.2025;12:45;324.76;324.76;324.02;324.02;324.39;59280;0
29.08.2025;13:00;324.02;324.51;323.77;324.02;324.14;251288;0
29.08.2025;13:15;324.27;324.27;323.77;324.27;324.02;111660;0
29.08.2025;13:30;324.02;325.74;324.02;324.76;324.88;686880;0
29.08.2025;13:45;324.76;324.76;324.27;324.27;324.51;176114;0
29.08.2025;14:00;324.27;325.00;324.27;324.51;324.64;256464;0
29.08.2025;14:15;324.27;324.76;324.02;324.27;324.39;113082;0
29.08.2025;14:30;324.76;324.76;323.28;323.53;324.02;1244806;0
29.08.2025;14:45;323.77;324.27;322.79;323.04;323.53;700272;0
29.08.2025;15:00;323.28;323.28;322.30;323.04;322.79;378422;0
29.08.2025;15:15;323.28;323.77;322.54;322.54;323.16;425500;0
29.08.2025;15:30;322.79;323.77;322.54;322.54;323.16;514552;0
29.08.2025;15:45;323.28;323.77;322.79;322.79;323.28;538997;0
29.08.2025;16:00;322.79;324.27;322.54;323.53;323.41;436066;0
29.08.2025;16:15;324.02;324.51;323.53;323.77;324.02;283786;0
29.08.2025;16:30;323.77;325.50;323.77;325.00;324.64;501535;0
29.08.2025;16:45;325.25;325.50;324.51;324.76;325.00;364679;0
29.08.2025;17:00;325.50;325.50;324.27;324.51;324.88;153001;0
29.08.2025;17:15;324.76;324.76;323.77;323.77;324.27;372916;0
29.08.2025;17:30;324.02;324.27;323.28;324.27;323.77;635042;0
29.08.2025;17:45;324.27;324.27;323.28;324.27;323.77;1124448;0
29.08.2025;18:00;324.27;324.51;323.53;323.53;324.02;1046544;0
30.08.2025;10:00;323.53;327.22;320.82;325.25;324.02;1814097;0
30.08.2025;10:15;325.25;327.46;324.76;326.48;326.11;2745818;0
30.08.2025;10:30;326.48;329.68;326.48;328.45;328.08;1608815;0
30.08.2025;10:45;328.20;328.20;327.22;327.96;327.71;684814;0
30.08.2025;11:00;326.97;327.96;326.73;327.46;327.34;696350;0
30.08.2025;11:15;327.71;327.96;326.23;326.73;327.10;201391;0
30.08.2025;11:30;326.73;328.69;326.23;327.46;327.46;769963;0
30.08.2025;11:45;327.71;327.96;325.99;325.99;326.97;547948;0
30.08.2025;12:00;326.73;326.73;325.25;325.50;325.99;587802;0
30.08.2025;12:15;326.23;326.48;324.51;325.25;325.50;3739518;0
30.08.2025;12:30;325.25;325.25;324.02;324.51;324.64;691260;0
30.08.2025;12:45;324.27;324.51;324.02;324.02;324.27;412152;0
30.08.2025;13:00;324.02;325.99;324.02;325.99;325.00;665737;0
30.08.2025;13:15;325.99;325.99;324.76;324.76;325.37;1482148;0
30.08.2025;13:30;325.00;325.74;324.51;324.76;325.13;720771;0
30.08.2025;13:45;324.76;325.50;324.51;324.51;325.00;326494;0
30.08.2025;14:00;324.76;326.73;324.51;325.25;325.62;2074779;0
30.08.2025;14:15;325.25;325.99;325.00;325.50;325.50;913220;0
30.08.2025;14:30;325.50;325.74;323.77;324.51;324.76;583469;0
30.08.2025;14:45;323.77;324.51;322.79;323.04;323.65;868690;0
30.08.2025;15:00;323.04;323.77;322.05;323.77;322.91;1111136;0
30.08.2025;15:15;323.77;324.27;322.05;322.79;323.16;897042;0
30.08.2025;15:30;322.79;322.79;320.82;321.56;321.81;1613428;0
30.08.2025;15:45;322.05;322.79;321.81;322.30;322.30;449280;0
30.08.2025;16:00;322.30;322.54;321.07;321.07;321.81;576951;0
30.08.2025;16:15;320.82;321.81;320.08;321.31;320.94;667578;0
30.08.2025;16:30;321.31;322.05;321.31;321.56;321.68;503357;0
30.08.2025;16:45;321.56;322.30;321.07;321.07;321.68;720891;0
30.08.2025;17:00;321.31;321.81;319.84;319.84;320.82;1072215;0
30.08.2025;17:15;320.33;320.33;316.89;317.62;318.61;1938824;0
30.08.2025;17:30;317.13;317.38;313.44;316.15;315.41;1946527;0
30.08.2025;17:45;316.15;316.64;314.43;315.16;315.53;2538541;0
30.08.2025;18:00;315.16;315.90;314.92;315.41;315.41;797347;0
31.08.2025;10:00;311.96;321.31;311.96;312.95;316.64;3946303;0
31.08.2025;10:15;313.20;313.93;310.00;313.69;311.96;2116648;0
31.08.2025;10:30;314.18;315.16;313.20;313.93;314.18;661436;0
31.08.2025;10:45;313.20;313.44;310.49;313.20;311.96;1133796;0
31.08.2025;11:00;312.70;313.69;312.46;313.69;313.07;668398;0
31.08.2025;11:15;313.69;315.16;311.96;313.44;313.56;1407335;0
31.08.2025;11:30;313.44;313.69;312.21;312.70;312.95;949062;0
31.08.2025;11:45;312.21;312.46;310.98;311.72;311.72;1711376;0
31.08.2025;12:00;312.46;312.70;310.98;311.47;311.84;249758;0
31.08.2025;12:15;311.47;312.46;311.47;312.46;311.96;167646;0
31.08.2025;12:30;312.21;312.70;311.23;311.96;311.96;342348;0
31.08.2025;12:45;311.47;311.96;310.98;311.23;311.47;549406;0
31.08.2025;13:00;311.96;311.96;310.49;311.96;311.23;146590;0
31.08.2025;13:15;311.96;312.95;311.47;312.21;312.21;571158;0
31.08.2025;13:30;312.21;312.70;311.47;312.21;312.09;529610;0
31.08.2025;13:45;312.21;314.67;311.96;313.93;313.32;929185;0
31.08.2025;14:00;314.67;315.16;313.69;313.69;314.43;630282;0
31.08.2025;14:15;313.69;314.18;312.70;312.95;313.44;380183;0
31.08.2025;14:30;312.95;313.20;311.96;312.95;312.58;437680;0
31.08.2025;14:45;312.70;313.44;312.46;312.46;312.95;291962;0
31.08.2025;15:00;312.46;313.44;311.47;311.47;312.46;604704;0
31.08.2025;15:15;312.21;312.21;311.23;311.23;311.72;189322;0
31.08.2025;15:30;311.23;311.72;310.49;311.23;311.10;315063;0
31.08.2025;15:45;311.96;313.20;311.47;312.95;312.33;2319253;0
31.08.2025;16:00;312.21;312.70;311.72;311.72;312.21;296858;0
31.08.2025;16:15;311.96;313.44;311.96;313.44;312.70;487176;0
31.08.2025;16:30;313.44;314.92;312.95;314.43;313.93;1016616;0
31.08.2025;16:45;313.93;314.43;313.69;313.93;314.06;425698;0
31.08.2025;17:00;313.93;314.43;312.95;312.95;313.69;195365;0
31.08.2025;17:15;312.95;315.90;312.70;314.92;314.30;2563996;0
31.08.2025;17:30;314.92;317.62;313.69;317.38;315.66;1499917;0
31.08.2025;17:45;317.38;317.38;312.46;312.46;314.92;2241924;0
31.08.2025;18:00;312.95;314.18;311.96;311.96;313.07;1194536;0
03.09.2025;10:00;311.72;314.18;311.47;312.95;312.83;1284871;0
03.09.2025;10:15;312.95;313.69;311.72;312.46;312.70;1197973;0
03.09.2025;10:30;312.70;313.44;305.08;307.78;309.26;4364542;0
03.09.2025;10:45;307.78;308.77;307.29;308.03;308.03;3427986;0
03.09.2025;11:00;308.03;308.52;306.31;306.80;307.41;1559110;0
03.09.2025;11:15;306.80;320.33;306.55;320.08;313.44;6600381;0
03.09.2025;11:30;320.33;324.27;319.84;322.54;322.05;5779614;0
03.09.2025;11:45;322.79;322.79;319.84;321.56;321.31;2699689;0
03.09.2025;12:00;321.56;323.53;321.07;323.53;322.30;2004829;0
03.09.2025;12:15;323.28;323.77;322.30;323.53;323.04;1510800;0
03.09.2025;12:30;323.53;324.27;322.79;323.77;323.53;1032448;0
03.09.2025;12:45;323.77;324.02;322.54;322.54;323.28;583743;0
03.09.2025;13:00;322.05;323.28;322.05;323.04;322.67;758690;0
03.09.2025;13:15;323.04;324.02;323.04;323.77;323.53;578981;0
03.09.2025;13:30;323.77;324.02;323.28;324.02;323.65;490559;0
03.09.2025;13:45;324.02;324.76;323.04;324.76;323.90;807336;0
03.09.2025;14:00;324.76;325.99;324.51;325.25;325.25;1474010;0
03.09.2025;14:15;325.25;326.23;325.25;326.23;325.74;308039;0
03.09.2025;14:30;326.48;326.73;324.76;325.00;325.74;932705;0
03.09.2025;14:45;325.25;325.74;324.27;324.27;325.00;1957696;0
03.09.2025;15:00;324.76;325.74;324.27;324.51;325.00;1202783;0
03.09.2025;15:15;324.76;325.00;324.27;324.76;324.64;335885;0
03.09.2025;15:30;325.00;325.50;324.51;325.00;325.00;499443;0
03.09.2025;15:45;325.25;326.97;325.25;326.23;326.11;1626446;0
03.09.2025;16:00;326.23;326.23;325.25;326.23;325.74;324791;0
03.09.2025;16:15;326.23;326.73;325.74;325.74;326.23;1251695;0
03.09.2025;16:30;326.23;326.48;325.99;325.99;326.23;148170;0
03.09.2025;16:45;325.74;326.97;325.74;326.23;326.36;581927;0
03.09.2025;17:00;325.74;326.97;325.74;326.48;326.36;844482;0
03.09.2025;17:15;326.48;328.20;326.23;327.96;327.22;1669260;0
03.09.2025;17:30;327.46;328.69;327.22;327.71;327.96;1001484;0
03.09.2025;17:45;327.71;329.19;326.73;327.71;327.96;1093537;0
03.09.2025;18:00;327.46;327.46;326.73;326.73;327.10;504498;0
04.09.2025;10:00;330.91;331.89;328.69;330.17;330.29;1427557;0
04.09.2025;10:15;329.93;331.89;329.68;330.17;330.79;1009969;0
04.09.2025;10:30;330.17;332.39;329.68;330.91;331.03;2707677;0
04.09.2025;10:45;330.91;331.40;329.68;329.68;330.54;1259604;0
04.09.2025;11:00;329.93;330.66;329.43;329.68;330.05;610933;0
04.09.2025;11:15;330.17;330.42;329.68;329.68;330.05;611917;0
04.09.2025;11:30;329.68;330.17;327.71;328.20;328.94;1427807;0
04.09.2025;11:45;328.20;328.45;327.71;327.71;328.08;1339272;0
04.09.2025;12:00;327.96;327.96;326.97;327.46;327.46;786195;0
04.09.2025;12:15;327.46;328.20;326.97;327.22;327.59;1020033;0
04.09.2025;12:30;327.22;327.46;325.25;327.46;326.36;2749383;0
04.09.2025;12:45;326.73;327.22;325.74;325.74;326.48;522014;0
04.09.2025;13:00;326.23;326.23;325.50;325.74;325.87;150656;0
04.09.2025;13:15;325.99;326.97;325.99;326.97;326.48;312583;0
04.09.2025;13:30;326.73;327.22;326.48;326.73;326.85;99012;0
04.09.2025;13:45;326.73;327.22;325.99;326.73;326.60;250814;0
04.09.2025;14:00;326.73;328.20;326.48;327.71;327.34;464818;0
04.09.2025;14:15;327.96;327.96;326.73;327.46;327.34;546202;0
04.09.2025;14:30;327.46;328.69;326.23;328.20;327.46;1031592;0
04.09.2025;14:45;328.20;329.19;327.96;329.19;328.57;574557;0
04.09.2025;15:00;329.19;329.68;328.45;329.68;329.06;293682;0
04.09.2025;15:15;329.68;330.66;329.43;330.17;330.05;539863;0
04.09.2025;15:30;330.17;330.91;329.93;330.66;330.42;495970;0
04.09.2025;15:45;331.16;331.16;330.42;330.66;330.79;328034;0
04.09.2025;16:00;330.91;331.40;330.42;331.40;330.91;359939;0
04.09.2025;16:15;331.65;332.14;331.16;331.65;331.65;134109;0
04.09.2025;16:30;331.65;332.63;331.65;331.89;332.14;703320;0
04.09.2025;16:45;331.89;333.62;331.65;332.88;332.63;1941545;0
04.09.2025;17:00;333.12;333.12;331.89;332.14;332.51;507310;0
04.09.2025;17:15;331.89;334.11;331.65;332.63;332.88;1506340;0
04.09.2025;17:30;332.63;334.11;332.14;334.11;333.12;1572568;0
04.09.2025;17:45;333.86;333.86;332.88;333.62;333.37;604105;0
04.09.2025;18:00;333.37;333.62;332.63;333.37;333.12;1633260;0
05.09.2025;10:00;334.60;336.08;333.37;333.62;334.72;2192582;0
05.09.2025;10:15;333.62;335.09;332.63;334.60;333.86;859953;0
05.09.2025;10:30;334.85;338.04;334.60;337.80;336.32;3956051;0
05.09.2025;10:45;337.80;337.80;336.32;336.32;337.06;1019284;0
05.09.2025;11:00;336.57;339.52;336.08;336.32;337.80;3430334;0
05.09.2025;11:15;336.32;336.57;335.34;336.57;335.95;1044611;0
05.09.2025;11:30;336.08;336.57;335.83;335.83;336.20;536761;0
05.09.2025;11:45;335.83;336.57;335.83;336.57;336.20;286736;0
05.09.2025;12:00;336.57;337.55;335.83;335.83;336.69;238009;0
05.09.2025;12:15;336.57;336.57;335.09;335.83;335.83;275474;0
05.09.2025;12:30;335.83;335.83;334.85;335.58;335.34;387620;0
05.09.2025;12:45;335.09;336.32;335.09;335.58;335.71;285992;0
05.09.2025;13:00;335.58;336.32;335.58;336.32;335.95;171671;0
05.09.2025;13:15;336.32;336.57;335.83;336.32;336.20;275748;0
05.09.2025;13:30;336.57;337.31;335.58;336.32;336.44;855271;0
05.09.2025;13:45;336.32;336.81;336.08;336.32;336.44;374579;0
05.09.2025;14:00;336.08;336.32;335.83;336.08;336.08;146122;0
05.09.2025;14:15;336.08;337.06;335.83;336.32;336.44;279815;0
05.09.2025;14:30;335.83;336.32;335.83;336.32;336.08;72085;0
05.09.2025;14:45;335.83;336.08;334.85;336.08;335.46;559217;0
05.09.2025;15:00;335.34;335.83;334.60;334.85;335.21;74901;0
05.09.2025;15:15;334.85;335.83;334.85;335.58;335.34;531734;0
05.09.2025;15:30;335.58;336.08;335.34;335.34;335.71;173567;0
05.09.2025;15:45;335.34;336.32;335.34;336.08;335.83;249032;0
05.09.2025;16:00;336.08;336.32;335.34;335.58;335.83;551556;0
05.09.2025;16:15;336.32;336.32;335.83;336.32;336.08;136197;0
05.09.2025;16:30;335.83;336.32;335.34;335.58;335.83;284029;0
05.09.2025;16:45;335.83;335.83;334.35;335.34;335.09;665446;0
05.09.2025;17:00;334.85;335.34;334.11;334.11;334.72;423691;0
05.09.2025;17:15;334.11;334.60;333.62;334.60;334.11;462780;0
05.09.2025;17:30;334.35;335.34;333.86;334.60;334.60;1529567;0
05.09.2025;17:45;334.60;334.85;333.62;334.11;334.23;1397296;0
05.09.2025;18:00;333.86;334.85;333.62;333.62;334.23;948408;0
06.09.2025;10:00;338.78;342.47;335.09;337.80;338.78;5511983;0
06.09.2025;10:15;338.04;339.52;336.81;339.03;338.17;3241080;0
06.09.2025;10:30;338.78;339.27;337.31;339.03;338.29;2178140;0
06.09.2025;10:45;339.03;339.03;337.55;337.55;338.29;713641;0
06.09.2025;11:00;337.31;338.78;337.31;338.29;338.04;595603;0
06.09.2025;11:15;338.04;338.78;338.04;338.29;338.41;679447;0
06.09.2025;11:30;338.54;338.54;337.55;338.04;338.04;875905;0
06.09.2025;11:45;338.04;338.78;337.55;338.54;338.17;482908;0
06.09.2025;12:00;338.54;339.03;338.04;339.03;338.54;453600;0
06.09.2025;12:15;339.03;339.52;338.29;339.52;338.91;575529;0
06.09.2025;12:30;339.27;339.77;339.03;339.52;339.40;570792;0
06.09.2025;12:45;338.78;340.01;338.04;340.01;339.03;1812903;0
06.09.2025;13:00;340.01;341.00;340.01;340.01;340.50;486707;0
06.09.2025;13:15;340.50;340.75;339.27;339.27;340.01;99848;0
06.09.2025;13:30;339.27;339.77;338.78;338.78;339.27;623968;0
06.09.2025;13:45;338.78;338.78;338.04;338.29;338.41;696906;0
06.09.2025;14:00;338.29;338.29;337.31;337.31;337.80;481789;0
06.09.2025;14:15;338.04;340.01;337.80;337.80;338.91;547441;0
06.09.2025;14:30;338.54;339.27;337.80;338.54;338.54;671712;0
06.09.2025;14:45;338.54;339.03;338.54;338.78;338.78;1175893;0
06.09.2025;15:00;338.29;338.78;338.04;338.29;338.41;677351;0
06.09.2025;15:15;338.29;338.78;338.04;338.54;338.41;860354;0
06.09.2025;15:30;338.54;338.54;338.04;338.04;338.29;480105;0
06.09.2025;15:45;338.54;339.03;337.80;338.29;338.41;862028;0
06.09.2025;16:00;338.29;338.29;337.55;337.80;337.92;1056197;0
06.09.2025;16:15;337.80;338.29;336.32;336.57;337.31;1065972;0
06.09.2025;16:30;336.81;337.06;335.58;335.83;336.32;1813900;0
06.09.2025;16:45;335.58;339.27;335.09;336.08;337.18;1386961;0
06.09.2025;17:00;336.08;336.32;335.34;335.34;335.83;161889;0
06.09.2025;17:15;335.34;335.58;333.86;335.09;334.72;1409844;0
06.09.2025;17:30;335.09;335.58;333.62;333.62;334.60;1919518;0
06.09.2025;17:45;333.37;333.62;331.16;331.65;332.39;1684127;0
06.09.2025;18:00;331.65;331.65;330.91;331.16;331.28;1271901;0
07.09.2025;10:00;332.63;339.52;332.63;335.34;336.08;2949159;0
07.09.2025;10:15;334.85;335.83;333.12;334.35;334.48;3059288;0
07.09.2025;10:30;334.35;334.60;333.12;334.60;333.86;883737;0
07.09.2025;10:45;334.35;334.60;333.62;334.11;334.11;541377;0
07.09.2025;11:00;334.11;334.60;333.62;334.35;334.11;171848;0
07.09.2025;11:15;334.35;335.83;333.86;334.60;334.85;940230;0
07.09.2025;11:30;334.35;335.09;334.11;334.35;334.60;803515;0
07.09.2025;11:45;334.60;334.85;333.86;334.11;334.35;434818;0
07.09.2025;12:00;333.62;334.11;333.12;333.12;333.62;313847;0
07.09.2025;12:15;333.37;334.11;333.37;334.11;333.74;314519;0
07.09.2025;12:30;333.37;333.62;332.63;332.88;333.12;380615;0
07.09.2025;12:45;333.12;333.37;331.89;332.14;332.63;176871;0
07.09.2025;13:00;331.89;332.14;330.66;331.65;331.40;484268;0
07.09.2025;13:15;331.65;332.88;331.65;332.63;332.26;137371;0
07.09.2025;13:30;332.39;333.37;331.40;333.37;332.39;481647;0
07.09.2025;13:45;333.37;333.37;331.16;332.14;332.26;1106611;0
07.09.2025;14:00;332.14;333.12;331.16;331.89;332.14;311596;0
07.09.2025;14:15;331.89;332.39;331.40;331.89;331.89;204030;0
07.09.2025;14:30;332.14;332.14;331.40;331.40;331.77;211582;0
07.09.2025;14:45;331.40;331.65;329.68;330.91;330.66;1367175;0
07.09.2025;15:00;330.66;332.88;330.66;331.65;331.77;187844;0
07.09.2025;15:15;331.65;332.39;331.16;331.16;331.77;252129;0
07.09.2025;15:30;331.16;332.88;331.16;332.88;332.02;309456;0
07.09.2025;15:45;333.12;333.86;330.42;332.88;332.14;1458086;0
07.09.2025;16:00;333.12;336.08;332.63;334.35;334.35;742495;0
07.09.2025;16:15;334.85;335.58;334.35;334.60;334.97;255250;0
07.09.2025;16:30;334.35;335.58;334.35;335.09;334.97;543024;0
07.09.2025;16:45;334.85;334.85;333.37;333.37;334.11;875237;0
07.09.2025;17:00;334.35;334.60;333.12;334.60;333.86;1791040;0
07.09.2025;17:15;334.11;334.11;331.65;333.62;332.88;1308447;0
07.09.2025;17:30;333.37;334.11;333.37;334.11;333.74;157624;0
07.09.2025;17:45;334.11;336.57;334.11;335.09;335.34;2642696;0
07.09.2025;18:00;335.58;337.55;335.09;337.55;336.32;792929;0
10.09.2025;10:00;337.55;344.19;337.55;344.19;340.87;8281598;0
10.09.2025;10:15;344.19;344.19;341.00;342.96;342.60;2173497;0
10.09.2025;10:30;342.96;342.96;341.00;341.98;341.98;856450;0
10.09.2025;10:45;341.98;342.47;340.75;340.75;341.61;983495;0
10.09.2025;11:00;340.75;342.23;340.75;341.73;341.49;695340;0
10.09.2025;11:15;341.49;341.98;340.50;340.75;341.24;538410;0
10.09.2025;11:30;340.75;341.24;340.26;341.24;340.75;366591;0
10.09.2025;11:45;341.49;341.98;341.49;341.73;341.73;782853;0
10.09.2025;12:00;341.98;341.98;340.75;340.75;341.37;1293559;0
10.09.2025;12:15;340.75;341.24;340.50;340.50;340.87;120510;0
10.09.2025;12:30;340.50;341.49;340.01;341.24;340.75;1323465;0
10.09.2025;12:45;341.73;341.98;341.24;341.49;341.61;358678;0
10.09.2025;13:00;341.24;341.49;340.50;341.00;341.00;499225;0
10.09.2025;13:15;341.00;341.73;341.00;341.24;341.37;647349;0
10.09.2025;13:30;341.24;341.49;340.75;341.24;341.12;305403;0
10.09.2025;13:45;340.75;341.49;340.50;341.24;341.00;321958;0
10.09.2025;14:00;340.75;341.00;340.50;340.75;340.75;703432;0
10.09.2025;14:15;341.00;341.73;341.00;341.24;341.37;351654;0
10.09.2025;14:30;341.24;341.24;340.26;340.26;340.75;2061201;0
10.09.2025;14:45;340.01;340.01;338.04;338.78;339.03;1226004;0
10.09.2025;15:00;338.78;338.78;337.80;338.29;338.29;791580;0
10.09.2025;15:15;338.29;338.29;337.55;338.04;337.92;2566591;0
10.09.2025;15:30;338.04;338.04;337.31;337.31;337.67;572290;0
10.09.2025;15:45;337.55;338.04;337.06;337.80;337.55;300761;0
10.09.2025;16:00;337.80;337.80;337.31;337.80;337.55;338350;0
10.09.2025;16:15;337.80;338.78;337.31;337.80;338.04;982438;0
10.09.2025;16:30;337.80;338.54;337.55;338.54;338.04;302454;0
10.09.2025;16:45;338.54;339.52;338.54;338.78;339.03;277848;0
10.09.2025;17:00;338.78;339.27;338.04;339.03;338.66;679558;0
10.09.2025;17:15;338.78;339.52;338.04;338.78;338.78;732780;0
10.09.2025;17:30;339.03;339.52;338.78;339.03;339.15;519475;0
10.09.2025;17:45;339.27;339.27;337.55;338.04;338.41;1459292;0
10.09.2025;18:00;338.04;338.54;337.31;337.55;337.92;660610;0
11.09.2025;10:00;334.85;336.08;330.66;333.86;333.37;3364849;0
11.09.2025;10:15;333.37;335.09;333.12;334.35;334.11;1745381;0
11.09.2025;10:30;334.35;334.85;333.12;333.62;333.98;2648982;0
11.09.2025;10:45;333.12;334.35;333.12;333.62;333.74;1304296;0
11.09.2025;11:00;333.37;334.11;332.14;333.86;333.12;583873;0
11.09.2025;11:15;334.11;335.09;333.62;335.09;334.35;538164;0
11.09.2025;11:30;335.09;335.09;334.11;334.35;334.60;432941;0
11.09.2025;11:45;334.60;336.32;334.60;335.09;335.46;634095;0
11.09.2025;12:00;335.09;335.58;333.86;335.09;334.72;612711;0
11.09.2025;12:15;334.85;335.34;334.11;334.35;334.72;454391;0
11.09.2025;12:30;334.35;334.35;333.37;333.37;333.86;254730;0
11.09.2025;12:45;333.12;333.62;332.63;332.63;333.12;807976;0
11.09.2025;13:00;332.63;333.62;332.14;333.12;332.88;506403;0
11.09.2025;13:15;333.37;334.11;332.63;332.88;333.37;564943;0
11.09.2025;13:30;332.88;333.62;332.88;333.62;333.25;115759;0
11.09.2025;13:45;332.88;333.86;332.88;333.86;333.37;83327;0
11.09.2025;14:00;333.62;333.62;332.88;332.88;333.25;532141;0
11.09.2025;14:15;333.12;333.62;332.88;332.88;333.25;419647;0
11.09.2025;14:30;332.63;332.88;332.39;332.63;332.63;375716;0
11.09.2025;14:45;332.14;332.39;331.16;331.65;331.77;876534;0
11.09.2025;15:00;332.14;333.86;332.14;332.88;333.00;1146591;0
11.09.2025;15:15;332.88;335.34;332.88;335.34;334.11;775395;0
11.09.2025;15:30;335.34;335.34;334.35;334.35;334.85;355086;0
11.09.2025;15:45;334.11;334.60;332.88;332.88;333.74;593680;0
11.09.2025;16:00;332.63;333.37;332.39;332.39;332.88;611849;0
11.09.2025;16:15;332.63;333.37;332.39;332.88;332.88;97015;0
11.09.2025;16:30;332.63;333.12;332.63;333.12;332.88;683266;0
11.09.2025;16:45;333.12;333.37;332.63;332.88;333.00;142245;0
11.09.2025;17:00;332.88;333.12;332.39;332.39;332.75;130856;0
11.09.2025;17:15;332.63;333.62;332.39;332.88;333.00;379790;0
11.09.2025;17:30;332.88;333.62;332.63;332.63;333.12;406248;0
11.09.2025;17:45;333.62;334.11;331.65;331.89;332.88;1499929;0
11.09.2025;18:00;332.39;332.63;331.40;332.14;332.02;974943;0
12.09.2025;10:00;333.12;335.58;332.39;333.12;333.98;988249;0
12.09.2025;10:15;332.39;332.88;331.65;332.88;332.26;897280;0
12.09.2025;10:30;333.12;336.08;333.12;335.09;334.60;748886;0
12.09.2025;10:45;335.34;336.81;334.60;334.60;335.71;557401;0
12.09.2025;11:00;334.35;335.09;331.65;332.63;333.37;1159437;0
12.09.2025;11:15;332.39;333.12;329.19;332.88;331.16;4884888;0
12.09.2025;11:30;332.63;334.35;332.39;333.12;333.37;2212214;0
12.09.2025;11:45;333.12;334.35;332.14;333.62;333.25;702105;0
12.09.2025;12:00;333.62;333.62;331.89;331.89;332.75;238962;0
12.09.2025;12:15;332.14;332.63;331.40;331.40;332.02;751822;0
12.09.2025;12:30;331.40;332.63;331.40;332.39;332.02;358784;0
12.09.2025;12:45;332.14;332.14;331.16;331.16;331.65;144195;0
12.09.2025;13:00;331.40;331.65;330.66;330.66;331.16;321045;0
12.09.2025;13:15;330.66;332.39;330.42;331.65;331.40;602982;0
12.09.2025;13:30;331.89;332.39;331.89;332.39;332.14;301753;0
12.09.2025;13:45;332.63;334.60;332.14;334.11;333.37;1048730;0
12.09.2025;14:00;334.11;334.35;333.12;333.86;333.74;271082;0
12.09.2025;14:15;334.11;334.35;332.88;334.11;333.62;213534;0
12.09.2025;14:30;332.88;334.11;331.40;332.14;332.75;458847;0
12.09.2025;14:45;332.39;332.88;331.65;332.88;332.26;139430;0
12.09.2025;15:00;333.12;333.12;332.39;332.88;332.75;620262;0
12.09.2025;15:15;333.37;333.37;332.63;333.37;333.00;230862;0
12.09.2025;15:30;333.37;333.37;332.63;333.12;333.00;284387;0
12.09.2025;15:45;333.12;333.12;332.63;332.63;332.88;310647;0
12.09.2025;16:00;332.88;333.37;331.89;331.89;332.63;697590;0
12.09.2025;16:15;331.89;333.86;331.89;333.86;332.88;1132461;0
12.09.2025;16:30;333.62;333.62;332.39;333.12;333.00;255858;0
12.09.2025;16:45;333.86;334.11;333.37;333.37;333.74;134282;0
12.09.2025;17:00;333.62;333.62;332.14;332.39;332.88;184469;0
12.09.2025;17:15;332.39;333.37;331.40;331.89;332.39;1408610;0
12.09.2025;17:30;331.89;332.14;331.16;331.89;331.65;377891;0
12.09.2025;17:45;331.89;331.89;330.17;331.40;331.03;2038690;0
12.09.2025;18:00;331.16;331.89;330.91;331.40;331.40;1340591;0
13.09.2025;10:00;331.40;335.58;331.40;334.60;333.49;1302393;0
13.09.2025;10:15;335.09;337.55;334.11;334.11;335.83;2031243;0
13.09.2025;10:30;334.35;336.32;332.14;334.11;334.23;1418516;0
13.09.2025;10:45;334.11;336.08;333.86;334.11;334.97;1634183;0
13.09.2025;11:00;334.35;335.58;334.35;334.60;334.97;1021496;0
13.09.2025;11:15;334.35;336.57;333.86;335.09;335.21;1964943;0
13.09.2025;11:30;335.83;336.81;335.83;336.32;336.32;1426220;0
13.09.2025;11:45;336.81;338.78;336.32;338.04;337.55;1972951;0
13.09.2025;12:00;338.29;338.29;336.08;336.08;337.18;828830;0
13.09.2025;12:15;336.08;337.06;336.08;336.57;336.57;419615;0
13.09.2025;12:30;336.57;336.57;335.58;336.08;336.08;555160;0
13.09.2025;12:45;335.58;335.58;333.62;334.35;334.60;431145;0
13.09.2025;13:00;334.35;335.34;334.11;334.35;334.72;1004956;0
13.09.2025;13:15;334.60;335.09;334.60;334.60;334.85;89108;0
13.09.2025;13:30;334.60;334.60;333.62;333.62;334.11;532735;0
13.09.2025;13:45;334.11;334.35;333.62;333.86;333.98;312077;0
13.09.2025;14:00;333.86;333.86;333.37;333.86;333.62;219010;0
13.09.2025;14:15;333.62;333.62;331.65;331.65;332.63;2646826;0
13.09.2025;14:30;331.65;331.65;329.68;330.66;330.66;1303343;0
13.09.2025;14:45;330.42;330.42;328.69;330.17;329.56;506583;0
13.09.2025;15:00;329.93;329.93;328.94;329.43;329.43;120493;0
13.09.2025;15:15;329.68;329.68;328.94;329.19;329.31;379055;0
13.09.2025;15:30;329.19;329.19;328.69;329.19;328.94;150132;0
13.09.2025;15:45;329.19;329.43;328.94;329.19;329.19;188727;0
13.09.2025;16:00;328.94;330.17;328.69;330.17;329.43;306268;0
13.09.2025;16:15;330.17;331.16;329.68;331.16;330.42;1242384;0
13.09.2025;16:30;330.91;330.91;329.19;329.68;330.05;659437;0
13.09.2025;16:45;329.68;330.17;328.94;329.19;329.56;255402;0
13.09.2025;17:00;329.19;329.68;328.20;328.94;328.94;760206;0
13.09.2025;17:15;328.69;328.94;327.71;328.20;328.33;972659;0
13.09.2025;17:30;328.20;329.19;328.20;329.19;328.69;206243;0
13.09.2025;17:45;328.69;329.93;328.69;328.69;329.31;998900;0
13.09.2025;18:00;328.69;330.66;327.71;330.42;329.19;494320;0
14.09.2025;10:00;330.42;331.40;328.20;329.68;329.80;1233847;0
14.09.2025;10:15;329.43;331.16;329.43;330.42;330.29;743448;0
14.09.2025;10:30;330.42;330.42;328.45;329.19;329.43;410949;0
14.09.2025;10:45;329.68;330.17;328.94;328.94;329.56;423706;0
14.09.2025;11:00;329.68;330.42;327.96;329.93;329.19;1053721;0
14.09.2025;11:15;329.19;329.19;328.45;329.19;328.82;323515;0
14.09.2025;11:30;329.19;329.93;328.69;329.19;329.31;261933;0
14.09.2025;11:45;328.69;328.69;327.71;327.71;328.20;457170;0
14.09.2025;12:00;327.96;327.96;326.97;327.22;327.46;362852;0
14.09.2025;12:15;327.22;327.96;327.22;327.96;327.59;313624;0
14.09.2025;12:30;328.20;328.45;328.20;328.20;328.33;94714;0
14.09.2025;12:45;327.96;327.96;327.46;327.71;327.71;350123;0
14.09.2025;13:00;327.71;327.71;327.71;327.71;327.71;333;0
14.09.2025;13:15;327.71;327.96;327.22;327.96;327.59;145115;0
14.09.2025;13:30;327.96;328.20;327.96;328.20;328.08;102027;0
14.09.2025;13:45;328.20;328.45;327.71;327.71;328.08;297251;0
14.09.2025;14:00;328.20;328.45;327.22;327.71;327.83;160826;0
14.09.2025;14:15;327.71;328.94;327.22;328.69;328.08;1076370;0
14.09.2025;14:30;328.45;328.45;326.97;327.71;327.71;443786;0
14.09.2025;14:45;327.96;328.20;327.46;327.46;327.83;443163;0
14.09.2025;15:00;327.71;327.71;326.73;327.46;327.22;412867;0
14.09.2025;15:15;327.46;327.71;327.22;327.71;327.46;147698;0
14.09.2025;15:30;327.71;327.96;327.46;327.46;327.71;83252;0
14.09.2025;15:45;327.22;328.20;326.97;327.96;327.59;249142;0
14.09.2025;16:00;327.71;327.71;326.97;327.46;327.34;151355;0
14.09.2025;16:15;327.22;327.22;325.74;325.99;326.48;194200;0
14.09.2025;16:30;325.74;326.97;324.76;326.97;325.87;518327;0
14.09.2025;16:45;326.48;326.73;326.48;326.48;326.60;126067;0
14.09.2025;17:00;326.48;327.22;324.76;325.50;325.99;990047;0
14.09.2025;17:15;325.74;325.74;325.25;325.25;325.50;908266;0
14.09.2025;17:30;325.50;326.48;325.25;325.50;325.87;880085;0
14.09.2025;17:45;325.50;326.23;324.76;325.00;325.50;1041525;0
14.09.2025;18:00;325.00;325.00;323.04;323.04;324.02;389995;0
17.09.2025;10:00;318.85;322.79;318.36;320.58;320.58;3351349;0
17.09.2025;10:15;320.33;321.31;318.85;321.07;320.08;978333;0
17.09.2025;10:30;321.07;324.76;321.07;324.02;322.91;1847719;0
17.09.2025;10:45;324.76;324.76;322.05;324.51;323.41;800185;0
17.09.2025;11:00;324.02;324.51;322.05;322.05;323.28;262431;0
17.09.2025;11:15;322.54;323.04;322.05;323.04;322.54;248851;0
17.09.2025;11:30;322.79;322.79;321.07;322.30;321.93;560535;0
17.09.2025;11:45;322.05;322.05;321.56;321.81;321.81;143291;0
17.09.2025;12:00;321.56;321.81;320.82;321.81;321.31;112001;0
17.09.2025;12:15;321.81;322.30;321.07;321.56;321.68;1309469;0
17.09.2025;12:30;321.31;322.05;321.07;322.05;321.56;502070;0
17.09.2025;12:45;321.81;322.05;321.07;321.56;321.56;455364;0
17.09.2025;13:00;321.31;321.31;319.10;320.08;320.21;1408295;0
17.09.2025;13:15;320.08;320.08;319.84;320.08;319.96;196627;0
17.09.2025;13:30;319.84;320.33;318.85;319.35;319.59;825999;0
17.09.2025;13:45;319.35;319.84;318.85;319.84;319.35;201836;0
17.09.2025;14:00;319.84;319.84;319.10;319.35;319.47;1184898;0
17.09.2025;14:15;319.35;319.35;318.85;318.85;319.10;103734;0
17.09.2025;14:30;318.85;319.59;318.61;319.59;319.10;106052;0
17.09.2025;14:45;319.59;320.58;319.35;320.08;319.96;1081386;0
17.09.2025;15:00;319.84;320.08;319.84;320.08;319.96;81252;0
17.09.2025;15:15;319.84;320.08;319.10;319.10;319.59;302690;0
17.09.2025;15:30;318.85;318.85;317.13;318.12;317.99;486778;0
17.09.2025;15:45;318.36;318.85;318.12;318.85;318.48;64066;0
17.09.2025;16:00;318.85;318.85;318.12;318.36;318.48;132981;0
17.09.2025;16:15;318.12;318.61;318.12;318.12;318.36;209877;0
17.09.2025;16:30;317.87;318.85;316.89;318.12;317.87;1291031;0
17.09.2025;16:45;318.12;318.61;317.87;318.61;318.24;953715;0
17.09.2025;17:00;318.61;318.61;317.38;318.36;317.99;322833;0
17.09.2025;17:15;318.36;318.36;315.90;316.15;317.13;1488390;0
17.09.2025;17:30;316.64;316.89;315.90;315.90;316.39;241562;0
17.09.2025;17:45;315.41;315.90;314.43;315.16;315.16;1342882;0
17.09.2025;18:00;315.16;315.41;314.67;315.41;315.04;363015;0
18.09.2025;10:00;318.85;321.31;314.18;314.43;317.75;1914310;0
18.09.2025;10:15;315.16;316.89;314.43;315.16;315.66;1431656;0
18.09.2025;10:30;315.16;315.16;312.46;312.95;313.81;2743993;0
18.09.2025;10:45;312.95;313.44;311.96;312.46;312.70;1899739;0
18.09.2025;11:00;312.46;313.44;312.21;313.20;312.83;310870;0
18.09.2025;11:15;313.20;313.44;312.21;312.70;312.83;823685;0
18.09.2025;11:30;312.70;313.20;312.21;312.46;312.70;549694;0
18.09.2025;11:45;312.46;312.95;312.46;312.70;312.70;85102;0
18.09.2025;12:00;312.46;313.20;311.96;312.95;312.58;1121759;0
18.09.2025;12:15;313.20;313.69;311.96;311.96;312.83;346730;0
18.09.2025;12:30;312.46;312.46;312.21;312.21;312.33;187823;0
18.09.2025;12:45;312.21;312.21;310.98;311.47;311.60;1098800;0
18.09.2025;13:00;311.47;312.46;311.47;312.46;311.96;359887;0
18.09.2025;13:15;312.21;312.21;311.47;311.72;311.84;189154;0
18.09.2025;13:30;311.47;311.72;310.24;310.24;310.98;285347;0
18.09.2025;13:45;310.49;310.98;310.00;310.00;310.49;223143;0
18.09.2025;14:00;310.00;310.24;309.75;310.24;310.00;483532;0
18.09.2025;14:15;310.49;311.23;310.00;311.23;310.61;402581;0
18.09.2025;14:30;310.49;310.98;309.75;310.98;310.37;360035;0
18.09.2025;14:45;310.98;310.98;310.00;310.00;310.49;543524;0
18.09.2025;15:00;310.00;310.24;309.50;310.00;309.87;470648;0
18.09.2025;15:15;310.24;310.73;310.24;310.24;310.49;41614;0
18.09.2025;15:30;310.00;310.73;309.75;310.00;310.24;226391;0
18.09.2025;15:45;309.75;310.49;309.75;310.00;310.12;64577;0
18.09.2025;16:00;310.49;310.49;310.00;310.00;310.24;76552;0
18.09.2025;16:15;310.00;310.98;309.26;310.00;310.12;471768;0
18.09.2025;16:30;309.75;310.00;309.75;310.00;309.87;935920;0
18.09.2025;16:45;310.49;310.98;310.00;310.00;310.49;748934;0
18.09.2025;17:00;310.98;310.98;310.00;310.73;310.49;448558;0
18.09.2025;17:15;310.00;311.96;309.75;310.98;310.86;822884;0
18.09.2025;17:30;310.98;311.23;310.00;310.49;310.61;803121;0
18.09.2025;17:45;310.00;310.24;307.78;309.01;309.01;1934972;0
18.09.2025;18:00;309.26;310.49;308.03;308.77;309.26;1040514;0
21.09.2025;10:00;310.00;311.23;308.27;310.24;309.75;1186830;0
21.09.2025;10:15;310.49;310.49;309.26;309.50;309.87;617211;0
21.09.2025;10:30;309.26;309.75;308.03;309.50;308.89;1042342;0
21.09.2025;10:45;309.50;309.75;308.27;308.27;309.01;490885;0
21.09.2025;11:00;308.77;309.01;308.03;308.03;308.52;222994;0
21.09.2025;11:15;308.03;308.03;306.80;306.80;307.41;449359;0
21.09.2025;11:30;307.29;307.78;306.06;306.06;306.92;562113;0
21.09.2025;11:45;306.31;307.54;306.31;307.29;306.92;236777;0
21.09.2025;12:00;307.29;307.54;306.80;307.54;307.17;187476;0
21.09.2025;12:15;307.54;308.27;307.29;308.27;307.78;179197;0
21.09.2025;12:30;308.27;308.52;307.04;307.29;307.78;412454;0
21.09.2025;12:45;308.03;308.03;306.80;306.80;307.41;445937;0
21.09.2025;13:00;306.55;307.04;306.55;306.80;306.80;263948;0
21.09.2025;13:15;306.80;307.04;306.55;307.04;306.80;235836;0
21.09.2025;13:30;306.80;306.80;306.31;306.31;306.55;159469;0
21.09.2025;13:45;306.31;307.04;306.31;306.55;306.68;54533;0
21.09.2025;14:00;306.55;306.55;306.31;306.31;306.43;133548;0
21.09.2025;14:15;306.31;307.29;305.32;306.80;306.31;453465;0
21.09.2025;14:30;307.54;308.27;307.54;308.03;307.91;292199;0
21.09.2025;14:45;308.03;309.50;308.03;309.01;308.77;263458;0
21.09.2025;15:00;309.01;310.00;309.01;309.75;309.50;280943;0
21.09.2025;15:15;309.50;310.98;309.50;310.73;310.24;894705;0
21.09.2025;15:30;310.98;312.21;310.98;311.96;311.60;769130;0
21.09.2025;15:45;311.96;312.70;311.72;312.70;312.21;414998;0
21.09.2025;16:00;312.70;313.93;312.70;312.95;313.32;1048261;0
21.09.2025;16:15;313.44;316.15;313.44;315.16;314.79;1236175;0
21.09.2025;16:30;315.16;315.16;314.18;314.18;314.67;807797;0
21.09.2025;16:45;314.18;314.92;313.69;313.69;314.30;319560;0
21.09.2025;17:00;313.69;313.93;312.46;312.95;313.20;1187096;0
21.09.2025;17:15;313.20;313.93;312.95;312.95;313.44;530032;0
21.09.2025;17:30;313.20;313.93;312.70;312.95;313.32;693511;0
21.09.2025;17:45;312.95;313.69;305.08;312.46;309.38;1013221;0
21.09.2025;18:00;312.95;312.95;311.47;311.47;312.21;283809;0
22.09.2025;10:00;311.47;314.43;311.47;314.18;312.95;851870;0
22.09.2025;10:15;313.44;313.44;311.96;312.95;312.70;883102;0
22.09.2025;10:30;312.95;313.44;311.47;311.47;312.46;287771;0
22.09.2025;10:45;311.96;311.96;310.24;310.24;311.10;586345;0
22.09.2025;11:00;310.24;310.49;309.75;309.75;310.12;251825;0
22.09.2025;11:15;310.24;310.24;309.75;310.00;310.00;436518;0
22.09.2025;11:30;310.00;310.00;309.26;309.75;309.63;232304;0
22.09.2025;11:45;309.75;310.73;309.50;310.73;310.12;291916;0
22.09.2025;12:00;310.73;310.73;308.03;309.01;309.38;1340077;0
22.09.2025;12:15;309.26;309.50;308.77;309.01;309.14;341343;0
22.09.2025;12:30;309.01;309.01;307.04;307.78;308.03;315180;0
22.09.2025;12:45;307.78;308.77;307.54;308.03;308.15;379347;0
22.09.2025;13:00;308.27;309.01;307.78;308.77;308.40;105259;0
22.09.2025;13:15;308.52;309.01;308.27;308.77;308.64;205382;0
22.09.2025;13:30;309.01;309.26;309.01;309.26;309.14;134132;0
22.09.2025;13:45;309.26;309.50;308.77;309.01;309.14;257562;0
22.09.2025;14:00;309.01;309.75;309.01;309.50;309.38;116276;0
22.09.2025;14:15;309.50;310.00;309.26;309.26;309.63;203732;0
22.09.2025;14:30;309.26;310.73;309.26;310.00;310.00;419572;0
22.09.2025;14:45;310.00;310.00;309.50;309.75;309.75;121404;0
22.09.2025;15:00;309.75;312.46;309.26;310.24;310.86;1639360;0
22.09.2025;15:15;310.49;311.96;310.24;311.96;311.10;578885;0
22.09.2025;15:30;311.96;313.44;310.73;312.95;312.09;1004900;0
22.09.2025;15:45;312.95;313.69;312.46;313.44;313.07;435522;0
22.09.2025;16:00;313.20;313.20;311.47;311.72;312.33;933706;0
22.09.2025;16:15;312.46;315.16;312.46;313.20;313.81;1199070;0
22.09.2025;16:30;313.20;313.44;312.46;312.95;312.95;193174;0
22.09.2025;16:45;312.95;312.95;312.21;312.95;312.58;187748;0
22.09.2025;17:00;312.70;313.20;311.72;311.96;312.46;705082;0
22.09.2025;17:15;312.21;314.92;311.72;314.92;313.32;1752242;0
22.09.2025;17:30;315.16;315.66;312.95;312.95;314.30;1806046;0
22.09.2025;17:45;312.95;313.93;312.70;313.44;313.32;917730;0
22.09.2025;18:00;313.69;314.67;312.46;314.67;313.56;710037;0
23.09.2025;10:00;315.41;318.12;312.70;313.93;315.41;1568302;0
23.09.2025;10:15;313.44;316.39;312.95;316.15;314.67;871747;0
23.09.2025;10:30;315.90;315.90;312.95;313.20;314.43;809448;0
23.09.2025;10:45;313.44;313.69;312.95;313.44;313.32;171292;0
23.09.2025;11:00;313.44;313.44;312.95;313.20;313.20;118977;0
23.09.2025;11:15;313.20;313.20;311.23;311.23;312.21;489114;0
23.09.2025;11:30;311.47;312.70;311.23;312.46;311.96;552196;0
23.09.2025;11:45;312.46;312.46;312.21;312.46;312.33;112656;0
23.09.2025;12:00;312.46;312.70;312.21;312.70;312.46;143498;0
23.09.2025;12:15;311.96;312.70;310.98;311.96;311.84;446621;0
23.09.2025;12:30;311.96;312.21;311.72;311.72;311.96;143305;0
23.09.2025;12:45;311.72;312.46;311.72;312.46;312.09;59908;0
23.09.2025;13:00;312.46;312.95;312.21;312.70;312.58;183626;0
23.09.2025;13:15;313.20;313.20;312.21;312.21;312.70;33962;0
23.09.2025;13:30;312.21;312.46;311.47;311.96;311.96;278662;0
23.09.2025;13:45;311.96;312.70;311.96;312.46;312.33;118444;0
23.09.2025;14:00;312.46;312.46;311.47;311.47;311.96;128274;0
23.09.2025;14:15;311.47;311.96;311.47;311.96;311.72;190584;0
23.09.2025;14:30;311.96;311.96;311.47;311.47;311.72;67179;0
23.09.2025;14:45;311.96;312.21;311.72;311.72;311.96;99849;0
23.09.2025;15:00;311.96;311.96;310.98;310.98;311.47;337912;0
23.09.2025;15:15;310.73;312.21;310.73;311.96;311.47;317221;0
23.09.2025;15:30;311.72;311.72;310.49;310.98;311.10;611242;0
23.09.2025;15:45;311.47;311.47;310.98;310.98;311.23;509936;0
23.09.2025;16:00;311.72;312.21;310.00;310.49;311.10;310689;0
23.09.2025;16:15;310.49;310.98;310.49;310.98;310.73;400786;0
23.09.2025;16:30;310.73;311.47;310.73;310.98;311.10;99918;0
23.09.2025;16:45;310.73;310.98;310.49;310.73;310.73;280910;0
23.09.2025;17:00;310.73;311.47;310.49;310.98;310.98;156740;0
23.09.2025;17:15;310.98;312.46;310.98;311.47;311.72;838450;0
23.09.2025;17:30;311.47;311.72;310.98;310.98;311.35;180343;0
23.09.2025;17:45;310.98;310.98;310.00;310.00;310.49;864664;0
23.09.2025;18:00;309.75;310.00;308.27;308.27;309.14;1151902;0
26.09.2025;10:00;308.52;313.20;308.52;311.72;310.86;1201998;0
26.09.2025;10:15;310.98;311.72;309.50;309.75;310.61;791970;0
26.09.2025;10:30;309.75;310.49;309.01;309.26;309.75;196612;0
26.09.2025;10:45;309.26;309.50;308.52;308.52;309.01;1204396;0
26.09.2025;11:00;308.52;310.00;308.52;309.75;309.26;315438;0
26.09.2025;11:15;309.75;309.75;308.77;309.50;309.26;194073;0
26.09.2025;11:30;309.50;309.50;308.77;309.01;309.14;164264;0
26.09.2025;11:45;309.01;309.01;308.52;308.77;308.77;876354;0
26.09.2025;12:00;308.77;309.01;308.52;308.77;308.77;176841;0
26.09.2025;12:15;309.01;309.26;309.01;309.26;309.14;63155;0
26.09.2025;12:30;309.26;309.26;308.52;308.77;308.89;62460;0
26.09.2025;12:45;308.77;308.77;308.27;308.27;308.52;134732;0
26.09.2025;13:00;308.77;309.26;308.77;308.77;309.01;488987;0
26.09.2025;13:15;308.77;309.01;308.27;308.52;308.64;325823;0
26.09.2025;13:30;308.52;309.01;308.52;308.52;308.77;35113;0
26.09.2025;13:45;308.77;308.77;307.78;308.27;308.27;252739;0
26.09.2025;14:00;308.27;308.27;307.04;307.54;307.66;702348;0
26.09.2025;14:15;307.54;307.78;307.04;307.29;307.41;84604;0
26.09.2025;14:30;307.29;307.54;305.08;305.81;306.31;642421;0
26.09.2025;14:45;306.06;306.31;305.81;305.81;306.06;336361;0
26.09.2025;15:00;306.06;306.06;304.83;305.32;305.45;522579;0
26.09.2025;15:15;305.32;305.32;304.83;305.32;305.08;194052;0
26.09.2025;15:30;305.08;305.57;305.08;305.57;305.32;931666;0
26.09.2025;15:45;305.57;306.06;305.57;305.81;305.81;324282;0
26.09.2025;16:00;306.06;306.31;305.81;306.31;306.06;105125;0
26.09.2025;16:15;305.81;306.31;305.81;305.81;306.06;41028;0
26.09.2025;16:30;305.57;305.81;304.09;304.83;304.95;781252;0
26.09.2025;16:45;304.83;305.57;303.60;305.57;304.58;436814;0
26.09.2025;17:00;305.57;305.81;304.34;304.58;305.08;418434;0
26.09.2025;17:15;304.58;305.08;304.34;304.34;304.71;738523;0
26.09.2025;17:30;304.34;304.83;303.85;304.09;304.34;319682;0
26.09.2025;17:45;304.09;304.09;303.11;304.09;303.60;635021;0
26.09.2025;18:00;303.60;304.58;303.11;304.58;303.85;967355;0
27.09.2025;10:00;305.57;305.57;302.12;302.12;303.85;1046994;0
27.09.2025;10:15;302.86;305.08;302.37;304.83;303.72;1034339;0
27.09.2025;10:30;304.58;304.58;303.35;303.35;303.97;428177;0
27.09.2025;10:45;303.85;303.85;302.62;303.35;303.23;178852;0
27.09.2025;11:00;303.60;304.34;303.35;304.09;303.85;951343;0
27.09.2025;11:15;304.34;304.34;303.11;303.60;303.72;1021911;0
27.09.2025;11:30;303.60;304.09;303.35;303.35;303.72;370883;0
27.09.2025;11:45;303.35;303.85;303.11;303.85;303.48;189247;0
27.09.2025;12:00;303.85;304.34;302.86;304.34;303.60;762402;0
27.09.2025;12:15;304.58;305.32;304.58;304.58;304.95;321256;0
27.09.2025;12:30;305.08;307.04;305.08;305.57;306.06;1465940;0
27.09.2025;12:45;305.81;306.55;305.57;305.81;306.06;896265;0
27.09.2025;13:00;305.81;307.54;305.81;307.54;306.68;1096468;0
27.09.2025;13:15;307.54;307.54;306.80;307.29;307.17;498700;0
27.09.2025;13:30;307.29;307.54;306.80;307.29;307.17;210639;0
27.09.2025;13:45;307.54;308.03;307.54;308.03;307.78;270828;0
27.09.2025;14:00;307.78;308.52;307.54;308.27;308.03;465210;0
27.09.2025;14:15;307.54;307.54;306.80;306.80;307.17;397053;0
27.09.2025;14:30;306.80;307.29;306.80;307.04;307.04;609057;0
27.09.2025;14:45;307.29;307.29;306.31;307.04;306.80;622990;0
27.09.2025;15:00;306.55;306.55;306.06;306.31;306.31;175591;0
27.09.2025;15:15;306.31;306.55;305.57;305.81;306.06;152121;0
27.09.2025;15:30;305.81;306.06;305.08;305.08;305.57;175048;0
27.09.2025;15:45;304.83;305.08;304.83;305.08;304.95;160478;0
27.09.2025;16:00;305.08;306.31;305.08;305.57;305.69;475481;0
27.09.2025;16:15;305.57;307.29;305.57;306.55;306.43;564740;0
27.09.2025;16:30;306.55;306.55;305.81;306.31;306.18;70297;0
27.09.2025;16:45;306.31;306.31;305.08;305.08;305.69;405901;0
27.09.2025;17:00;305.57;305.81;305.08;305.08;305.45;41255;0
27.09.2025;17:15;305.08;305.08;303.85;303.85;304.46;219159;0
27.09.2025;17:30;303.85;305.32;303.60;304.83;304.46;441521;0
27.09.2025;17:45;304.83;305.57;303.60;304.58;304.58;588288;0
27.09.2025;18:00;304.34;305.57;303.60;304.83;304.58;937333;0
28.09.2025;10:00;305.08;305.08;302.12;303.85;303.60;1387931;0
28.09.2025;10:15;303.35;305.32;303.11;304.58;304.21;592675;0
28.09.2025;10:30;305.08;306.06;304.83;304.83;305.45;298151;0
28.09.2025;10:45;304.83;304.83;303.85;304.58;304.34;475538;0
28.09.2025;11:00;304.58;305.32;304.58;305.32;304.95;111541;0
28.09.2025;11:15;305.32;305.32;304.58;304.58;304.95;296325;0
28.09.2025;11:30;305.08;305.32;304.58;305.08;304.95;173915;0
28.09.2025;11:45;305.08;305.08;303.85;304.58;304.46;854122;0
28.09.2025;12:00;304.58;305.08;304.58;304.58;304.83;282004;0
28.09.2025;12:15;305.08;305.81;304.34;304.83;305.08;687911;0
28.09.2025;12:30;304.83;305.08;304.34;304.83;304.71;332246;0
28.09.2025;12:45;304.83;305.08;304.34;304.83;304.71;190217;0
28.09.2025;13:00;304.58;304.58;302.86;302.86;303.72;429973;0
28.09.2025;13:15;303.35;303.60;302.86;303.60;303.23;431943;0
28.09.2025;13:30;303.60;303.60;303.11;303.35;303.35;123614;0
28.09.2025;13:45;303.60;303.60;302.86;302.86;303.23;108080;0
28.09.2025;14:00;302.86;303.11;302.86;302.86;302.98;75740;0
28.09.2025;14:15;303.11;303.11;302.62;302.86;302.86;267634;0
28.09.2025;14:30;302.86;303.11;302.37;303.11;302.74;523294;0
28.09.2025;14:45;302.86;303.11;302.62;302.86;302.86;80323;0
28.09.2025;15:00;302.86;302.86;302.12;302.86;302.49;734396;0
28.09.2025;15:15;302.86;302.86;301.14;301.63;302.00;858997;0
28.09.2025;15:30;301.63;301.88;300.89;301.14;301.39;370210;0
28.09.2025;15:45;301.14;301.14;300.40;300.40;300.77;522360;0
28.09.2025;16:00;300.40;301.63;299.42;299.66;300.52;1110618;0
28.09.2025;16:15;299.91;300.40;299.42;299.66;299.91;307039;0
28.09.2025;16:30;299.66;300.65;299.66;300.16;300.16;508304;0
28.09.2025;16:45;300.16;300.89;300.16;300.89;300.52;369186;0
28.09.2025;17:00;300.40;300.89;299.66;300.65;300.28;736558;0
28.09.2025;17:15;300.65;300.65;299.17;299.42;299.91;607946;0
28.09.2025;17:30;299.91;299.91;299.17;299.42;299.54;269139;0
28.09.2025;17:45;299.42;299.91;298.68;299.17;299.29;1433987;0
28.09.2025;18:00;299.17;299.17;298.93;298.93;299.05;1028536;0
29.09.2025;10:00;299.42;302.62;299.42;302.12;301.02;658070;0
29.09.2025;10:15;302.12;303.11;301.39;302.86;302.25;854337;0
29.09.2025;10:30;302.86;303.60;302.62;302.86;303.11;1540239;0
29.09.2025;10:45;302.86;303.11;300.16;300.16;301.63;757678;0
29.09.2025;11:00;301.14;301.63;300.65;300.65;301.14;117501;0
29.09.2025;11:15;300.89;301.39;300.65;301.14;301.02;152365;0
29.09.2025;11:30;300.89;301.14;300.40;300.40;300.77;356244;0
29.09.2025;11:45;300.65;301.14;299.66;299.91;300.40;457087;0
29.09.2025;12:00;299.91;300.40;299.66;299.91;300.03;264632;0
29.09.2025;12:15;300.40;300.40;299.91;300.16;300.16;385227;0
29.09.2025;12:30;300.40;300.40;299.66;299.91;300.03;289385;0
29.09.2025;12:45;300.16;300.16;299.42;299.91;299.79;263752;0
29.09.2025;13:00;299.66;300.65;299.42;300.65;300.03;192731;0
29.09.2025;13:15;300.65;301.14;300.16;300.89;300.65;100503;0
29.09.2025;13:30;300.40;300.40;299.91;299.91;300.16;134190;0
29.09.2025;13:45;299.91;300.65;299.91;299.91;300.28;80245;0
29.09.2025;14:00;299.91;300.40;299.91;300.16;300.16;107066;0
29.09.2025;14:15;299.66;300.65;298.43;299.66;299.54;427589;0
29.09.2025;14:30;299.17;300.40;298.93;299.66;299.66;227653;0
29.09.2025;14:45;299.66;300.16;299.66;299.91;299.91;60649;0
29.09.2025;15:00;299.91;299.91;298.93;298.93;299.42;762816;0
29.09.2025;15:15;298.93;299.66;298.93;299.17;299.29;567287;0
29.09.2025;15:30;298.93;299.17;298.19;298.68;298.68;206814;0
29.09.2025;15:45;299.17;299.66;299.17;299.66;299.42;72674;0
29.09.2025;16:00;299.42;300.40;298.93;298.93;299.66;1428008;0
29.09.2025;16:15;298.93;301.14;298.43;300.89;299.79;2088046;0
29.09.2025;16:30;301.14;301.14;299.42;299.42;300.28;361982;0
29.09.2025;16:45;300.16;300.16;298.68;299.42;299.42;600886;0
29.09.2025;17:00;299.42;299.42;298.93;299.17;299.17;210478;0
29.09.2025;17:15;298.93;299.17;298.19;298.68;298.68;192982;0
29.09.2025;17:30;298.68;298.68;297.20;297.94;297.94;1076026;0
29.09.2025;17:45;297.94;300.16;297.45;300.16;298.80;3090106;0
29.09.2025;18:00;300.40;300.65;300.16;300.65;300.40;568722;0
30.09.2025;10:00;302.62;302.62;300.16;300.65;301.39;593819;0
30.09.2025;10:15;300.65;304.09;300.65;303.60;302.37;1493578;0
30.09.2025;10:30;303.60;304.09;303.35;304.09;303.72;1245831;0
30.09.2025;10:45;303.60;306.06;303.35;304.34;304.71;1897084;0
30.09.2025;11:00;304.09;304.34;302.37;302.37;303.35;313216;0
30.09.2025;11:15;303.35;303.35;302.62;303.35;302.98;672327;0
30.09.2025;11:30;303.35;303.60;302.37;303.11;302.98;322017;0
30.09.2025;11:45;302.37;302.86;302.37;302.62;302.62;196978;0
30.09.2025;12:00;302.86;302.86;301.63;302.37;302.25;131661;0
30.09.2025;12:15;302.37;302.37;302.37;302.37;302.37;11061;0
30.09.2025;12:30;301.88;302.12;301.14;301.63;301.63;113730;0
30.09.2025;12:45;301.14;301.88;301.14;301.63;301.51;127372;0
30.09.2025;13:00;301.88;302.86;301.63;302.37;302.25;280195;0
30.09.2025;13:15;302.37;302.62;302.12;302.62;302.37;128198;0
30.09.2025;13:30;302.62;302.86;301.63;302.37;302.25;67576;0
30.09.2025;13:45;302.37;302.37;302.37;302.37;302.37;3687;0
30.09.2025;14:00;301.88;301.88;301.63;301.88;301.75;44171;0
30.09.2025;14:15;301.88;302.12;301.63;301.63;301.88;2760;0
30.09.2025;14:30;301.63;301.63;300.40;300.89;301.02;590284;0
30.09.2025;14:45;301.14;301.14;300.16;300.65;300.65;297182;0
30.09.2025;15:00;300.65;300.89;300.40;300.89;300.65;261830;0
30.09.2025;15:15;300.89;305.08;300.89;301.63;302.98;355430;0
30.09.2025;15:30;301.88;311.23;301.88;303.11;306.55;5687976;0
30.09.2025;15:45;302.62;303.11;301.63;302.37;302.37;444898;0
30.09.2025;16:00;302.86;302.86;302.12;302.37;302.49;161718;0
30.09.2025;16:15;302.37;304.34;301.88;303.60;303.11;568295;0
30.09.2025;16:30;303.60;304.09;303.60;303.85;303.85;158290;0
30.09.2025;16:45;303.85;307.78;301.88;302.62;304.83;1084657;0
30.09.2025;17:00;302.37;307.78;302.12;304.83;304.95;2857901;0
30.09.2025;17:15;304.83;306.31;304.34;304.83;305.32;1377738;0
30.09.2025;17:30;304.83;305.32;304.09;305.08;304.71;593520;0
30.09.2025;17:45;305.08;311.47;304.83;311.47;308.15;3096151;0
30.09.2025;18:00;311.47;314.67;310.98;313.93;312.83;3071391;0
03.10.2025;10:00;312.95;312.95;305.08;307.54;309.01;3141153;0
03.10.2025;10:15;307.54;309.01;307.29;307.78;308.15;510311;0
03.10.2025;10:30;307.78;308.52;307.04;307.54;307.78;446392;0
03.10.2025;10:45;307.04;310.00;306.55;310.00;308.27;796355;0
03.10.2025;11:00;310.00;310.98;309.01;310.73;310.00;1294784;0
03.10.2025;11:15;310.73;316.64;310.73;313.44;313.69;4836295;0
03.10.2025;11:30;313.44;316.89;313.20;315.16;315.04;2418543;0
03.10.2025;11:45;315.16;316.64;313.20;315.16;314.92;3417227;0
03.10.2025;12:00;315.41;320.33;315.41;317.38;317.87;5620771;0
03.10.2025;12:15;317.38;322.54;317.38;321.81;319.96;6978481;0
03.10.2025;12:30;322.05;324.27;319.10;322.79;321.68;12467583;0
03.10.2025;12:45;322.79;331.89;322.79;330.66;327.34;16045665;0
03.10.2025;13:00;330.66;331.40;326.23;326.23;328.82;7775256;0
03.10.2025;13:15;326.23;328.69;323.28;324.76;325.99;4284056;0
03.10.2025;13:30;324.76;326.73;322.79;326.23;324.76;3333176;0
03.10.2025;13:45;325.99;326.23;321.81;322.54;324.02;3370165;0
03.10.2025;14:00;322.54;325.25;321.81;323.77;323.53;1393622;0
03.10.2025;14:15;324.27;324.27;322.05;323.53;323.16;1375751;0
03.10.2025;14:30;322.54;323.53;321.81;322.05;322.67;1329104;0
03.10.2025;14:45;322.05;322.05;319.59;320.58;320.82;1443895;0
03.10.2025;15:00;320.58;320.58;315.66;319.35;318.12;2902170;0
03.10.2025;15:15;319.35;319.59;317.62;317.62;318.61;1139230;0
03.10.2025;15:30;317.62;319.59;316.89;319.59;318.24;1241262;0
03.10.2025;15:45;319.59;320.82;317.62;317.62;319.22;1097099;0
03.10.2025;16:00;317.38;318.12;316.39;317.87;317.25;1610682;0
03.10.2025;16:15;317.87;318.12;302.62;312.70;310.37;4102900;0
03.10.2025;16:30;313.20;313.69;311.72;313.69;312.70;1969316;0
03.10.2025;16:45;312.95;313.44;310.73;310.98;312.09;959931;0
03.10.2025;17:00;310.98;311.47;309.01;309.75;310.24;2233174;0
03.10.2025;17:15;310.00;310.00;307.54;308.52;308.77;1951608;0
03.10.2025;17:30;308.52;308.52;306.80;306.80;307.66;703659;0
03.10.2025;17:45;307.54;307.78;305.08;305.08;306.43;2348742;0
03.10.2025;18:00;305.08;305.81;304.83;305.08;305.32;760485;0
04.10.2025;10:00;305.57;309.01;305.57;307.29;307.29;1387897;0
04.10.2025;10:15;308.03;308.77;305.57;306.06;307.17;1914300;0
04.10.2025;10:30;306.06;306.80;305.32;305.57;306.06;963675;0
04.10.2025;10:45;305.57;308.77;303.11;306.31;305.94;1958819;0
04.10.2025;11:00;305.81;308.77;305.08;308.03;306.92;1569795;0
04.10.2025;11:15;308.03;308.52;306.80;306.80;307.66;509513;0
04.10.2025;11:30;307.04;307.29;306.31;306.31;306.80;656615;0
04.10.2025;11:45;306.06;306.06;304.34;305.81;305.20;1020118;0
04.10.2025;12:00;305.32;305.57;304.58;305.08;305.08;273016;0
04.10.2025;12:15;305.08;305.32;305.08;305.32;305.20;285571;0
04.10.2025;12:30;304.83;304.83;304.58;304.83;304.71;338553;0
04.10.2025;12:45;304.83;305.32;304.09;304.34;304.71;202160;0
04.10.2025;13:00;304.09;304.09;303.35;303.85;303.72;297802;0
04.10.2025;13:15;303.85;304.09;303.11;303.35;303.60;116374;0
04.10.2025;13:30;303.35;303.85;302.12;302.37;302.98;493287;0
04.10.2025;13:45;302.37;302.62;302.12;302.37;302.37;289446;0
04.10.2025;14:00;302.62;302.62;302.37;302.62;302.49;32893;0
04.10.2025;14:15;302.62;302.62;302.37;302.37;302.49;282264;0
04.10.2025;14:30;302.62;303.35;302.37;303.35;302.86;315619;0
04.10.2025;14:45;303.35;303.35;302.62;303.35;302.98;406944;0
04.10.2025;15:00;303.35;304.09;302.12;304.09;303.11;215011;0
04.10.2025;15:15;303.85;303.85;303.11;303.60;303.48;427076;0
04.10.2025;15:30;303.60;304.09;302.37;302.62;303.23;164680;0
04.10.2025;15:45;302.62;303.85;302.37;303.60;303.11;406244;0
04.10.2025;16:00;303.35;304.58;302.86;302.86;303.72;1021020;0
04.10.2025;16:15;303.11;303.35;301.14;301.88;302.25;715488;0
04.10.2025;16:30;301.14;302.62;301.14;302.37;301.88;645231;0
04.10.2025;16:45;302.12;303.11;301.88;303.11;302.49;511301;0
04.10.2025;17:00;302.86;302.86;301.39;302.12;302.12;312123;0
04.10.2025;17:15;302.12;302.12;301.88;302.12;302.00;152199;0
04.10.2025;17:30;302.12;302.12;300.16;300.16;301.14;664015;0
04.10.2025;17:45;300.40;301.14;298.93;300.40;300.03;2199327;0
04.10.2025;18:00;299.66;300.40;299.17;299.17;299.79;435854;0
05.10.2025;10:00;302.12;306.80;301.39;303.11;304.09;1540567;0
05.10.2025;10:15;303.35;303.85;301.63;302.12;302.74;499921;0
05.10.2025;10:30;301.88;304.34;301.39;303.11;302.86;694848;0
05.10.2025;10:45;303.11;303.85;300.65;300.65;302.25;626541;0
05.10.2025;11:00;300.40;301.63;299.91;300.65;300.77;1128944;0
05.10.2025;11:15;300.16;300.16;298.93;299.42;299.54;835432;0
05.10.2025;11:30;299.66;300.40;299.42;299.91;299.91;565309;0
05.10.2025;11:45;300.16;300.65;299.42;299.42;300.03;350259;0
05.10.2025;12:00;299.66;300.65;299.17;300.65;299.91;764429;0
05.10.2025;12:15;300.16;301.14;300.16;300.65;300.65;231479;0
05.10.2025;12:30;300.89;303.60;300.89;301.63;302.25;855497;0
05.10.2025;12:45;301.63;303.35;301.39;303.35;302.37;661649;0
05.10.2025;13:00;303.35;307.54;303.35;307.04;305.45;2784979;0
05.10.2025;13:15;307.29;308.03;305.08;305.57;306.55;796288;0
05.10.2025;13:30;305.08;305.57;303.35;303.35;304.46;706680;0
05.10.2025;13:45;305.08;306.31;304.34;305.57;305.32;543434;0
05.10.2025;14:00;305.57;305.57;304.58;304.58;305.08;166615;0
05.10.2025;14:15;304.58;304.83;300.65;303.60;302.74;892583;0
05.10.2025;14:30;304.09;304.58;303.35;304.34;303.97;274233;0
05.10.2025;14:45;304.09;305.08;303.60;303.85;304.34;242154;0
05.10.2025;15:00;304.58;307.78;304.58;305.57;306.18;533416;0
05.10.2025;15:15;305.81;307.54;305.08;305.08;306.31;924539;0
05.10.2025;15:30;304.83;307.29;304.58;305.81;305.94;880227;0
05.10.2025;15:45;305.32;307.78;305.08;307.78;306.43;847929;0
05.10.2025;16:00;307.04;308.03;307.04;307.29;307.54;237506;0
05.10.2025;16:15;307.04;307.04;306.06;307.04;306.55;198666;0
05.10.2025;16:30;307.04;307.29;306.55;307.04;306.92;141609;0
05.10.2025;16:45;307.04;307.54;305.57;305.57;306.55;846200;0
05.10.2025;17:00;305.81;307.78;305.32;307.54;306.55;1010599;0
05.10.2025;17:15;307.04;307.78;306.06;307.78;306.92;298607;0
05.10.2025;17:30;306.31;306.31;305.81;305.81;306.06;253779;0
05.10.2025;17:45;306.06;306.55;305.32;305.81;305.94;529095;0
05.10.2025;18:00;305.32;305.57;303.35;303.35;304.46;538208;0
06.10.2025;10:00;300.40;306.55;300.40;306.55;303.48;937715;0
06.10.2025;10:15;306.55;307.04;305.32;305.81;306.18;886031;0
06.10.2025;10:30;305.81;305.81;304.58;304.58;305.20;784078;0
06.10.2025;10:45;304.83;305.57;304.09;304.58;304.83;340020;0
06.10.2025;11:00;304.58;304.58;300.16;304.58;302.37;763686;0
06.10.2025;11:15;304.58;304.58;303.60;304.09;304.09;163436;0
06.10.2025;11:30;304.09;305.81;303.60;305.81;304.71;1190335;0
06.10.2025;11:45;305.81;307.04;305.81;306.80;306.43;1313001;0
06.10.2025;12:00;306.06;307.54;306.06;306.80;306.80;464255;0
06.10.2025;12:15;306.80;306.80;305.57;305.57;306.18;370986;0
06.10.2025;12:30;305.32;305.32;304.34;304.58;304.83;504943;0
06.10.2025;12:45;304.34;304.58;303.60;304.34;304.09;499406;0
06.10.2025;13:00;304.34;304.58;303.60;303.60;304.09;583851;0
06.10.2025;13:15;303.60;304.34;303.35;304.34;303.85;210124;0
06.10.2025;13:30;304.34;304.34;303.60;304.34;303.97;131014;0
06.10.2025;13:45;303.60;304.58;302.86;303.35;303.72;1081468;0
06.10.2025;14:00;303.35;304.34;303.35;303.60;303.85;741771;0
06.10.2025;14:15;303.60;304.09;303.35;303.60;303.72;174230;0
06.10.2025;14:30;303.60;303.60;303.35;303.60;303.48;127349;0
06.10.2025;14:45;303.60;303.60;302.12;302.12;302.86;943555;0
06.10.2025;15:00;302.12;302.86;302.12;302.37;302.49;174798;0
06.10.2025;15:15;302.37;303.11;302.37;303.11;302.74;74190;0
06.10.2025;15:30;303.11;303.85;303.11;303.35;303.48;261420;0
06.10.2025;15:45;303.35;303.85;302.86;302.86;303.35;129370;0
06.10.2025;16:00;302.86;302.86;302.37;302.37;302.62;913507;0
06.10.2025;16:15;302.12;302.12;301.14;301.63;301.63;564153;0
06.10.2025;16:30;301.39;301.63;300.89;301.14;301.26;215426;0
06.10.2025;16:45;301.14;301.14;300.65;301.14;300.89;452806;0
06.10.2025;17:00;300.65;302.12;299.91;300.16;301.02;1100135;0
06.10.2025;17:15;300.65;300.65;299.42;299.91;300.03;907186;0
06.10.2025;17:30;299.91;300.16;298.93;299.91;299.54;1016989;0
06.10.2025;17:45;299.91;301.88;299.91;301.39;300.89;914685;0
06.10.2025;18:00;301.88;301.88;301.14;301.14;301.51;468992;0
07.10.2025;10:00;301.14;301.63;297.70;297.70;299.66;2638012;0
07.10.2025;10:15;297.94;300.40;296.71;298.68;298.56;1607968;0
07.10.2025;10:30;298.93;298.93;296.47;296.96;297.70;484598;0
07.10.2025;10:45;296.96;298.19;295.97;298.19;297.08;1615142;0
07.10.2025;11:00;298.68;298.68;294.74;295.48;296.71;1899597;0
07.10.2025;11:15;295.73;295.97;294.25;294.50;295.11;1312528;0
07.10.2025;11:30;294.50;294.50;292.53;292.77;293.51;1017682;0
07.10.2025;11:45;293.02;293.76;292.28;293.27;293.02;1026399;0
07.10.2025;12:00;293.27;293.76;292.28;292.28;293.02;593477;0
07.10.2025;12:15;292.28;292.77;291.79;292.77;292.28;499400;0
07.10.2025;12:30;293.02;294.50;292.77;294.50;293.64;742281;0
07.10.2025;12:45;294.00;294.50;293.27;293.76;293.88;198589;0
07.10.2025;13:00;293.76;297.20;293.02;296.47;295.11;1765612;0
07.10.2025;13:15;296.47;296.96;295.48;295.73;296.22;33704;0
07.10.2025;13:30;295.73;296.96;295.48;296.96;296.22;11130;0
07.10.2025;13:45;296.96;297.70;296.96;297.20;297.33;280607;0
07.10.2025;14:00;297.20;297.70;297.20;297.45;297.45;168691;0
07.10.2025;14:15;297.20;298.93;297.20;298.93;298.06;664419;0
07.10.2025;14:30;298.68;300.16;298.19;298.19;299.17;1041279;0
07.10.2025;14:45;298.19;299.17;297.70;298.43;298.43;740704;0
07.10.2025;15:00;298.68;299.42;298.19;298.19;298.80;197657;0
07.10.2025;15:15;297.94;298.68;297.70;298.68;298.19;149656;0
07.10.2025;15:30;298.68;299.91;298.68;299.66;299.29;217255;0
07.10.2025;15:45;299.66;299.66;297.94;299.42;298.80;662204;0
07.10.2025;16:00;299.42;301.39;299.42;301.39;300.40;696271;0
07.10.2025;16:15;301.14;302.62;301.14;302.12;301.88;1782170;0
07.10.2025;16:30;302.86;302.86;302.12;302.62;302.49;498037;0
07.10.2025;16:45;302.62;304.83;302.37;302.86;303.60;878218;0
07.10.2025;17:00;303.60;305.57;303.60;304.83;304.58;820157;0
07.10.2025;17:15;304.34;304.34;301.88;301.88;303.11;722568;0
07.10.2025;17:30;302.37;302.37;301.39;301.39;301.88;295545;0
07.10.2025;17:45;301.88;302.12;300.40;300.40;301.26;1155572;0
07.10.2025;18:00;300.40;300.89;299.66;299.66;300.28;648873;0
10.10.2025;10:00;301.14;304.83;301.14;303.85;302.98;1113113;0
10.10.2025;10:15;303.11;304.09;301.63;301.63;302.86;650931;0
10.10.2025;10:30;302.62;302.62;299.66;300.65;301.14;899715;0
10.10.2025;10:45;300.65;301.39;300.16;301.14;300.77;351772;0
10.10.2025;11:00;301.14;301.88;300.16;301.14;301.02;658093;0
10.10.2025;11:15;301.39;301.39;300.40;301.39;300.89;498145;0
10.10.2025;11:30;301.39;301.88;300.89;300.89;301.39;156281;0
10.10.2025;11:45;300.89;301.63;299.66;301.63;300.65;990974;0
10.10.2025;12:00;301.63;301.63;300.89;301.63;301.26;418191;0
10.10.2025;12:15;302.12;302.86;301.63;302.12;302.25;437679;0
10.10.2025;12:30;302.12;302.86;301.14;302.86;302.00;592655;0
10.10.2025;12:45;303.11;303.60;302.62;302.62;303.11;165461;0
10.10.2025;13:00;303.11;304.34;303.11;303.35;303.72;1149447;0
10.10.2025;13:15;303.85;303.85;302.12;303.85;302.98;504923;0
10.10.2025;13:30;303.85;303.85;303.35;303.35;303.60;40105;0
10.10.2025;13:45;303.60;304.09;303.11;303.11;303.60;264942;0
10.10.2025;14:00;303.11;303.85;301.63;301.63;302.74;656142;0
10.10.2025;14:15;301.63;302.12;301.63;302.12;301.88;23309;0
10.10.2025;14:30;302.12;303.35;302.12;303.11;302.74;636314;0
10.10.2025;14:45;303.35;303.60;303.11;303.60;303.35;269187;0
10.10.2025;15:00;303.60;304.83;303.60;304.34;304.21;531032;0
10.10.2025;15:15;304.83;308.03;303.85;305.32;305.94;839629;0
10.10.2025;15:30;305.08;305.57;303.60;303.60;304.58;705534;0
10.10.2025;15:45;303.60;304.09;303.35;303.35;303.72;184905;0
10.10.2025;16:00;303.35;303.35;302.62;303.11;302.98;161065;0
10.10.2025;16:15;303.35;303.60;303.35;303.35;303.48;78297;0
10.10.2025;16:30;303.35;304.83;303.35;304.58;304.09;111737;0
10.10.2025;16:45;304.58;305.32;304.34;305.32;304.83;337032;0
10.10.2025;17:00;305.32;305.81;304.83;305.08;305.32;417805;0
10.10.2025;17:15;304.83;305.32;303.85;304.09;304.58;1299804;0
10.10.2025;17:30;304.34;304.34;303.60;304.09;303.97;193281;0
10.10.2025;17:45;304.09;304.83;303.85;304.34;304.34;206435;0
10.10.2025;18:00;304.58;304.83;304.09;304.83;304.46;177941;0
11.10.2025;10:00;304.83;305.81;304.34;305.57;305.08;976968;0
11.10.2025;10:15;305.32;305.57;303.85;303.85;304.71;525593;0
11.10.2025;10:30;304.58;305.08;302.86;303.35;303.97;1296728;0
11.10.2025;10:45;303.85;304.34;303.60;303.85;303.97;213697;0
11.10.2025;11:00;303.85;304.58;303.60;303.60;304.09;345940;0
11.10.2025;11:15;303.85;304.58;303.35;303.60;303.97;329465;0
11.10.2025;11:30;303.60;304.34;303.35;303.85;303.85;410931;0
11.10.2025;11:45;304.09;304.09;303.35;303.60;303.72;344569;0
11.10.2025;12:00;303.60;304.09;303.35;304.09;303.72;168535;0
11.10.2025;12:15;304.09;304.83;303.60;303.60;304.21;693013;0
11.10.2025;12:30;303.60;304.09;303.35;303.35;303.72;119390;0
11.10.2025;12:45;303.85;303.85;303.35;303.60;303.60;424195;0
11.10.2025;13:00;303.60;305.08;303.60;304.34;304.34;340409;0
11.10.2025;13:15;304.58;305.81;304.58;305.57;305.20;291360;0
11.10.2025;13:30;305.32;306.31;305.32;305.81;305.81;664652;0
11.10.2025;13:45;305.57;306.31;305.08;305.81;305.69;337073;0
11.10.2025;14:00;305.81;305.81;305.08;305.57;305.45;176640;0
11.10.2025;14:15;305.81;305.81;304.58;304.83;305.20;456191;0
11.10.2025;14:30;305.08;305.81;304.58;304.83;305.20;670642;0
11.10.2025;14:45;304.83;305.81;304.83;305.08;305.32;225809;0
11.10.2025;15:00;305.81;305.81;305.08;305.32;305.45;140558;0
11.10.2025;15:15;305.81;307.04;305.57;305.57;306.31;612037;0
11.10.2025;15:30;305.32;305.81;305.08;305.08;305.45;94637;0
11.10.2025;15:45;305.08;305.81;305.08;305.81;305.45;178614;0
11.10.2025;16:00;305.81;306.31;305.08;306.31;305.69;179047;0
11.10.2025;16:15;306.31;307.04;306.31;306.31;306.68;355288;0
11.10.2025;16:30;306.31;306.31;305.81;306.06;306.06;293578;0
11.10.2025;16:45;306.06;307.29;306.06;306.80;306.68;467121;0
11.10.2025;17:00;306.55;306.55;304.09;304.09;305.32;891058;0
11.10.2025;17:15;304.34;306.31;304.09;306.06;305.20;774035;0
11.10.2025;17:30;306.06;306.55;305.08;305.57;305.81;491230;0
11.10.2025;17:45;305.08;305.08;304.09;304.34;304.58;633057;0
11.10.2025;18:00;304.34;305.32;304.09;305.32;304.71;414917;0
12.10.2025;10:00;304.09;307.04;304.09;305.57;305.57;1057185;0
12.10.2025;10:15;306.06;307.29;306.06;307.04;306.68;525497;0
12.10.2025;10:30;307.04;310.49;306.80;310.00;308.64;2480553;0
12.10.2025;10:45;309.50;311.47;309.50;310.49;310.49;1283302;0
12.10.2025;11:00;310.24;310.49;309.01;309.75;309.75;948644;0
12.10.2025;11:15;309.01;309.75;309.01;309.26;309.38;298797;0
12.10.2025;11:30;309.75;309.75;309.01;309.01;309.38;542622;0
12.10.2025;11:45;309.01;309.50;308.52;309.26;309.01;361475;0
12.10.2025;12:00;309.26;309.26;308.52;309.26;308.89;122333;0
12.10.2025;12:15;309.26;309.26;308.52;308.52;308.89;119195;0
12.10.2025;12:30;308.77;309.01;308.03;308.03;308.52;776899;0
12.10.2025;12:45;308.03;308.03;307.54;307.54;307.78;316307;0
12.10.2025;13:00;307.54;307.54;307.04;307.54;307.29;1009378;0
12.10.2025;13:15;307.04;307.54;306.31;307.54;306.92;744018;0
12.10.2025;13:30;307.29;307.78;307.04;307.78;307.41;168428;0
12.10.2025;13:45;307.29;307.29;306.80;307.04;307.04;238908;0
12.10.2025;14:00;306.80;307.78;306.55;307.29;307.17;342318;0
12.10.2025;14:15;307.29;314.43;307.04;310.49;310.73;15956537;0
12.10.2025;14:30;310.49;311.47;309.26;310.49;310.37;2788157;0
12.10.2025;14:45;310.73;311.96;310.24;310.24;311.10;3157396;0
12.10.2025;15:00;310.49;311.47;310.49;311.47;310.98;581184;0
12.10.2025;15:15;311.47;311.47;310.73;310.73;311.10;425415;0
12.10.2025;15:30;310.98;314.92;310.73;312.21;312.83;2773750;0
12.10.2025;15:45;312.46;312.70;311.96;311.96;312.33;257323;0
12.10.2025;16:00;311.72;311.72;309.26;309.75;310.49;1582353;0
12.10.2025;16:15;309.50;314.18;309.50;310.49;311.84;1556896;0
12.10.2025;16:30;310.49;310.73;309.26;310.24;310.00;1287271;0
12.10.2025;16:45;310.98;311.23;309.75;309.75;310.49;622117;0
12.10.2025;17:00;310.00;311.47;310.00;311.47;310.73;338213;0
12.10.2025;17:15;310.98;311.47;310.49;311.23;310.98;331789;0
12.10.2025;17:30;310.98;311.47;309.75;310.00;310.61;854630;0
12.10.2025;17:45;310.00;310.98;309.50;309.50;310.24;666183;0
12.10.2025;18:00;310.00;310.00;308.52;308.77;309.26;1600273;0
13.10.2025;10:00;307.29;312.46;307.29;310.24;309.87;1930003;0
13.10.2025;10:15;310.24;310.49;309.01;309.26;309.75;530745;0
13.10.2025;10:30;309.01;310.49;309.01;309.50;309.75;734140;0
13.10.2025;10:45;309.75;310.49;308.52;309.50;309.50;1287875;0
13.10.2025;11:00;309.01;310.24;309.01;310.24;309.63;265840;0
13.10.2025;11:15;310.00;310.24;310.00;310.00;310.12;108082;0
13.10.2025;11:30;309.50;310.00;309.50;310.00;309.75;178429;0
13.10.2025;11:45;310.00;310.00;308.77;309.50;309.38;161769;0
13.10.2025;12:00;309.75;309.75;309.01;309.50;309.38;219111;0
13.10.2025;12:15;309.26;309.75;309.26;309.26;309.50;49033;0
13.10.2025;12:30;309.26;309.75;309.26;309.26;309.50;67304;0
13.10.2025;12:45;309.26;309.50;308.27;308.27;308.89;321126;0
13.10.2025;13:00;308.52;309.50;308.27;309.50;308.89;553550;0
13.10.2025;13:15;309.50;309.50;308.52;308.52;309.01;335275;0
13.10.2025;13:30;309.26;309.26;308.52;308.77;308.89;214611;0
13.10.2025;13:45;308.77;308.77;308.52;308.52;308.64;163463;0
13.10.2025;14:00;308.77;309.75;308.52;309.75;309.14;283438;0
13.10.2025;14:15;310.00;310.49;308.77;308.77;309.63;298613;0
13.10.2025;14:30;309.26;309.75;308.77;308.77;309.26;543088;0
13.10.2025;14:45;308.77;309.50;308.77;308.77;309.14;274149;0
13.10.2025;15:00;308.52;310.24;308.52;309.50;309.38;300332;0
13.10.2025;15:15;310.00;312.21;309.26;309.26;310.73;452562;0
13.10.2025;15:30;309.26;309.26;308.77;308.77;309.01;285675;0
13.10.2025;15:45;308.77;309.26;308.52;309.26;308.89;118272;0
13.10.2025;16:00;308.77;309.01;307.78;307.78;308.40;471412;0
13.10.2025;16:15;307.78;308.27;307.78;308.03;308.03;389874;0
13.10.2025;16:30;308.03;309.01;308.03;308.27;308.52;762874;0
13.10.2025;16:45;308.27;308.52;307.54;307.54;308.03;854579;0
13.10.2025;17:00;307.78;308.03;307.54;307.54;307.78;288629;0
13.10.2025;17:15;307.54;308.03;307.29;307.54;307.66;526942;0
13.10.2025;17:30;307.78;307.78;306.55;307.04;307.17;368230;0
13.10.2025;17:45;307.04;307.29;306.55;307.29;306.92;360168;0
13.10.2025;18:00;306.55;308.03;306.31;307.29;307.17;468020;0
14.10.2025;10:00;307.54;311.23;307.54;309.75;309.38;1920900;0
14.10.2025;10:15;309.50;311.47;309.01;310.49;310.24;1993697;0
14.10.2025;10:30;310.49;311.23;310.00;311.23;310.61;1319247;0
14.10.2025;10:45;310.98;310.98;310.00;310.00;310.49;446428;0
14.10.2025;11:00;310.00;311.96;309.50;311.96;310.73;933193;0
14.10.2025;11:15;311.47;314.18;309.26;313.44;311.72;3609715;0
14.10.2025;11:30;313.44;316.39;313.44;315.90;314.92;2969022;0
14.10.2025;11:45;315.90;317.38;315.41;316.39;316.39;1938790;0
14.10.2025;12:00;316.15;316.89;315.90;316.64;316.39;1817909;0
14.10.2025;12:15;316.64;317.13;315.66;315.90;316.39;1116246;0
14.10.2025;12:30;315.66;316.15;315.41;315.41;315.78;530718;0
14.10.2025;12:45;315.16;315.41;314.18;314.92;314.79;455210;0
14.10.2025;13:00;314.92;315.16;314.18;314.18;314.67;481057;0
14.10.2025;13:15;314.18;315.16;313.93;315.16;314.55;711000;0
14.10.2025;13:30;314.92;314.92;314.43;314.43;314.67;160886;0
14.10.2025;13:45;314.92;315.16;314.43;315.16;314.79;467925;0
14.10.2025;14:00;315.16;316.15;314.92;315.66;315.53;1025817;0
14.10.2025;14:15;315.66;316.15;315.41;315.66;315.78;571308;0
14.10.2025;14:30;315.90;316.15;315.41;315.90;315.78;993635;0
14.10.2025;14:45;315.41;316.39;315.41;316.39;315.90;352480;0
14.10.2025;15:00;316.64;317.38;316.39;316.39;316.89;755164;0
14.10.2025;15:15;316.39;317.38;316.39;316.89;316.89;1092568;0
14.10.2025;15:30;316.89;319.84;316.64;319.59;318.24;3019806;0
14.10.2025;15:45;318.61;319.84;318.61;319.10;319.22;1051318;0
14.10.2025;16:00;319.10;319.10;318.61;318.61;318.85;484837;0
14.10.2025;16:15;318.85;319.35;318.36;318.85;318.85;331188;0
14.10.2025;16:30;318.85;319.84;318.61;319.84;319.22;724695;0
14.10.2025;16:45;319.59;319.59;318.61;319.35;319.10;2134197;0
14.10.2025;17:00;319.10;319.35;318.12;318.85;318.73;1640593;0
14.10.2025;17:15;318.36;318.36;317.62;317.62;317.99;558898;0
14.10.2025;17:30;317.38;317.38;316.39;317.13;316.89;593953;0
14.10.2025;17:45;317.13;318.61;317.13;318.12;317.87;815273;0
14.10.2025;18:00;318.12;319.84;318.12;319.84;318.98;757327;0
17.10.2025;10:00;319.59;321.81;319.59;320.33;320.70;1214477;0
17.10.2025;10:15;320.58;320.82;319.10;319.10;319.96;1171139;0
17.10.2025;10:30;318.85;319.35;317.87;319.35;318.61;1276862;0
17.10.2025;10:45;319.84;319.84;318.85;318.85;319.35;297443;0
17.10.2025;11:00;318.61;320.82;317.62;320.33;319.22;1251573;0
17.10.2025;11:15;319.59;320.08;318.85;318.85;319.47;955001;0
17.10.2025;11:30;318.61;321.31;318.61;321.31;319.96;493781;0
17.10.2025;11:45;321.56;330.66;321.56;328.20;326.11;8848214;0
17.10.2025;12:00;328.45;330.66;325.99;327.22;328.33;4039899;0
17.10.2025;12:15;327.22;327.46;324.76;324.76;326.11;2406769;0
17.10.2025;12:30;324.51;325.50;323.53;324.27;324.51;2386480;0
17.10.2025;12:45;324.27;325.00;324.02;324.02;324.51;954489;0
17.10.2025;13:00;323.77;324.51;323.53;323.53;324.02;1088346;0
17.10.2025;13:15;323.77;327.71;323.77;327.71;325.74;1432808;0
17.10.2025;13:30;327.22;327.71;326.73;327.22;327.22;1092005;0
17.10.2025;13:45;327.22;328.94;327.22;327.71;328.08;3138398;0
17.10.2025;14:00;327.22;327.46;325.99;325.99;326.73;887433;0
17.10.2025;14:15;326.73;327.46;325.74;326.97;326.60;437713;0
17.10.2025;14:30;326.97;331.89;325.99;329.93;328.94;4257841;0
17.10.2025;14:45;329.68;329.68;327.71;328.20;328.69;1028658;0
17.10.2025;15:00;327.71;328.20;327.22;327.71;327.71;555029;0
17.10.2025;15:15;327.22;327.46;326.73;326.73;327.10;781788;0
17.10.2025;15:30;326.73;327.71;326.73;327.71;327.22;355640;0
17.10.2025;15:45;327.71;327.71;326.73;326.73;327.22;529903;0
17.10.2025;16:00;326.73;327.46;326.48;327.46;326.97;246351;0
17.10.2025;16:15;327.46;327.71;326.73;326.73;327.22;308114;0
17.10.2025;16:30;326.73;327.96;326.73;327.22;327.34;499667;0
17.10.2025;16:45;327.22;328.45;327.22;327.71;327.83;770803;0
17.10.2025;17:00;327.46;327.46;325.50;326.23;326.48;2212684;0
17.10.2025;17:15;326.23;326.73;325.00;326.23;325.87;4131595;0
17.10.2025;17:30;326.23;326.48;325.50;326.23;325.99;1031476;0
17.10.2025;17:45;326.48;328.94;325.50;326.97;327.22;1841172;0
17.10.2025;18:00;326.73;327.46;326.48;327.22;326.97;855052;0
18.10.2025;10:00;327.22;329.19;324.27;325.00;326.73;3486144;0
18.10.2025;10:15;324.76;324.76;322.30;323.53;323.53;1606034;0
18.10.2025;10:30;323.53;325.74;323.53;325.50;324.64;789724;0
18.10.2025;10:45;325.50;325.50;323.77;323.77;324.64;838040;0
18.10.2025;11:00;324.51;325.25;323.77;324.51;324.51;810501;0
18.10.2025;11:15;324.27;325.99;323.77;324.76;324.88;2234393;0
18.10.2025;11:30;325.00;325.74;324.51;324.76;325.13;349112;0
18.10.2025;11:45;324.76;327.22;324.76;326.48;325.99;1706305;0
18.10.2025;12:00;326.48;326.48;325.74;325.99;326.11;561776;0
18.10.2025;12:15;326.48;326.48;323.77;323.77;325.13;1339994;0
18.10.2025;12:30;323.77;324.02;322.79;324.02;323.41;1167547;0
20.10.2025;10:00;325.74;329.19;324.76;327.96;326.97;1994149;0
20.10.2025;10:15;328.69;330.66;328.45;329.43;329.56;1853370;0
20.10.2025;10:30;329.93;330.42;326.73;329.68;328.57;2669476;0
20.10.2025;10:45;329.43;330.91;329.19;330.17;330.05;1247973;0
20.10.2025;11:00;329.93;330.91;328.69;330.17;329.80;1462975;0
20.10.2025;11:15;330.91;331.40;329.43;329.43;330.42;1104304;0
20.10.2025;11:30;329.93;330.91;324.27;329.68;327.59;1332216;0
20.10.2025;11:45;329.68;331.16;329.68;330.66;330.42;467939;0
20.10.2025;12:00;330.66;331.65;329.68;331.65;330.66;1783196;0
20.10.2025;12:15;331.65;336.57;331.65;333.37;334.11;4892455;0
20.10.2025;12:30;333.37;333.37;332.14;332.88;332.75;954703;0
20.10.2025;12:45;332.88;333.62;331.65;333.62;332.63;2350966;0
20.10.2025;13:00;333.62;334.35;333.12;334.11;333.74;628277;0
20.10.2025;13:15;334.11;334.85;333.86;334.11;334.35;1159484;0
20.10.2025;13:30;334.11;334.11;332.88;333.12;333.49;772193;0
20.10.2025;13:45;332.88;332.88;332.14;332.39;332.51;2524493;0
20.10.2025;14:00;332.39;332.39;331.40;331.89;331.89;988785;0
20.10.2025;14:15;331.89;332.39;331.65;331.65;332.02;670662;0
20.10.2025;14:30;331.65;332.14;331.16;332.14;331.65;849047;0
20.10.2025;14:45;332.14;332.63;331.40;332.63;332.02;598635;0
20.10.2025;15:00;332.63;332.63;331.89;331.89;332.26;707566;0
20.10.2025;15:15;331.65;331.89;331.65;331.89;331.77;613388;0
20.10.2025;15:30;332.14;333.37;331.89;333.37;332.63;1010894;0
20.10.2025;15:45;333.12;333.86;332.63;332.63;333.25;764430;0
20.10.2025;16:00;332.63;332.63;331.89;332.14;332.26;888374;0
20.10.2025;16:15;332.63;332.88;331.65;331.89;332.26;141134;0
20.10.2025;16:30;331.89;332.14;331.16;331.65;331.65;513899;0
20.10.2025;16:45;331.65;331.89;331.40;331.65;331.65;509664;0
20.10.2025;17:00;331.40;332.39;331.40;331.65;331.89;667841;0
20.10.2025;17:15;331.65;331.65;330.66;331.16;331.16;276291;0
20.10.2025;17:30;330.91;331.16;310.24;328.94;320.70;3743258;0
20.10.2025;17:45;328.20;329.93;327.71;329.93;328.82;1585486;0
20.10.2025;18:00;329.93;329.93;328.69;328.69;329.31;581786;0
21.10.2025;10:00;329.68;329.68;326.73;328.94;328.20;949684;0
21.10.2025;10:15;329.43;333.62;324.51;330.17;329.06;2226869;0
21.10.2025;10:30;330.17;334.85;330.17;334.60;332.51;1909592;0
21.10.2025;10:45;335.09;339.52;335.09;338.04;337.31;3171201;0
21.10.2025;11:00;338.54;340.01;337.31;338.29;338.66;3170586;0
21.10.2025;11:15;338.54;339.52;337.80;338.04;338.66;1193071;0
21.10.2025;11:30;338.04;338.54;337.55;337.80;338.04;742961;0
21.10.2025;11:45;338.54;338.78;336.81;337.55;337.80;578970;0
21.10.2025;12:00;337.31;338.29;337.31;337.80;337.80;642060;0
21.10.2025;12:15;337.80;337.80;336.57;337.06;337.18;872547;0
21.10.2025;12:30;336.57;337.31;336.32;337.31;336.81;154317;0
21.10.2025;12:45;337.31;337.31;335.58;336.08;336.44;1171966;0
21.10.2025;13:00;335.83;338.29;335.58;337.55;336.94;713239;0
21.10.2025;13:15;337.06;337.55;337.06;337.06;337.31;330778;0
21.10.2025;13:30;337.06;337.06;336.32;336.32;336.69;425159;0
21.10.2025;13:45;336.57;336.57;335.34;336.08;335.95;1135314;0
21.10.2025;14:00;336.57;336.81;335.83;335.83;336.32;451540;0
21.10.2025;14:15;336.08;336.32;335.09;335.34;335.71;727483;0
21.10.2025;14:30;335.34;335.58;334.60;335.34;335.09;444157;0
21.10.2025;14:45;335.34;335.58;334.85;335.58;335.21;163954;0
21.10.2025;15:00;334.85;334.85;334.11;334.11;334.48;367571;0
21.10.2025;15:15;334.11;334.11;333.37;333.62;333.74;272535;0
21.10.2025;15:30;333.86;334.35;333.37;333.86;333.86;408493;0
21.10.2025;15:45;333.86;333.86;332.14;332.88;333.00;396230;0
21.10.2025;16:00;332.88;333.62;332.63;333.62;333.12;126863;0
21.10.2025;16:15;333.62;333.86;333.12;333.86;333.49;258431;0
21.10.2025;16:30;333.62;335.09;333.12;334.60;334.11;378010;0
21.10.2025;16:45;334.60;336.32;334.60;335.58;335.46;600416;0
21.10.2025;17:00;335.58;336.08;335.58;336.08;335.83;616033;0
21.10.2025;17:15;336.08;337.55;336.08;337.55;336.81;1410292;0
21.10.2025;17:30;337.55;338.04;334.85;337.55;336.44;1049951;0
21.10.2025;17:45;337.06;337.80;336.57;337.06;337.18;678276;0
21.10.2025;18:00;337.31;337.55;336.81;337.31;337.18;907909;0
25.10.2025;10:00;337.31;343.46;337.31;342.96;340.38;2712538;0
25.10.2025;10:15;343.46;344.19;340.75;341.00;342.47;2002245;0
25.10.2025;10:30;341.24;342.72;341.00;342.72;341.86;1164459;0
25.10.2025;10:45;342.47;342.47;341.98;341.98;342.23;483581;0
25.10.2025;11:00;342.47;342.96;341.98;342.47;342.47;549036;0
25.10.2025;11:15;342.47;346.41;341.98;345.92;344.19;2710802;0
25.10.2025;11:30;345.92;347.89;345.42;347.89;346.65;1977111;0
25.10.2025;11:45;347.15;348.13;346.41;346.65;347.27;822276;0
25.10.2025;12:00;347.39;347.39;346.41;347.15;346.90;360636;0
25.10.2025;12:15;346.65;347.64;345.92;347.64;346.78;696008;0
25.10.2025;12:30;347.64;360.19;347.64;359.69;353.91;9556739;0
25.10.2025;12:45;360.19;361.42;354.28;355.27;357.85;5223840;0
25.10.2025;13:00;356.00;358.96;356.00;358.96;357.48;3741367;0
25.10.2025;13:15;358.96;358.96;355.27;355.51;357.11;3885000;0
25.10.2025;13:30;355.51;355.51;354.04;354.77;354.77;1006833;0
25.10.2025;13:45;354.77;355.76;354.28;355.76;355.02;1014290;0
25.10.2025;14:00;355.02;356.25;353.79;354.28;355.02;914724;0
25.10.2025;14:15;353.79;355.02;353.79;354.04;354.40;461410;0
25.10.2025;14:30;353.79;354.53;353.30;354.28;353.91;1337411;0
25.10.2025;14:45;354.28;356.50;353.54;355.02;355.02;621753;0
25.10.2025;15:00;354.77;355.27;353.79;355.27;354.53;608866;0
25.10.2025;15:15;355.27;355.27;353.79;354.77;354.53;654223;0
25.10.2025;15:30;354.77;355.27;352.56;353.54;353.91;1172373;0
25.10.2025;15:45;353.54;355.76;352.81;354.04;354.28;3266343;0
25.10.2025;16:00;354.77;361.17;354.77;356.74;357.97;9031108;0
25.10.2025;16:15;356.74;356.74;354.28;356.00;355.51;1300583;0
25.10.2025;16:30;356.00;356.25;354.77;355.02;355.51;411385;0
25.10.2025;16:45;355.02;355.02;352.31;353.79;353.67;1450893;0
25.10.2025;17:00;354.04;354.77;353.30;353.54;354.04;1765300;0
25.10.2025;17:15;353.30;354.04;351.82;352.56;352.93;1362355;0
25.10.2025;17:30;352.56;354.53;352.56;354.28;353.54;574169;0
25.10.2025;17:45;354.77;355.51;353.79;355.27;354.65;1443367;0
25.10.2025;18:00;354.53;355.27;353.54;355.02;354.40;1337174;0
26.10.2025;10:00;355.27;355.51;350.84;352.81;353.17;4361181;0
26.10.2025;10:15;352.81;352.81;350.35;350.59;351.58;2302631;0
26.10.2025;10:30;351.08;352.07;350.59;350.84;351.33;970570;0
26.10.2025;10:45;350.59;351.82;349.85;349.85;350.84;1323646;0
26.10.2025;11:00;350.59;351.08;348.62;350.35;349.85;1271387;0
26.10.2025;11:15;350.10;351.82;349.36;351.33;350.59;912007;0
26.10.2025;11:30;350.59;350.59;347.64;349.85;349.12;2036103;0
26.10.2025;11:45;349.61;355.76;349.36;355.51;352.56;2295631;0
26.10.2025;12:00;354.77;355.02;352.56;354.28;353.79;403936;0
26.10.2025;12:15;354.04;356.50;352.81;354.04;354.65;1092613;0
26.10.2025;12:30;353.79;354.04;353.05;353.05;353.54;219439;0
26.10.2025;12:45;353.30;356.00;353.05;355.02;354.53;339804;0
26.10.2025;13:00;355.27;356.99;355.02;355.51;356.00;862034;0
26.10.2025;13:15;356.00;356.25;353.05;353.54;354.65;801863;0
26.10.2025;13:30;353.54;354.28;353.30;353.54;353.79;398940;0
26.10.2025;13:45;353.54;355.51;353.30;355.27;354.40;1358471;0
26.10.2025;14:00;355.76;356.00;353.79;353.79;354.90;807018;0
26.10.2025;14:15;353.79;357.97;353.30;357.73;355.64;1859620;0
26.10.2025;14:30;357.73;360.92;356.00;359.69;358.46;3248778;0
26.10.2025;14:45;359.69;359.94;356.00;356.99;357.97;1620621;0
26.10.2025;15:00;356.99;358.71;355.27;356.00;356.99;1466377;0
26.10.2025;15:15;356.00;356.00;353.79;354.04;354.90;807714;0
26.10.2025;15:30;354.77;355.02;353.30;354.77;354.16;294622;0
26.10.2025;15:45;354.28;354.53;353.05;353.05;353.79;286148;0
26.10.2025;16:00;353.05;355.02;353.05;354.77;354.04;48238;0
26.10.2025;16:15;355.02;355.02;353.79;354.77;354.40;657234;0
26.10.2025;16:30;354.77;354.77;353.05;353.79;353.91;421227;0
26.10.2025;16:45;354.28;354.53;352.81;353.30;353.67;1127190;0
26.10.2025;17:00;353.05;353.30;351.82;351.82;352.56;694107;0
26.10.2025;17:15;352.56;354.53;351.82;354.28;353.17;1552532;0
26.10.2025;17:30;354.53;354.53;352.31;353.79;353.42;1638296;0
26.10.2025;17:45;353.54;354.53;353.30;354.28;353.91;1201415;0
26.10.2025;18:00;354.28;355.27;353.79;355.27;354.53;1801337;0
27.10.2025;10:00;349.36;352.07;349.36;350.84;350.71;2943150;0
27.10.2025;10:15;350.84;355.51;350.35;351.82;352.93;1451924;0
27.10.2025;10:30;351.08;351.33;349.36;351.33;350.35;2338200;0
27.10.2025;10:45;351.33;355.76;351.33;354.77;353.54;1845232;0
27.10.2025;11:00;354.77;355.51;353.30;353.79;354.40;1279517;0
27.10.2025;11:15;354.28;356.25;352.81;355.02;354.53;1161028;0
27.10.2025;11:30;355.02;355.27;353.05;353.05;354.16;371906;0
27.10.2025;11:45;353.05;354.28;351.08;352.81;352.68;1714908;0
27.10.2025;12:00;352.31;353.54;350.59;352.81;352.07;1433190;0
27.10.2025;12:15;352.31;352.56;350.59;350.84;351.58;1692755;0
27.10.2025;12:30;351.58;353.30;351.58;351.82;352.44;1160179;0
27.10.2025;12:45;351.82;353.30;350.84;351.58;352.07;1173480;0
27.10.2025;13:00;351.08;351.82;350.59;351.33;351.21;408866;0
27.10.2025;13:15;350.84;350.84;349.85;350.10;350.35;976116;0
27.10.2025;13:30;350.10;350.59;349.61;349.61;350.10;215464;0
27.10.2025;13:45;349.61;349.61;344.44;348.13;347.02;1509117;0
27.10.2025;14:00;348.13;348.87;348.13;348.62;348.50;148330;0
27.10.2025;14:15;348.62;349.36;347.39;347.39;348.38;1369435;0
27.10.2025;14:30;347.39;348.38;345.67;346.41;347.02;2959868;0
27.10.2025;14:45;346.41;349.36;346.41;348.38;347.89;1128732;0
27.10.2025;15:00;347.89;348.87;347.89;348.38;348.38;695076;0
27.10.2025;15:15;347.89;347.89;346.65;347.39;347.27;410746;0
27.10.2025;15:30;347.15;347.64;347.15;347.39;347.39;210357;0
27.10.2025;15:45;347.39;347.64;344.44;346.65;346.04;993019;0
27.10.2025;16:00;346.90;348.87;346.90;347.64;347.89;512734;0
27.10.2025;16:15;347.89;349.61;347.64;349.36;348.62;272206;0
27.10.2025;16:30;349.12;351.33;349.12;350.84;350.22;833299;0
27.10.2025;16:45;350.84;350.84;350.10;350.10;350.47;274965;0
27.10.2025;17:00;350.84;351.33;350.35;351.08;350.84;515296;0
27.10.2025;17:15;351.08;352.31;350.59;352.31;351.45;725765;0
27.10.2025;17:30;351.58;352.31;350.59;351.08;351.45;254776;0
27.10.2025;17:45;351.08;352.07;350.59;350.59;351.33;672660;0
27.10.2025;18:00;350.10;352.56;348.38;352.56;350.47;1207711;0
28.10.2025;10:00;352.56;353.79;350.59;351.33;352.19;1778328;0
28.10.2025;10:15;351.33;352.07;350.84;352.07;351.45;553621;0
28.10.2025;10:30;351.82;354.77;351.33;351.33;353.05;1321711;0
28.10.2025;10:45;351.58;351.58;350.59;350.59;351.08;895225;0
28.10.2025;11:00;350.35;350.59;350.10;350.35;350.35;378657;0
28.10.2025;11:15;350.35;356.25;350.35;356.00;353.30;1962536;0
28.10.2025;11:30;355.76;355.76;353.30;353.30;354.53;880051;0
28.10.2025;11:45;353.54;354.28;353.30;354.04;353.79;308068;0
28.10.2025;12:00;353.79;353.79;351.82;352.56;352.81;968721;0
28.10.2025;12:15;352.56;353.30;352.56;352.81;352.93;134124;0
28.10.2025;12:30;352.81;358.22;352.31;356.74;355.27;1851086;0
28.10.2025;12:45;356.74;357.48;355.51;356.74;356.50;1158175;0
28.10.2025;13:00;356.50;357.73;356.25;357.23;356.99;1044596;0
28.10.2025;13:15;356.99;357.23;354.28;354.53;355.76;969126;0
28.10.2025;13:30;354.77;355.76;354.77;355.76;355.27;486537;0
28.10.2025;13:45;355.27;356.00;355.02;355.51;355.51;518192;0
28.10.2025;14:00;355.51;356.00;354.28;354.28;355.14;350849;0
28.10.2025;14:15;355.02;355.02;354.28;354.28;354.65;151952;0
28.10.2025;14:30;354.53;355.27;353.30;353.54;354.28;538841;0
28.10.2025;14:45;353.54;356.25;353.30;355.76;354.77;694056;0
28.10.2025;15:00;356.25;356.50;355.76;355.76;356.13;499872;0
28.10.2025;15:15;355.27;355.76;353.79;355.76;354.77;470983;0
28.10.2025;15:30;356.00;362.15;355.27;359.69;358.71;9481733;0
28.10.2025;15:45;359.69;362.15;358.22;358.96;360.19;2122073;0
28.10.2025;16:00;358.96;359.45;357.73;359.45;358.59;665305;0
28.10.2025;16:15;359.45;361.66;358.22;360.92;359.94;2221530;0
28.10.2025;16:30;360.68;360.92;358.46;359.20;359.69;1211821;0
28.10.2025;16:45;358.71;359.20;358.46;359.20;358.83;148789;0
28.10.2025;17:00;358.46;359.20;358.46;358.71;358.83;462378;0
28.10.2025;17:15;358.71;359.20;357.97;357.97;358.59;1163789;0
28.10.2025;17:30;357.97;361.17;357.97;361.17;359.57;2760905;0
28.10.2025;17:45;360.68;361.17;358.96;359.94;360.06;2028690;0
28.10.2025;18:00;359.69;360.43;358.22;358.71;359.33;1092600;0
29.10.2025;10:00;358.96;367.08;358.96;361.17;363.02;7117055;0
29.10.2025;10:15;361.17;363.63;359.20;363.14;361.42;3054777;0
29.10.2025;10:30;363.14;363.38;360.92;362.89;362.15;1152521;0
29.10.2025;10:45;362.15;363.14;360.68;360.68;361.91;471356;0
29.10.2025;11:00;360.68;361.17;358.71;361.17;359.94;1892175;0
29.10.2025;11:15;360.68;361.66;358.96;359.20;360.31;1135756;0
29.10.2025;11:30;359.20;360.19;356.00;358.96;358.10;1804717;0
29.10.2025;11:45;358.22;358.71;357.23;357.23;357.97;832764;0
29.10.2025;12:00;357.23;357.23;354.77;357.23;356.00;2688246;0
29.10.2025;12:15;357.23;358.71;357.23;358.46;357.97;275509;0
29.10.2025;12:30;358.46;359.94;358.46;359.20;359.20;212441;0
29.10.2025;12:45;358.71;360.19;357.23;360.19;358.71;799101;0
29.10.2025;13:00;360.68;361.17;359.20;359.94;360.19;319055;0
29.10.2025;13:15;359.20;360.19;358.96;359.20;359.57;136001;0
29.10.2025;13:30;358.96;360.19;358.71;359.20;359.45;481253;0
29.10.2025;13:45;358.96;361.17;358.96;360.92;360.06;801971;0
29.10.2025;14:00;360.92;361.17;358.46;358.46;359.82;997833;0
29.10.2025;14:15;359.20;359.20;357.48;357.48;358.34;657183;0
29.10.2025;14:30;357.48;357.73;356.74;356.99;357.23;766718;0
29.10.2025;14:45;356.99;357.73;356.99;357.73;357.36;220168;0
29.10.2025;15:00;358.22;359.45;358.22;359.45;358.83;632421;0
29.10.2025;15:15;359.45;359.45;356.99;357.48;358.22;1859590;0
29.10.2025;15:30;357.73;358.22;356.99;356.99;357.60;106442;0
29.10.2025;15:45;357.23;357.48;356.74;357.23;357.11;241273;0
29.10.2025;16:00;357.23;357.23;356.50;356.99;356.87;680417;0
29.10.2025;16:15;356.99;356.99;356.25;356.99;356.62;611757;0
29.10.2025;16:30;356.99;358.22;356.00;356.00;357.11;981614;0
29.10.2025;16:45;356.00;356.74;353.79;353.79;355.27;2415191;0
29.10.2025;17:00;354.04;354.28;352.07;353.54;353.17;1971724;0
29.10.2025;17:15;353.30;353.30;350.35;352.07;351.82;815090;0
29.10.2025;17:30;352.07;353.30;351.33;351.33;352.31;380278;0
29.10.2025;17:45;351.33;354.28;351.33;353.30;352.81;1449290;0
29.10.2025;18:00;352.81;353.30;350.35;350.35;351.82;957188;0
01.11.2025;10:00;350.35;366.58;350.35;355.27;358.46;2610392;0
01.11.2025;10:15;355.51;355.76;352.07;353.54;353.91;2407834;0
01.11.2025;10:30;353.30;355.02;351.58;354.77;353.30;1781772;0
01.11.2025;10:45;355.02;355.27;354.53;354.77;354.90;706757;0
01.11.2025;11:00;354.28;357.73;354.28;357.73;356.00;880046;0
01.11.2025;11:15;357.73;359.69;357.48;357.97;358.59;1733248;0
01.11.2025;11:30;357.73;359.20;357.23;358.71;358.22;518916;0
01.11.2025;11:45;357.97;358.22;356.25;358.22;357.23;1053900;0
01.11.2025;12:00;357.97;359.69;357.48;359.20;358.59;839968;0
01.11.2025;12:15;359.20;359.20;356.74;357.48;357.97;307513;0
01.11.2025;12:30;357.73;357.97;355.51;355.51;356.74;525346;0
01.11.2025;12:45;355.51;356.00;354.53;355.02;355.27;360626;0
01.11.2025;13:00;354.77;357.48;353.79;356.74;355.64;3251766;0
01.11.2025;13:15;356.74;361.17;356.25;356.74;358.71;5192533;0
01.11.2025;13:30;356.74;357.48;355.02;355.02;356.25;478965;0
01.11.2025;13:45;355.02;355.51;354.28;355.27;354.90;565911;0
01.11.2025;14:00;355.76;356.74;355.51;356.00;356.13;548444;0
01.11.2025;14:15;355.51;356.25;353.79;354.77;355.02;416770;0
01.11.2025;14:30;355.27;355.51;354.53;354.77;355.02;137509;0
01.11.2025;14:45;355.02;355.02;354.53;354.53;354.77;82526;0
01.11.2025;15:00;355.02;356.25;354.77;356.00;355.51;395370;0
01.11.2025;15:15;356.00;356.00;354.53;354.77;355.27;203476;0
01.11.2025;15:30;354.77;355.27;354.04;354.53;354.65;735162;0
01.11.2025;15:45;354.28;354.53;353.54;353.79;354.04;2081416;0
01.11.2025;16:00;353.54;354.77;353.30;354.04;354.04;1049190;0
01.11.2025;16:15;354.28;354.28;353.30;354.04;353.79;377434;0
01.11.2025;16:30;353.79;353.79;352.56;352.56;353.17;573132;0
01.11.2025;16:45;352.56;352.81;351.58;351.58;352.19;714015;0
01.11.2025;17:00;351.58;352.07;350.84;351.82;351.45;336154;0
01.11.2025;17:15;351.58;352.31;350.59;351.08;351.45;323686;0
01.11.2025;17:30;350.84;353.05;350.59;351.08;351.82;1901711;0
01.11.2025;17:45;351.33;353.05;351.33;352.81;352.19;896242;0
01.11.2025;18:00;353.05;353.30;352.31;352.31;352.81;590837;0
02.11.2025;10:00;353.30;355.27;347.89;348.87;351.58;1960621;0
02.11.2025;10:15;348.87;349.12;346.41;347.39;347.76;1526307;0
02.11.2025;10:30;347.15;347.64;341.98;343.21;344.81;2829752;0
02.11.2025;10:45;343.46;344.44;342.47;343.46;343.46;769844;0
02.11.2025;11:00;343.21;344.44;341.98;342.47;343.21;947098;0
02.11.2025;11:15;342.72;342.72;336.81;338.29;339.77;2408217;0
02.11.2025;11:30;338.29;339.27;337.06;338.04;338.17;2178178;0
02.11.2025;11:45;337.55;338.29;337.55;338.04;337.92;706226;0
02.11.2025;12:00;338.04;338.04;335.83;335.83;336.94;1056063;0
02.11.2025;12:15;335.58;335.83;333.37;335.34;334.60;1150645;0
02.11.2025;12:30;334.85;334.85;332.63;333.12;333.74;1662680;0
02.11.2025;12:45;332.88;336.32;332.88;335.09;334.60;1183735;0
02.11.2025;13:00;334.60;334.60;333.12;333.12;333.86;441106;0
02.11.2025;13:15;333.12;334.35;332.63;334.11;333.49;858403;0
02.11.2025;13:30;332.88;335.58;331.16;335.09;333.37;2039825;0
02.11.2025;13:45;334.85;337.31;334.85;336.08;336.08;1226588;0
02.11.2025;14:00;335.58;335.58;334.11;334.11;334.85;110287;0
02.11.2025;14:15;334.11;334.11;332.39;332.39;333.25;548553;0
02.11.2025;14:30;332.39;332.39;331.40;331.89;331.89;348601;0
02.11.2025;14:45;331.65;332.63;331.40;331.89;332.02;339155;0
02.11.2025;15:00;331.16;332.14;330.66;331.40;331.40;738121;0
02.11.2025;15:15;331.16;331.40;326.23;326.23;328.82;2189965;0
02.11.2025;15:30;326.23;334.60;323.04;324.02;328.82;3059584;0
02.11.2025;15:45;323.77;332.14;323.77;331.40;327.96;2490080;0
02.11.2025;16:00;330.66;333.62;330.17;330.91;331.89;2044963;0
02.11.2025;16:15;330.91;331.40;328.45;329.93;329.93;695414;0
02.11.2025;16:30;329.93;332.14;329.68;330.91;330.91;363184;0
02.11.2025;16:45;330.91;331.16;329.43;329.43;330.29;707205;0
02.11.2025;17:00;329.43;331.16;329.19;330.91;330.17;345853;0
02.11.2025;17:15;331.16;331.16;329.43;329.68;330.29;740178;0
02.11.2025;17:30;329.19;329.43;327.96;327.96;328.69;366406;0
02.11.2025;17:45;327.96;328.69;326.73;327.46;327.71;827805;0
02.11.2025;18:00;327.46;329.68;326.23;326.23;327.96;1171057;0
03.11.2025;10:00;328.69;330.66;327.46;327.71;329.06;1107027;0
03.11.2025;10:15;328.20;328.94;326.73;326.73;327.83;1155687;0
03.11.2025;10:30;326.73;328.20;326.73;328.20;327.46;1200729;0
03.11.2025;10:45;328.20;328.45;327.22;328.20;327.83;412134;0
03.11.2025;11:00;327.71;327.96;326.48;327.46;327.22;366643;0
03.11.2025;11:15;327.71;329.19;327.71;328.45;328.45;133827;0
03.11.2025;11:30;328.45;335.34;328.45;333.62;331.89;3115088;0
03.11.2025;11:45;333.12;333.12;330.17;330.66;331.65;1052564;0
03.11.2025;12:00;330.91;331.16;329.43;329.68;330.29;1669679;0
03.11.2025;12:15;330.42;330.42;327.22;327.22;328.82;1025742;0
03.11.2025;12:30;326.97;327.46;324.76;324.76;326.11;1657595;0
03.11.2025;12:45;325.00;325.25;324.27;325.00;324.76;549933;0
03.11.2025;13:00;325.00;325.00;323.77;323.77;324.39;855006;0
03.11.2025;13:15;324.51;327.96;323.77;324.27;325.87;710191;0
03.11.2025;13:30;324.27;324.27;323.53;323.77;323.90;310697;0
03.11.2025;13:45;324.02;324.27;323.77;324.27;324.02;129692;0
03.11.2025;14:00;324.27;326.23;324.02;324.51;325.13;583173;0
03.11.2025;14:15;325.74;325.74;325.00;325.25;325.37;136949;0
03.11.2025;14:30;325.25;325.74;324.76;325.00;325.25;199875;0
03.11.2025;14:45;324.76;325.99;324.27;324.27;325.13;641201;0
03.11.2025;15:00;324.02;326.48;323.77;325.50;325.13;1491241;0
03.11.2025;15:15;325.50;325.50;323.77;323.77;324.64;239956;0
03.11.2025;15:30;324.02;324.27;321.31;321.31;322.79;900415;0
03.11.2025;15:45;321.56;323.53;321.07;323.04;322.30;248310;0
03.11.2025;16:00;323.28;323.28;322.30;322.30;322.79;380364;0
03.11.2025;16:15;322.30;323.28;322.30;323.04;322.79;75160;0
03.11.2025;16:30;323.04;323.04;321.56;321.81;322.30;352857;0
03.11.2025;16:45;321.81;322.05;320.58;321.07;321.31;516003;0
03.11.2025;17:00;320.82;321.81;320.33;321.31;321.07;218777;0
03.11.2025;17:15;321.81;322.79;321.31;322.79;322.05;365965;0
03.11.2025;17:30;322.30;322.54;321.31;321.81;321.93;142933;0
03.11.2025;17:45;321.81;322.79;320.58;320.82;321.68;1486308;0
03.11.2025;18:00;320.82;322.79;320.58;322.79;321.68;1611972;0
04.11.2025;10:00;322.79;325.74;322.79;323.77;324.27;2013130;0
04.11.2025;10:15;323.53;324.51;322.79;324.02;323.65;1640081;0
04.11.2025;10:30;324.02;324.02;322.54;322.79;323.28;1589007;0
04.11.2025;10:45;322.79;322.79;321.56;321.56;322.18;257189;0
04.11.2025;11:00;321.81;323.77;321.81;323.04;322.79;830626;0
04.11.2025;11:15;323.04;323.04;322.05;322.05;322.54;189829;0
04.11.2025;11:30;323.04;323.28;322.54;323.04;322.91;372092;0
04.11.2025;11:45;322.79;323.28;322.54;322.54;322.91;84038;0
04.11.2025;12:00;322.54;323.53;322.54;322.79;323.04;280435;0
04.11.2025;12:15;323.04;324.27;323.04;323.53;323.65;264290;0
04.11.2025;12:30;323.53;323.53;323.28;323.28;323.41;160067;0
04.11.2025;12:45;323.28;324.76;323.28;324.76;324.02;150887;0
04.11.2025;13:00;325.00;325.00;324.51;324.51;324.76;121758;0
04.11.2025;13:15;324.51;324.51;323.77;323.77;324.14;83294;0
04.11.2025;13:30;324.27;324.76;323.28;323.28;324.02;170566;0
04.11.2025;13:45;323.28;323.28;321.07;321.81;322.18;3139409;0
04.11.2025;14:00;321.81;322.05;321.56;321.56;321.81;135043;0
04.11.2025;14:15;321.56;321.56;320.58;320.82;321.07;249933;0
04.11.2025;14:30;320.82;320.82;320.08;320.58;320.45;139015;0
04.11.2025;14:45;320.33;320.82;319.59;320.33;320.21;866686;0
04.11.2025;15:00;320.33;320.58;320.33;320.33;320.45;24096;0
04.11.2025;15:15;320.08;321.07;320.08;320.82;320.58;293254;0
04.11.2025;15:30;320.82;321.81;320.82;321.07;321.31;517935;0
04.11.2025;15:45;320.82;321.31;320.33;320.33;320.82;582240;0
04.11.2025;16:00;320.58;320.58;319.84;319.84;320.21;243113;0
04.11.2025;16:15;319.84;320.33;319.35;319.59;319.84;429266;0
04.11.2025;16:30;319.35;319.35;317.62;318.12;318.48;771094;0
04.11.2025;16:45;318.12;319.84;318.12;319.84;318.98;436994;0
04.11.2025;17:00;319.59;320.08;318.12;318.61;319.10;484505;0
04.11.2025;17:15;318.36;318.85;317.38;317.62;318.12;206175;0
04.11.2025;17:30;318.12;318.36;317.62;318.36;317.99;16790;0
04.11.2025;17:45;317.87;318.61;317.62;317.87;318.12;1024036;0
04.11.2025;18:00;317.87;318.85;316.89;316.89;317.87;576879;0
05.11.2025;10:00;314.43;318.85;314.43;316.89;316.64;1466238;0
05.11.2025;10:15;316.15;318.85;316.15;317.13;317.50;1143020;0
05.11.2025;10:30;317.38;317.62;317.13;317.62;317.38;83505;0
05.11.2025;10:45;317.13;317.38;315.41;315.66;316.39;649920;0
05.11.2025;11:00;315.41;315.66;312.95;314.67;314.30;2072464;0
05.11.2025;11:15;314.92;314.92;314.18;314.18;314.55;280819;0
05.11.2025;11:30;314.18;316.39;314.18;316.39;315.29;452815;0
05.11.2025;11:45;316.89;317.38;316.39;316.39;316.89;205519;0
05.11.2025;12:00;316.39;317.62;316.39;317.62;317.01;382160;0
05.11.2025;12:15;317.38;317.87;317.38;317.87;317.62;246572;0
05.11.2025;12:30;318.12;318.12;317.13;317.38;317.62;151330;0
05.11.2025;12:45;317.62;317.62;316.89;317.38;317.25;434108;0
05.11.2025;13:00;317.62;325.74;317.62;318.61;321.68;656145;0
05.11.2025;13:15;319.10;320.58;317.62;318.12;319.10;977185;0
05.11.2025;13:30;318.61;318.85;318.36;318.36;318.61;248331;0
05.11.2025;13:45;318.36;318.36;313.93;317.38;316.15;1057732;0
05.11.2025;14:00;317.38;317.38;316.64;316.64;317.01;115614;0
05.11.2025;14:15;316.89;317.38;316.64;317.38;317.01;69926;0
05.11.2025;14:30;317.38;317.38;316.64;316.64;317.01;98460;0
05.11.2025;14:45;316.39;320.08;316.39;318.85;318.24;718524;0
05.11.2025;15:00;318.85;319.10;317.87;317.87;318.48;216996;0
05.11.2025;15:15;317.87;317.87;316.64;316.64;317.25;187589;0
05.11.2025;15:30;316.39;317.13;315.90;316.15;316.52;460038;0
05.11.2025;15:45;316.15;316.64;314.92;316.64;315.78;169686;0
05.11.2025;16:00;316.64;316.64;315.41;315.90;316.02;80274;0
05.11.2025;16:15;315.90;315.90;314.67;314.67;315.29;360140;0
05.11.2025;16:30;315.66;316.15;314.92;315.90;315.53;408489;0
05.11.2025;16:45;315.41;316.39;315.41;315.90;315.90;93424;0
05.11.2025;17:00;316.15;317.13;316.15;317.13;316.64;398449;0
05.11.2025;17:15;316.89;319.10;316.89;318.36;317.99;689571;0
05.11.2025;17:30;318.12;318.36;317.38;318.36;317.87;185090;0
05.11.2025;17:45;318.36;320.08;318.36;319.84;319.22;389961;0
05.11.2025;18:00;319.84;320.82;319.59;319.84;320.21;738913;0
08.11.2025;10:00;319.84;324.51;318.85;321.81;321.68;1150382;0
08.11.2025;10:15;321.81;322.30;320.82;322.30;321.56;1374004;0
08.11.2025;10:30;322.30;322.30;320.33;320.58;321.31;445015;0
08.11.2025;10:45;320.82;323.77;320.82;320.82;322.30;713337;0
08.11.2025;11:00;320.82;322.30;320.58;322.30;321.44;295002;0
08.11.2025;11:15;322.54;325.25;322.54;325.25;323.90;586264;0
08.11.2025;11:30;324.51;326.23;324.51;325.25;325.37;928238;0
08.11.2025;11:45;325.25;325.50;324.51;324.51;325.00;246949;0
08.11.2025;12:00;324.51;325.25;324.51;325.00;324.88;378725;0
08.11.2025;12:15;325.00;325.00;324.02;324.27;324.51;154984;0
08.11.2025;12:30;324.27;325.25;324.27;325.25;324.76;558178;0
08.11.2025;12:45;325.25;325.25;324.51;324.76;324.88;20779;0
08.11.2025;13:00;324.76;325.99;324.76;325.25;325.37;558338;0
08.11.2025;13:15;325.50;325.50;325.50;325.50;325.50;42005;0
08.11.2025;13:30;325.25;325.50;324.76;325.50;325.13;161326;0
08.11.2025;13:45;325.25;326.48;325.00;326.23;325.74;457926;0
08.11.2025;14:00;326.23;327.71;326.23;326.97;326.97;527829;0
08.11.2025;14:15;327.46;327.96;327.22;327.46;327.59;110146;0
08.11.2025;14:30;327.46;327.71;326.97;327.46;327.34;337505;0
08.11.2025;14:45;327.71;328.20;327.71;327.96;327.96;316993;0
08.11.2025;15:00;327.96;329.68;327.96;328.20;328.82;466733;0
08.11.2025;15:15;328.20;329.93;327.96;328.94;328.94;726081;0
08.11.2025;15:30;328.20;328.69;327.22;327.22;327.96;471398;0
08.11.2025;15:45;327.22;327.22;325.00;325.99;326.11;2364016;0
08.11.2025;16:00;325.99;325.99;322.79;324.51;324.39;3165298;0
08.11.2025;16:15;324.51;325.25;323.53;323.77;324.39;1012063;0
08.11.2025;16:30;323.28;323.77;322.79;323.04;323.28;389945;0
08.11.2025;16:45;322.79;322.79;320.33;321.31;321.56;1407066;0
08.11.2025;17:00;320.82;321.31;320.33;321.31;320.82;592228;0
08.11.2025;17:15;321.56;323.28;321.56;322.54;322.42;478824;0
08.11.2025;17:30;322.54;323.28;322.30;323.04;322.79;342671;0
08.11.2025;17:45;323.04;323.77;322.30;323.77;323.04;836387;0
08.11.2025;18:00;324.02;324.27;322.30;322.30;323.28;236998;0
09.11.2025;10:00;319.35;329.43;319.35;326.48;324.39;2076064;0
09.11.2025;10:15;326.73;331.16;326.23;328.20;328.69;7481177;0
09.11.2025;10:30;327.46;329.93;327.22;329.43;328.57;2417465;0
09.11.2025;10:45;329.43;329.68;328.45;328.45;329.06;504820;0
09.11.2025;11:00;329.19;337.06;329.19;336.32;333.12;8490950;0
09.11.2025;11:15;336.32;349.36;335.83;339.03;342.60;14557611;0
09.11.2025;11:30;339.27;344.44;338.54;340.26;341.49;3762028;0
09.11.2025;11:45;340.01;344.44;340.01;341.73;342.23;1455909;0
09.11.2025;12:00;341.24;341.24;338.78;339.52;340.01;2618619;0
09.11.2025;12:15;339.52;341.73;338.29;340.50;340.01;1914649;0
09.11.2025;12:30;339.77;339.77;337.06;338.29;338.41;2899710;0
09.11.2025;12:45;338.29;338.54;336.32;337.06;337.43;959943;0
09.11.2025;13:00;337.55;339.52;333.37;333.37;336.44;3037010;0
09.11.2025;13:15;334.11;335.83;333.37;334.85;334.60;2714109;0
09.11.2025;13:30;334.85;335.83;334.60;335.83;335.21;817662;0
09.11.2025;13:45;335.09;336.08;334.85;335.83;335.46;791403;0
09.11.2025;14:00;336.08;341.00;336.08;336.08;338.54;4657171;0
09.11.2025;14:15;336.08;336.81;335.83;336.08;336.32;648968;0
09.11.2025;14:30;335.83;336.32;335.09;335.34;335.71;902601;0
09.11.2025;14:45;334.85;336.32;334.11;336.32;335.21;2113883;0
09.11.2025;15:00;336.32;339.52;336.08;336.08;337.80;1276302;0
09.11.2025;15:15;336.32;336.57;334.85;334.85;335.71;835433;0
09.11.2025;15:30;335.09;335.83;334.85;335.09;335.34;234689;0
09.11.2025;15:45;335.09;335.09;332.63;333.37;333.86;1066846;0
09.11.2025;16:00;333.86;334.11;331.89;332.63;333.00;849440;0
09.11.2025;16:15;332.39;336.32;331.16;333.12;333.74;1375188;0
09.11.2025;16:30;333.37;334.60;332.39;332.88;333.49;590900;0
09.11.2025;16:45;332.88;336.32;332.39;334.11;334.35;894387;0
09.11.2025;17:00;334.11;334.11;331.89;332.63;333.00;539606;0
09.11.2025;17:15;332.63;333.12;332.39;332.39;332.75;1005639;0
09.11.2025;17:30;332.39;333.62;332.39;332.88;333.00;617778;0
09.11.2025;17:45;332.88;336.57;332.88;335.83;334.72;1388046;0
09.11.2025;18:00;336.08;336.57;332.14;332.14;334.35;1465381;0
10.11.2025;10:00;332.14;338.29;332.14;334.11;335.21;4408928;0
10.11.2025;10:15;334.35;340.01;334.11;338.29;337.06;2192987;0
10.11.2025;10:30;338.29;338.78;336.08;337.55;337.43;1938952;0
10.11.2025;10:45;337.31;337.31;335.09;335.09;336.20;888158;0
10.11.2025;11:00;335.34;341.00;335.34;338.29;338.17;794459;0
10.11.2025;11:15;338.29;338.29;336.08;336.57;337.18;295877;0
10.11.2025;11:30;336.57;336.57;336.32;336.32;336.44;205093;0
10.11.2025;11:45;336.32;336.32;334.85;335.34;335.58;1061759;0
10.11.2025;12:00;335.09;335.58;334.60;335.58;335.09;313328;0
10.11.2025;12:15;335.58;335.58;334.35;334.85;334.97;431085;0
10.11.2025;12:30;334.35;334.35;332.88;333.12;333.62;644357;0
10.11.2025;12:45;332.88;333.86;331.65;331.89;332.75;995722;0
10.11.2025;13:00;331.89;332.14;316.15;330.17;324.14;2214118;0
10.11.2025;13:15;329.93;330.42;329.68;330.17;330.05;317565;0
10.11.2025;13:30;330.17;331.65;329.93;330.42;330.79;1464598;0
10.11.2025;13:45;330.66;331.65;330.17;331.65;330.91;613063;0
10.11.2025;14:00;331.40;332.63;331.16;331.65;331.89;835389;0
10.11.2025;14:15;331.65;332.14;330.91;330.91;331.52;441277;0
10.11.2025;14:30;330.91;332.14;329.93;331.40;331.03;600837;0
10.11.2025;14:45;331.40;331.89;330.66;330.66;331.28;414710;0
10.11.2025;15:00;330.42;330.66;329.68;330.17;330.17;735481;0
10.11.2025;15:15;330.17;330.17;328.69;328.94;329.43;612712;0
10.11.2025;15:30;328.94;329.68;328.45;329.68;329.06;263776;0
10.11.2025;15:45;329.68;329.68;328.94;329.19;329.31;222211;0
10.11.2025;16:00;329.19;329.93;328.69;329.43;329.31;407746;0
10.11.2025;16:15;329.19;329.19;328.45;329.19;328.82;330457;0
10.11.2025;16:30;328.94;329.19;328.45;328.45;328.82;576905;0
10.11.2025;16:45;328.45;330.42;328.45;330.42;329.43;377328;0
10.11.2025;17:00;329.68;329.68;329.19;329.43;329.43;209525;0
10.11.2025;17:15;329.43;329.68;329.19;329.19;329.43;141946;0
10.11.2025;17:30;328.94;330.66;328.45;329.19;329.56;845679;0
10.11.2025;17:45;329.19;329.19;328.69;328.69;328.94;332503;0
10.11.2025;18:00;328.69;328.69;328.20;328.20;328.45;1070671;0
11.11.2025;10:00;330.42;333.37;329.68;332.39;331.52;1782400;0
11.11.2025;10:15;332.39;332.63;330.42;331.65;331.52;651431;0
11.11.2025;10:30;331.65;331.65;330.66;330.66;331.16;594793;0
11.11.2025;10:45;330.66;330.91;329.68;329.93;330.29;423216;0
11.11.2025;11:00;329.93;330.66;329.68;330.66;330.17;108307;0
11.11.2025;11:15;330.66;330.66;329.68;330.17;330.17;170875;0
11.11.2025;11:30;330.17;341.00;329.93;339.52;335.46;5131895;0
11.11.2025;11:45;338.78;339.52;334.60;336.81;337.06;1618589;0
11.11.2025;12:00;336.32;336.57;335.09;335.83;335.83;1244558;0
11.11.2025;12:15;335.83;335.83;333.86;333.86;334.85;417968;0
11.11.2025;12:30;333.86;334.11;332.39;332.63;333.25;349664;0
11.11.2025;12:45;332.63;333.62;332.63;333.62;333.12;424012;0
11.11.2025;13:00;333.12;333.12;331.65;331.65;332.39;199227;0
11.11.2025;13:15;331.65;331.65;330.66;331.16;331.16;622154;0
11.11.2025;13:30;331.16;332.14;330.66;332.14;331.40;598579;0
11.11.2025;13:45;332.14;332.14;328.94;328.94;330.54;412378;0
11.11.2025;14:00;329.93;330.66;328.94;329.43;329.80;233651;0
11.11.2025;14:15;329.43;329.68;328.69;328.94;329.19;319817;0
11.11.2025;14:30;328.94;329.68;328.94;328.94;329.31;239232;0
11.11.2025;14:45;328.94;328.94;327.71;328.45;328.33;1187151;0
11.11.2025;15:00;327.46;327.46;325.25;326.48;326.36;1621406;0
11.11.2025;15:15;326.48;327.22;325.99;327.22;326.60;436910;0
11.11.2025;15:30;327.22;327.22;326.48;326.97;326.85;659524;0
11.11.2025;15:45;326.73;327.22;326.48;326.97;326.85;161429;0
11.11.2025;16:00;327.22;327.22;326.97;327.22;327.10;51521;0
11.11.2025;16:15;326.97;327.22;326.73;326.73;326.97;625195;0
11.11.2025;16:30;326.73;327.22;326.73;327.22;326.97;33864;0
11.11.2025;16:45;327.22;328.20;326.73;328.20;327.46;393946;0
11.11.2025;17:00;328.20;328.20;327.46;327.46;327.83;235127;0
11.11.2025;17:15;327.71;327.71;326.97;326.97;327.34;238042;0
11.11.2025;17:30;327.22;327.22;326.97;327.22;327.10;109057;0
11.11.2025;17:45;327.71;328.94;327.71;328.94;328.33;384967;0
11.11.2025;18:00;328.69;329.19;328.20;328.20;328.69;556435;0
12.11.2025;10:00;325.25;327.96;325.25;327.96;326.60;597989;0
12.11.2025;10:15;328.20;328.94;327.71;328.45;328.33;657017;0
12.11.2025;10:30;328.20;328.69;325.74;325.74;327.22;560303;0
12.11.2025;10:45;325.50;325.74;324.76;324.76;325.25;1034130;0
12.11.2025;11:00;324.76;325.25;322.79;324.02;324.02;741595;0
12.11.2025;11:15;323.77;324.51;323.53;324.51;324.02;435322;0
12.11.2025;11:30;324.76;325.99;323.77;325.25;324.88;756427;0
12.11.2025;11:45;325.25;325.99;324.51;325.99;325.25;263870;0
12.11.2025;12:00;326.23;326.48;325.99;325.99;326.23;177945;0
12.11.2025;12:15;325.99;326.48;325.99;326.23;326.23;102444;0
12.11.2025;12:30;326.48;326.73;324.76;325.25;325.74;257632;0
12.11.2025;12:45;325.50;325.50;324.51;324.76;325.00;39643;0
12.11.2025;13:00;324.51;324.76;323.77;324.27;324.27;284481;0
12.11.2025;13:15;323.53;324.02;323.53;324.02;323.77;57881;0
12.11.2025;13:30;324.02;324.51;323.28;324.27;323.90;149207;0
12.11.2025;13:45;324.27;324.76;324.02;324.27;324.39;58640;0
12.11.2025;14:00;324.02;324.02;323.28;323.53;323.65;90453;0
12.11.2025;14:15;323.53;323.77;323.28;323.53;323.53;39098;0
12.11.2025;14:30;323.28;323.77;323.28;323.53;323.53;349085;0
12.11.2025;14:45;323.28;323.53;323.04;323.28;323.28;32509;0
12.11.2025;15:00;323.04;324.02;322.79;323.77;323.41;833202;0
12.11.2025;15:15;323.77;324.02;323.53;324.02;323.77;207235;0
12.11.2025;15:30;323.53;324.27;323.53;324.27;323.90;149221;0
12.11.2025;15:45;324.27;325.00;324.02;325.00;324.51;290950;0
12.11.2025;16:00;324.51;324.76;324.27;324.27;324.51;167769;0
12.11.2025;16:15;324.27;324.27;324.02;324.27;324.14;131063;0
12.11.2025;16:30;324.02;324.51;324.02;324.51;324.27;53024;0
12.11.2025;16:45;323.77;325.25;323.77;324.02;324.51;246895;0
12.11.2025;17:00;324.51;325.00;324.27;324.51;324.64;85121;0
12.11.2025;17:15;324.51;324.51;323.77;323.77;324.14;134661;0
12.11.2025;17:30;323.77;324.27;323.77;323.77;324.02;52647;0
12.11.2025;17:45;323.77;325.00;323.77;324.27;324.39;141738;0
12.11.2025;18:00;324.02;325.00;323.77;323.77;324.39;670261;0
15.11.2025;10:00;323.77;324.51;320.08;321.31;322.30;1356604;0
15.11.2025;10:15;321.56;322.30;321.07;321.31;321.68;1419172;0
15.11.2025;10:30;321.56;322.79;321.56;322.30;322.18;1341379;0
15.11.2025;10:45;322.05;322.30;321.56;322.05;321.93;402031;0
15.11.2025;11:00;322.05;322.05;321.07;321.31;321.56;413994;0
15.11.2025;11:15;321.56;322.05;321.31;321.31;321.68;83319;0
15.11.2025;11:30;321.31;321.81;319.59;320.08;320.70;501621;0
15.11.2025;11:45;320.08;320.58;319.84;319.84;320.21;202452;0
15.11.2025;12:00;319.84;320.33;319.84;320.08;320.08;171033;0
15.11.2025;12:15;320.08;320.33;319.84;320.33;320.08;298728;0
15.11.2025;12:30;320.33;320.33;319.59;319.84;319.96;173530;0
15.11.2025;12:45;319.84;320.33;319.59;320.08;319.96;180636;0
15.11.2025;13:00;320.08;321.81;320.08;320.08;320.94;1021679;0
15.11.2025;13:15;320.08;320.58;318.85;319.10;319.71;903647;0
15.11.2025;13:30;319.10;319.10;318.61;319.10;318.85;249270;0
15.11.2025;13:45;318.61;318.61;317.87;318.12;318.24;107375;0
15.11.2025;14:00;318.36;318.36;317.38;317.62;317.87;237001;0
15.11.2025;14:15;317.38;318.36;316.89;317.13;317.62;889830;0
15.11.2025;14:30;316.89;317.62;316.39;317.13;317.01;680776;0
15.11.2025;14:45;317.13;321.81;316.39;317.62;319.10;1582461;0
15.11.2025;15:00;317.62;318.12;317.62;317.87;317.87;42292;0
15.11.2025;15:15;317.87;318.85;317.62;318.61;318.24;252014;0
15.11.2025;15:30;318.61;318.85;318.12;318.12;318.48;256954;0
15.11.2025;15:45;318.61;318.61;316.64;316.89;317.62;362616;0
15.11.2025;16:00;316.89;317.13;316.39;316.39;316.76;322689;0
15.11.2025;16:15;316.15;316.39;315.41;316.39;315.90;616207;0
15.11.2025;16:30;316.64;317.62;315.66;317.62;316.64;649631;0
15.11.2025;16:45;316.89;317.38;316.39;316.39;316.89;80866;0
15.11.2025;17:00;316.89;316.89;316.39;316.64;316.64;178854;0
15.11.2025;17:15;316.64;316.64;315.90;316.39;316.27;263395;0
15.11.2025;17:30;315.90;316.39;315.90;316.39;316.15;98968;0
15.11.2025;17:45;316.89;317.62;316.15;317.38;316.89;840473;0
15.11.2025;18:00;316.89;317.62;315.90;315.90;316.76;235380;0
16.11.2025;10:00;318.12;318.12;316.64;317.38;317.38;919781;0
16.11.2025;10:15;318.12;318.12;315.16;315.90;316.64;1675896;0
16.11.2025;10:30;315.90;315.90;314.92;314.92;315.41;827111;0
16.11.2025;10:45;314.67;315.16;312.95;313.93;314.06;666509;0
16.11.2025;11:00;313.69;313.93;312.46;312.70;313.20;1387026;0
16.11.2025;11:15;312.95;313.93;312.46;313.44;313.20;527258;0
16.11.2025;11:30;313.93;313.93;312.70;313.44;313.32;351937;0
16.11.2025;11:45;313.44;314.18;313.44;314.18;313.81;242663;0
16.11.2025;12:00;314.67;314.67;313.93;314.43;314.30;111475;0
16.11.2025;12:15;314.67;314.92;313.93;313.93;314.43;321170;0
16.11.2025;12:30;314.43;314.43;313.44;313.44;313.93;62518;0
16.11.2025;12:45;313.44;313.69;313.20;313.44;313.44;194288;0
16.11.2025;13:00;313.44;313.69;312.70;313.20;313.20;224237;0
16.11.2025;13:15;313.20;314.92;312.70;314.67;313.81;2358053;0
16.11.2025;13:30;314.18;314.18;314.18;314.18;314.18;8300;0
16.11.2025;13:45;313.93;314.43;313.20;314.18;313.81;238176;0
16.11.2025;14:00;313.69;314.18;311.96;312.70;313.07;520198;0
16.11.2025;14:15;312.95;313.20;311.96;312.46;312.58;2661098;0
16.11.2025;14:30;312.46;312.46;312.21;312.46;312.33;116150;0
16.11.2025;14:45;312.46;312.46;311.96;312.21;312.21;46941;0
16.11.2025;15:00;312.21;312.21;311.47;311.96;311.84;194249;0
16.11.2025;15:15;311.72;311.96;311.72;311.96;311.84;933406;0
16.11.2025;15:30;311.96;312.21;311.72;311.72;311.96;89029;0
16.11.2025;15:45;311.72;314.67;311.47;314.67;313.07;1349949;0
16.11.2025;16:00;314.67;315.16;313.44;313.93;314.30;556687;0
16.11.2025;16:15;314.18;314.43;313.69;314.18;314.06;124722;0
16.11.2025;16:30;313.93;313.93;312.70;313.20;313.32;222154;0
16.11.2025;16:45;312.70;313.20;312.46;312.46;312.83;223270;0
16.11.2025;17:00;312.46;312.95;311.96;311.96;312.46;171037;0
16.11.2025;17:15;311.96;311.96;310.73;310.98;311.35;274800;0
16.11.2025;17:30;310.98;312.21;310.73;312.21;311.47;1174018;0
16.11.2025;17:45;311.72;311.96;311.23;311.23;311.60;645809;0
16.11.2025;18:00;311.23;311.23;310.49;310.49;310.86;658545;0
17.11.2025;10:00;310.49;311.96;310.24;310.49;311.10;683962;0
17.11.2025;10:15;310.00;310.98;306.55;310.24;308.77;1513209;0
17.11.2025;10:30;310.73;310.98;310.24;310.49;310.61;135990;0
17.11.2025;10:45;310.24;310.24;309.26;309.50;309.75;484643;0
17.11.2025;11:00;309.50;309.50;307.78;309.50;308.64;233056;0
17.11.2025;11:15;309.50;310.49;309.50;310.00;310.00;331678;0
17.11.2025;11:30;310.24;311.47;310.00;310.98;310.73;282785;0
17.11.2025;11:45;310.73;311.23;310.49;310.73;310.86;243766;0
17.11.2025;12:00;310.49;310.49;309.01;309.01;309.75;1178795;0
17.11.2025;12:15;310.00;310.49;309.01;310.24;309.75;1470392;0
17.11.2025;12:30;310.24;310.98;310.24;310.98;310.61;262888;0
17.11.2025;12:45;310.49;310.49;309.75;309.75;310.12;217212;0
17.11.2025;13:00;310.00;310.00;309.26;309.50;309.63;176817;0
17.11.2025;13:15;309.26;309.75;309.26;309.26;309.50;40256;0
17.11.2025;13:30;309.26;309.26;308.27;308.27;308.77;105104;0
17.11.2025;13:45;308.52;308.52;308.03;308.27;308.27;76435;0
17.11.2025;14:00;308.52;308.77;307.78;308.52;308.27;263270;0
17.11.2025;14:15;308.52;308.52;308.03;308.03;308.27;264852;0
17.11.2025;14:30;308.03;308.03;307.54;307.54;307.78;88833;0
17.11.2025;14:45;307.78;307.78;307.29;307.29;307.54;61830;0
17.11.2025;15:00;307.29;307.54;307.29;307.29;307.41;83707;0
17.11.2025;15:15;307.29;307.54;307.04;307.29;307.29;178928;0
17.11.2025;15:30;307.54;307.54;307.04;307.29;307.29;142992;0
17.11.2025;15:45;307.78;307.78;307.29;307.29;307.54;182401;0
17.11.2025;16:00;307.29;307.54;307.29;307.29;307.41;145865;0
17.11.2025;16:15;307.04;307.29;306.80;307.29;307.04;195325;0
17.11.2025;16:30;307.29;307.29;306.80;307.29;307.04;14987;0
17.11.2025;16:45;307.29;307.29;307.04;307.29;307.17;72427;0
17.11.2025;17:00;307.29;308.03;307.04;308.03;307.54;288750;0
17.11.2025;17:15;308.03;308.27;307.54;308.03;307.91;123279;0
17.11.2025;17:30;307.54;308.03;307.29;308.03;307.66;196262;0
17.11.2025;17:45;308.03;308.52;307.54;307.54;308.03;324912;0
17.11.2025;18:00;307.29;316.89;307.04;307.04;311.96;794723;0
18.11.2025;10:00;307.04;309.50;306.80;307.29;308.15;1194209;0
18.11.2025;10:15;307.54;308.03;307.04;307.29;307.54;594516;0
18.11.2025;10:30;307.29;307.54;307.04;307.54;307.29;165839;0
18.11.2025;10:45;307.54;309.26;307.29;309.01;308.27;609813;0
18.11.2025;11:00;309.01;309.01;308.52;309.01;308.77;246726;0
18.11.2025;11:15;309.26;309.50;308.27;308.77;308.89;371033;0
18.11.2025;11:30;308.52;308.77;308.03;308.03;308.40;303614;0
18.11.2025;11:45;308.03;308.27;307.54;308.27;307.91;176090;0
18.11.2025;12:00;307.78;308.52;307.78;307.78;308.15;189411;0
18.11.2025;12:15;307.78;308.03;307.54;307.54;307.78;83539;0
18.11.2025;12:30;307.78;308.03;307.04;308.03;307.54;281778;0
18.11.2025;12:45;308.03;308.03;306.80;306.80;307.41;165168;0
18.11.2025;13:00;306.80;307.29;306.80;307.29;307.04;227760;0
18.11.2025;13:15;307.29;307.54;307.04;307.54;307.29;59948;0
18.11.2025;13:30;307.29;307.54;307.04;307.29;307.29;45564;0
18.11.2025;13:45;307.29;308.03;307.29;308.03;307.66;998764;0
18.11.2025;14:00;307.54;308.27;307.04;307.29;307.66;283448;0
18.11.2025;14:15;307.29;307.29;306.80;306.80;307.04;96976;0
18.11.2025;14:30;306.80;306.80;306.55;306.55;306.68;48929;0
18.11.2025;14:45;307.04;307.78;307.04;307.04;307.41;100809;0
18.11.2025;15:00;307.04;307.04;306.31;306.80;306.68;541388;0
18.11.2025;15:15;306.80;307.04;305.81;306.06;306.43;508378;0
18.11.2025;15:30;306.55;306.55;306.06;306.06;306.31;138760;0
18.11.2025;15:45;306.31;306.80;306.31;306.55;306.55;124249;0
18.11.2025;16:00;306.55;306.55;305.08;305.57;305.81;499840;0
18.11.2025;16:15;305.32;305.81;305.32;305.57;305.57;49678;0
18.11.2025;16:30;305.57;306.55;305.57;306.55;306.06;356839;0
18.11.2025;16:45;306.80;306.80;305.81;305.81;306.31;224534;0
18.11.2025;17:00;306.31;306.80;305.32;305.32;306.06;348303;0
18.11.2025;17:15;305.32;310.00;305.08;307.04;307.54;952333;0
18.11.2025;17:30;306.55;306.80;306.06;306.31;306.43;60065;0
18.11.2025;17:45;305.81;306.80;305.57;306.55;306.18;672379;0
18.11.2025;18:00;306.55;306.80;305.57;305.57;306.18;351165;0
19.11.2025;10:00;305.57;306.55;305.08;306.55;305.81;278563;0
19.11.2025;10:15;306.31;308.03;306.06;307.29;307.04;806582;0
19.11.2025;10:30;306.80;307.04;306.55;306.55;306.80;301668;0
19.11.2025;10:45;306.55;306.55;304.34;306.06;305.45;486057;0
19.11.2025;11:00;306.31;306.55;306.06;306.55;306.31;44479;0
19.11.2025;11:15;306.55;306.55;306.06;306.55;306.31;51071;0
19.11.2025;11:30;306.55;306.55;306.06;306.06;306.31;5295;0
19.11.2025;11:45;306.06;306.06;305.57;305.57;305.81;143019;0
19.11.2025;12:00;305.57;305.81;305.57;305.81;305.69;45040;0
19.11.2025;12:15;305.81;306.80;305.81;306.55;306.31;313919;0
19.11.2025;12:30;306.55;307.29;306.55;307.29;306.92;122668;0
19.11.2025;12:45;307.04;307.54;306.80;306.80;307.17;74837;0
19.11.2025;13:00;307.29;307.54;307.29;307.54;307.41;45612;0
19.11.2025;13:15;307.54;307.54;306.31;306.80;306.92;1828280;0
19.11.2025;13:30;306.31;306.55;305.81;305.81;306.18;312892;0
19.11.2025;13:45;306.06;306.31;305.57;306.06;305.94;101641;0
19.11.2025;14:00;306.06;307.04;306.06;306.80;306.55;175516;0
19.11.2025;14:15;306.31;306.80;306.31;306.55;306.55;85297;0
19.11.2025;14:30;306.55;307.04;306.31;306.31;306.68;233972;0
19.11.2025;14:45;306.80;306.80;306.06;306.06;306.43;124517;0
19.11.2025;15:00;305.81;305.81;305.08;305.08;305.45;295984;0
19.11.2025;15:15;305.08;306.80;304.83;306.80;305.81;496310;0
19.11.2025;15:30;306.80;306.80;306.06;306.80;306.43;46723;0
19.11.2025;15:45;306.80;306.80;306.31;306.80;306.55;139526;0
19.11.2025;16:00;306.55;306.55;306.31;306.55;306.43;66323;0
19.11.2025;16:15;306.55;307.04;306.55;307.04;306.80;14961;0
19.11.2025;16:30;306.55;307.29;306.55;307.04;306.92;358314;0
19.11.2025;16:45;307.29;307.29;306.55;306.80;306.92;90974;0
19.11.2025;17:00;306.80;307.54;306.55;307.54;307.04;77414;0
19.11.2025;17:15;307.78;308.03;307.29;307.29;307.66;345168;0
19.11.2025;17:30;307.29;307.29;306.55;306.55;306.92;201541;0
19.11.2025;17:45;306.55;308.03;306.31;306.31;307.17;1101934;0
19.11.2025;18:00;307.04;307.54;306.55;307.29;307.04;471409;0
24.11.2025;10:00;307.29;310.98;306.80;310.49;308.89;1104226;0
24.11.2025;10:15;310.49;310.49;308.52;309.75;309.50;473288;0
24.11.2025;10:30;310.00;310.00;307.04;309.50;308.52;576166;0
24.11.2025;10:45;310.00;311.96;310.00;311.47;310.98;369437;0
24.11.2025;11:00;311.47;311.47;310.24;310.73;310.86;618674;0
24.11.2025;11:15;310.73;311.23;310.49;310.73;310.86;189292;0
24.11.2025;11:30;310.73;310.73;309.75;310.73;310.24;189729;0
24.11.2025;11:45;310.73;310.73;309.75;310.00;310.24;92397;0
24.11.2025;12:00;310.00;310.49;310.00;310.24;310.24;116875;0
24.11.2025;12:15;310.49;310.98;309.75;310.00;310.37;623572;0
24.11.2025;12:30;310.00;310.98;310.00;310.49;310.49;379670;0
24.11.2025;12:45;309.75;310.73;309.75;310.24;310.24;577250;0
24.11.2025;13:00;310.73;310.98;310.73;310.98;310.86;134838;0
24.11.2025;13:15;310.73;310.98;310.73;310.98;310.86;119373;0
24.11.2025;13:30;311.23;311.47;310.73;311.47;311.10;103701;0
24.11.2025;13:45;311.47;311.47;310.73;311.47;311.10;47108;0
24.11.2025;14:00;311.23;311.72;311.23;311.72;311.47;189861;0
24.11.2025;14:15;311.72;312.95;311.47;311.96;312.21;781045;0
24.11.2025;14:30;311.96;311.96;311.23;311.96;311.60;290176;0
24.11.2025;14:45;311.96;312.70;311.96;312.70;312.33;341946;0
24.11.2025;15:00;312.21;314.92;312.21;313.93;313.56;2115867;0
24.11.2025;15:15;313.93;316.39;313.69;315.90;315.04;1816078;0
24.11.2025;15:30;315.90;316.15;315.41;315.41;315.78;763782;0
24.11.2025;15:45;315.66;316.39;315.41;316.15;315.90;305708;0
24.11.2025;16:00;315.90;324.76;315.66;321.31;320.21;6739935;0
24.11.2025;16:15;321.07;325.00;320.08;323.28;322.54;4438594;0
24.11.2025;16:30;323.28;324.27;320.82;322.54;322.54;2895753;0
24.11.2025;16:45;322.54;330.66;321.56;328.94;326.11;4577899;0
24.11.2025;17:00;329.43;336.32;328.69;331.89;332.51;7595229;0
24.11.2025;17:15;331.40;331.65;319.10;325.50;325.37;5665846;0
24.11.2025;17:30;325.99;327.96;323.04;323.77;325.50;6132802;0
24.11.2025;17:45;324.02;325.50;321.81;325.25;323.65;3472531;0
24.11.2025;18:00;325.25;325.25;321.31;321.81;323.28;1661602;0
25.11.2025;10:00;319.84;323.77;318.85;323.28;321.31;2557312;0
25.11.2025;10:15;322.79;323.28;319.35;319.35;321.31;3759810;0
25.11.2025;10:30;319.35;319.35;317.62;319.10;318.48;1412272;0
25.11.2025;10:45;319.59;319.84;318.85;319.59;319.35;369720;0
25.11.2025;11:00;319.35;320.82;317.87;320.82;319.35;1032867;0
25.11.2025;11:15;321.07;324.76;320.33;322.54;322.54;1383432;0
25.11.2025;11:30;322.54;324.27;321.81;322.05;323.04;1290174;0
25.11.2025;11:45;322.54;323.53;320.82;323.28;322.18;1437508;0
25.11.2025;12:00;323.53;324.51;322.54;323.77;323.53;1240375;0
25.11.2025;12:15;323.28;323.28;321.31;321.81;322.30;90981;0
25.11.2025;12:30;321.07;321.31;319.84;321.31;320.58;552641;0
25.11.2025;12:45;321.31;321.31;320.08;320.08;320.70;88482;0
25.11.2025;13:00;320.33;320.58;319.35;319.35;319.96;643746;0
25.11.2025;13:15;319.35;319.59;319.10;319.35;319.35;141775;0
25.11.2025;13:30;319.35;319.35;317.87;318.85;318.61;280836;0
25.11.2025;13:45;318.85;318.85;317.87;317.87;318.36;460780;0
25.11.2025;14:00;317.87;318.36;317.62;317.87;317.99;205344;0
25.11.2025;14:15;317.87;318.36;317.13;317.38;317.75;469654;0
25.11.2025;14:30;317.38;317.38;316.39;316.89;316.89;919666;0
25.11.2025;14:45;316.89;317.13;316.39;316.39;316.76;174691;0
25.11.2025;15:00;316.64;317.13;316.39;317.13;316.76;476849;0
25.11.2025;15:15;317.13;317.87;315.90;316.64;316.89;878245;0
25.11.2025;15:30;316.64;316.89;316.15;316.15;316.52;413952;0
25.11.2025;15:45;316.15;316.39;315.41;316.39;315.90;468566;0
25.11.2025;16:00;316.39;316.39;316.15;316.15;316.27;73623;0
25.11.2025;16:15;316.15;316.39;315.90;315.90;316.15;224137;0
25.11.2025;16:30;316.39;316.39;315.66;315.66;316.02;168262;0
25.11.2025;16:45;316.15;316.15;315.16;316.15;315.66;534058;0
25.11.2025;17:00;316.15;316.39;315.41;315.90;315.90;160731;0
25.11.2025;17:15;315.90;315.90;315.41;315.66;315.66;212284;0
25.11.2025;17:30;315.41;316.39;315.41;315.41;315.90;241269;0
25.11.2025;17:45;315.41;315.66;314.67;315.41;315.16;548778;0
25.11.2025;18:00;315.16;315.41;313.93;313.93;314.67;1201670;0
26.11.2025;10:00;313.93;315.90;312.21;315.66;314.06;2402190;0
26.11.2025;10:15;315.66;317.38;314.67;316.89;316.02;2034361;0
26.11.2025;10:30;316.64;316.64;314.92;315.16;315.78;272876;0
26.11.2025;10:45;314.92;315.41;314.43;315.16;314.92;644709;0
26.11.2025;11:00;315.41;316.15;314.67;316.15;315.41;542988;0
26.11.2025;11:15;316.15;316.89;315.90;315.90;316.39;808648;0
26.11.2025;11:30;315.90;317.13;315.41;315.90;316.27;2056165;0
26.11.2025;11:45;315.90;317.13;315.66;315.66;316.39;484545;0
26.11.2025;12:00;315.90;320.82;315.90;317.62;318.36;2046891;0
26.11.2025;12:15;317.62;317.62;316.64;317.13;317.13;154337;0
26.11.2025;12:30;316.89;317.38;316.39;316.39;316.89;107914;0
26.11.2025;12:45;316.89;317.38;316.64;316.89;317.01;39610;0
26.11.2025;13:00;316.89;317.87;316.64;317.13;317.25;264656;0
26.11.2025;13:15;316.89;317.38;316.89;317.13;317.13;119232;0
26.11.2025;13:30;317.38;317.87;317.38;317.87;317.62;30361;0
26.11.2025;13:45;317.62;318.36;317.13;317.62;317.75;497841;0
26.11.2025;14:00;317.62;330.17;317.62;327.46;323.90;8365499;0
26.11.2025;14:15;327.71;327.96;320.08;324.76;324.02;3933308;0
26.11.2025;14:30;324.76;328.20;324.02;326.23;326.11;2297400;0
26.11.2025;14:45;326.48;328.20;324.27;324.27;326.23;2832589;0
26.11.2025;15:00;324.51;327.46;323.77;326.23;325.62;1826284;0
26.11.2025;15:15;326.23;327.71;322.05;323.77;324.88;2698663;0
26.11.2025;15:30;324.27;328.45;324.27;326.23;326.36;2719342;0
26.11.2025;15:45;326.48;338.04;326.48;329.19;332.26;11477932;0
26.11.2025;16:00;329.68;331.16;327.96;329.68;329.56;7399837;0
26.11.2025;16:15;329.19;331.89;328.69;328.69;330.29;2480080;0
26.11.2025;16:30;328.69;330.42;326.97;328.45;328.69;2766350;0
26.11.2025;16:45;327.46;328.20;326.73;326.97;327.46;2290543;0
26.11.2025;17:00;326.73;326.73;324.02;325.25;325.37;1762860;0
26.11.2025;17:15;324.51;325.99;323.53;325.74;324.76;687469;0
26.11.2025;17:30;325.25;328.45;321.81;325.25;325.13;1926077;0
26.11.2025;17:45;324.27;338.04;324.27;336.57;331.16;10423102;0
26.11.2025;18:00;336.32;337.06;326.48;326.48;331.77;3948189;0
27.11.2025;10:00;326.73;331.65;325.25;331.16;328.45;3465219;0
27.11.2025;10:15;331.89;332.14;326.97;328.20;329.56;3915422;0
27.11.2025;10:30;328.20;328.69;324.51;325.00;326.60;3436210;0
27.11.2025;10:45;324.76;325.25;322.79;323.53;324.02;1942189;0
27.11.2025;11:00;323.53;324.27;317.87;322.05;321.07;2002272;0
27.11.2025;11:15;322.05;322.54;321.81;321.81;322.18;459552;0
27.11.2025;11:30;321.56;321.81;319.59;321.56;320.70;1176464;0
27.11.2025;11:45;321.56;322.30;321.07;321.07;321.68;327715;0
27.11.2025;12:00;321.07;321.31;320.33;320.58;320.82;640216;0
27.11.2025;12:15;320.33;320.82;320.33;320.82;320.58;426849;0
27.11.2025;12:30;320.82;322.54;320.33;320.58;321.44;1064013;0
27.11.2025;12:45;320.58;322.30;320.33;321.31;321.31;787601;0
27.11.2025;13:00;321.56;321.56;320.08;321.31;320.82;879339;0
27.11.2025;13:15;321.31;321.56;320.33;321.56;320.94;157435;0
27.11.2025;13:30;321.56;323.28;321.07;323.04;322.18;980248;0
27.11.2025;13:45;323.04;330.66;323.04;325.74;326.85;5348686;0
27.11.2025;14:00;325.99;329.68;325.99;328.20;327.83;2173532;0
27.11.2025;14:15;327.71;327.71;325.74;326.48;326.73;564377;0
27.11.2025;14:30;326.48;326.73;325.50;326.73;326.11;424284;0
27.11.2025;14:45;326.48;327.96;325.00;325.25;326.48;1488426;0
27.11.2025;15:00;325.25;325.25;324.02;324.76;324.64;306548;0
27.11.2025;15:15;324.51;324.76;324.27;324.51;324.51;82096;0
27.11.2025;15:30;324.51;324.51;324.51;324.51;324.51;201147;0
27.11.2025;15:45;324.51;324.51;324.02;324.02;324.27;120004;0
27.11.2025;16:00;324.27;324.27;322.54;322.54;323.41;924636;0
27.11.2025;16:15;322.54;322.79;321.31;321.31;322.05;879106;0
27.11.2025;16:30;321.81;321.81;320.82;321.31;321.31;408422;0
27.11.2025;16:45;321.07;322.05;321.07;321.31;321.56;529477;0
27.11.2025;17:00;320.82;322.54;320.82;322.05;321.68;489797;0
27.11.2025;17:15;322.54;323.04;321.56;321.56;322.30;504103;0
27.11.2025;17:30;321.56;322.79;320.58;320.82;321.68;1616952;0
27.11.2025;17:45;321.31;322.05;320.33;321.31;321.19;1241495;0
27.11.2025;18:00;322.05;322.30;320.08;320.08;321.19;1128407;0
28.11.2025;10:00;321.31;323.53;321.31;321.81;322.42;1220487;0
28.11.2025;10:15;321.07;322.05;319.59;321.31;320.82;1629709;0
28.11.2025;10:30;321.07;321.56;320.08;320.82;320.82;484824;0
28.11.2025;10:45;320.82;321.56;320.33;320.58;320.94;858937;0
28.11.2025;11:00;320.58;321.56;317.87;318.85;319.71;2501365;0
28.11.2025;11:15;319.10;319.59;317.87;319.59;318.73;1089889;0
28.11.2025;11:30;319.35;320.58;319.35;320.08;319.96;576605;0
28.11.2025;11:45;320.33;321.31;318.12;321.31;319.71;794996;0
28.11.2025;12:00;320.82;321.07;319.84;320.58;320.45;374373;0
28.11.2025;12:15;320.82;321.31;319.35;319.35;320.33;1349745;0
28.11.2025;12:30;319.35;320.33;318.36;318.36;319.35;363322;0
28.11.2025;12:45;318.85;318.85;318.36;318.85;318.61;986575;0
28.11.2025;13:00;319.35;319.35;318.61;318.61;318.98;229275;0
28.11.2025;13:15;318.61;319.84;318.36;318.85;319.10;453218;0
28.11.2025;13:30;318.85;318.85;318.36;318.61;318.61;138539;0
28.11.2025;13:45;318.36;318.61;317.87;318.36;318.24;200867;0
28.11.2025;14:00;318.36;318.61;316.15;317.87;317.38;1330112;0
28.11.2025;14:15;317.87;317.87;317.62;317.87;317.75;107177;0
28.11.2025;14:30;317.87;318.12;317.38;317.38;317.75;402321;0
28.11.2025;14:45;317.38;318.85;317.38;318.85;318.12;549229;0
28.11.2025;15:00;319.35;319.35;317.38;317.38;318.36;568204;0
28.11.2025;15:15;317.38;320.08;316.89;317.62;318.48;1524506;0
28.11.2025;15:30;318.12;318.12;317.13;317.13;317.62;833469;0
28.11.2025;15:45;317.62;317.87;317.38;317.62;317.62;52578;0
28.11.2025;16:00;318.12;320.33;318.12;318.85;319.22;437534;0
28.11.2025;16:15;319.35;319.35;318.61;318.85;318.98;214144;0
28.11.2025;16:30;318.85;319.35;318.61;318.85;318.98;169762;0
28.11.2025;16:45;319.35;319.84;318.85;319.84;319.35;373925;0
28.11.2025;17:00;320.08;321.56;319.35;321.31;320.45;468555;0
28.11.2025;17:15;320.58;321.31;319.84;321.07;320.58;550723;0
28.11.2025;17:30;321.31;323.04;321.07;322.54;322.05;965601;0
28.11.2025;17:45;322.54;324.27;322.30;324.27;323.28;1049891;0
28.11.2025;18:00;324.27;327.71;324.02;327.71;325.87;2822298;0
01.12.2025;10:00;328.69;332.14;328.69;330.42;330.42;2434902;0
01.12.2025;10:15;330.42;336.57;330.42;336.57;333.49;4733644;0
01.12.2025;10:30;336.57;338.04;333.62;333.62;335.83;2961749;0
01.12.2025;10:45;333.86;333.86;331.89;332.39;332.88;1367157;0
01.12.2025;11:00;332.39;333.12;331.65;332.88;332.39;461554;0
01.12.2025;11:15;332.63;335.34;330.91;334.85;333.12;1646444;0
01.12.2025;11:30;334.85;336.32;333.62;333.86;334.97;3280422;0
01.12.2025;11:45;333.86;333.86;332.39;333.12;333.12;1197169;0
01.12.2025;12:00;332.88;332.88;332.63;332.88;332.75;1538498;0
01.12.2025;12:15;332.63;332.88;332.14;332.63;332.51;823894;0
01.12.2025;12:30;332.88;333.62;331.65;333.37;332.63;1723048;0
01.12.2025;12:45;333.37;335.09;332.39;334.60;333.74;627266;0
01.12.2025;13:00;334.35;336.57;334.35;334.60;335.46;743146;0
01.12.2025;13:15;335.58;336.32;335.58;336.08;335.95;422070;0
01.12.2025;13:30;335.83;337.06;332.39;336.81;334.72;1173239;0
01.12.2025;13:45;336.81;337.31;336.08;336.08;336.69;392564;0
01.12.2025;14:00;336.08;337.06;336.08;336.81;336.57;432578;0
01.12.2025;14:15;336.32;337.55;335.34;336.81;336.44;1866559;0
01.12.2025;14:30;336.57;337.06;335.83;336.08;336.44;443237;0
01.12.2025;14:45;335.83;335.83;334.60;334.60;335.21;424051;0
01.12.2025;15:00;335.09;335.09;334.11;334.85;334.60;270099;0
01.12.2025;15:15;334.60;334.60;333.37;333.37;333.98;825465;0
01.12.2025;15:30;333.37;333.62;333.12;333.62;333.37;283535;0
01.12.2025;15:45;333.62;333.62;332.63;333.62;333.12;363063;0
01.12.2025;16:00;333.62;333.62;332.14;333.12;332.88;1066759;0
01.12.2025;16:15;332.63;334.35;332.39;334.11;333.37;1042703;0
01.12.2025;16:30;334.11;334.11;332.88;333.12;333.49;1144849;0
01.12.2025;16:45;333.12;333.62;332.39;332.39;333.00;240958;0
01.12.2025;17:00;332.39;332.63;332.14;332.14;332.39;402845;0
01.12.2025;17:15;332.14;332.14;331.40;331.65;331.77;783422;0
01.12.2025;17:30;331.65;331.89;331.40;331.65;331.65;428604;0
01.12.2025;17:45;331.89;332.14;331.40;331.40;331.77;365024;0
01.12.2025;18:00;331.40;333.37;331.16;332.14;332.26;905785;0
02.12.2025;10:00;333.86;334.11;328.94;329.19;331.52;3489789;0
02.12.2025;10:15;329.43;330.42;328.94;329.43;329.68;1587391;0
02.12.2025;10:30;329.43;329.68;327.22;328.20;328.45;1207354;0
02.12.2025;10:45;328.20;328.20;326.97;327.22;327.59;500808;0
02.12.2025;11:00;327.22;327.22;325.74;326.73;326.48;1058429;0
02.12.2025;11:15;326.97;326.97;325.74;326.23;326.36;897463;0
02.12.2025;11:30;326.23;326.23;325.99;326.23;326.11;349320;0
02.12.2025;11:45;326.48;326.97;326.48;326.97;326.73;54421;0
02.12.2025;12:00;326.73;326.97;326.23;326.73;326.60;196228;0
02.12.2025;12:15;326.97;327.22;325.74;326.23;326.48;719953;0
02.12.2025;12:30;326.23;326.23;325.50;325.50;325.87;259171;0
02.12.2025;12:45;325.25;326.23;325.00;325.74;325.62;1096074;0
02.12.2025;13:00;326.23;326.23;325.00;325.00;325.62;585302;0
02.12.2025;13:15;325.00;325.25;324.76;325.25;325.00;191825;0
02.12.2025;13:30;325.25;325.25;325.00;325.25;325.13;233866;0
02.12.2025;13:45;325.25;330.66;325.25;329.19;327.96;1235457;0
02.12.2025;14:00;329.43;329.93;328.69;328.69;329.31;180688;0
02.12.2025;14:15;328.20;330.17;327.96;329.68;329.06;625994;0
02.12.2025;14:30;329.68;329.68;329.19;329.68;329.43;70259;0
02.12.2025;14:45;329.43;329.68;329.19;329.43;329.43;348231;0
02.12.2025;15:00;329.19;329.19;327.71;327.71;328.45;290485;0
02.12.2025;15:15;327.96;328.20;327.22;327.22;327.71;363536;0
02.12.2025;15:30;327.22;327.71;327.22;327.46;327.46;130381;0
02.12.2025;15:45;327.71;328.20;326.97;327.71;327.59;144733;0
02.12.2025;16:00;327.71;327.71;326.97;327.22;327.34;852801;0
02.12.2025;16:15;327.46;327.96;327.22;327.22;327.59;289841;0
02.12.2025;16:30;327.96;327.96;326.48;326.73;327.22;367280;0
02.12.2025;16:45;326.73;327.22;326.73;326.73;326.97;67407;0
02.12.2025;17:00;326.97;327.22;326.73;326.97;326.97;76090;0
02.12.2025;17:15;327.22;327.96;326.48;327.22;327.22;325438;0
02.12.2025;17:30;327.46;327.71;326.97;326.97;327.34;179834;0
02.12.2025;17:45;326.97;328.45;326.97;328.45;327.71;388919;0
02.12.2025;18:00;328.20;329.19;326.73;329.19;327.96;1634212;0
03.12.2025;10:00;326.97;330.66;326.97;330.17;328.82;1340885;0
03.12.2025;10:15;330.17;333.37;329.68;330.66;331.52;2142783;0
03.12.2025;10:30;330.66;332.63;329.19;332.63;330.91;1225314;0
03.12.2025;10:45;332.39;333.12;330.17;330.66;331.65;654758;0
03.12.2025;11:00;330.66;332.14;329.93;331.89;331.03;433091;0
03.12.2025;11:15;331.16;331.89;330.66;330.91;331.28;283714;0
03.12.2025;11:30;330.66;332.39;330.66;332.39;331.52;395738;0
03.12.2025;11:45;332.39;332.63;331.65;332.39;332.14;121810;0
03.12.2025;12:00;331.89;332.63;331.89;332.63;332.26;763830;0
03.12.2025;12:15;332.88;333.86;332.39;333.62;333.12;1479135;0
03.12.2025;12:30;333.37;333.37;331.65;331.89;332.51;450450;0
03.12.2025;12:45;331.89;335.09;331.40;334.35;333.25;1034393;0
03.12.2025;13:00;334.35;339.27;334.35;338.54;336.81;3864681;0
03.12.2025;13:15;338.54;338.54;336.57;336.57;337.55;585223;0
03.12.2025;13:30;337.06;337.06;334.60;335.58;335.83;629110;0
03.12.2025;13:45;336.08;336.32;335.09;335.09;335.71;461051;0
03.12.2025;14:00;335.34;335.34;334.11;334.85;334.72;404596;0
03.12.2025;14:15;334.85;335.34;334.11;334.11;334.72;117661;0
03.12.2025;14:30;334.11;334.11;333.37;333.37;333.74;336186;0
03.12.2025;14:45;333.86;333.86;332.88;333.12;333.37;132715;0
03.12.2025;15:00;333.12;334.11;332.88;333.86;333.49;346139;0
03.12.2025;15:15;333.86;334.35;333.37;333.37;333.86;157771;0
03.12.2025;15:30;333.12;333.62;333.12;333.12;333.37;188568;0
03.12.2025;15:45;333.37;334.60;333.12;334.35;333.86;446446;0
03.12.2025;16:00;333.86;335.34;333.86;334.85;334.60;687096;0
03.12.2025;16:15;334.85;334.85;333.62;333.86;334.23;133476;0
03.12.2025;16:30;333.86;334.11;333.12;333.62;333.62;504765;0
03.12.2025;16:45;332.88;332.88;330.91;331.65;331.89;600816;0
03.12.2025;17:00;331.40;332.14;330.66;331.40;331.40;566474;0
03.12.2025;17:15;331.40;332.14;331.16;331.16;331.65;321894;0
03.12.2025;17:30;331.40;331.65;330.42;330.66;331.03;201096;0
03.12.2025;17:45;331.40;331.89;330.42;330.91;331.16;1330778;0
03.12.2025;18:00;331.16;331.65;329.19;329.19;330.42;795135;0
04.12.2025;10:00;330.66;332.39;328.94;330.17;330.66;769301;0
04.12.2025;10:15;330.42;334.60;330.42;333.12;332.51;1488980;0
04.12.2025;10:30;333.37;333.37;330.66;331.16;332.02;368244;0
04.12.2025;10:45;331.16;331.40;329.68;329.93;330.54;448834;0
04.12.2025;11:00;330.42;330.42;329.93;330.42;330.17;217048;0
04.12.2025;11:15;330.42;330.42;329.68;329.68;330.05;405089;0
04.12.2025;11:30;329.93;330.66;329.93;330.17;330.29;34249;0
04.12.2025;11:45;330.42;330.66;329.93;330.42;330.29;212161;0
04.12.2025;12:00;330.42;330.66;330.42;330.66;330.54;37941;0
04.12.2025;12:15;330.66;330.66;329.93;329.93;330.29;138658;0
04.12.2025;12:30;329.93;329.93;329.19;329.68;329.56;208251;0
04.12.2025;12:45;329.68;330.66;329.68;330.66;330.17;122550;0
04.12.2025;13:00;330.17;330.17;330.17;330.17;330.17;43615;0
04.12.2025;13:15;330.17;331.16;330.17;331.16;330.66;146850;0
04.12.2025;13:30;331.40;333.62;331.16;331.16;332.39;797617;0
04.12.2025;13:45;330.66;332.14;330.66;331.65;331.40;266065;0
04.12.2025;14:00;332.39;334.60;331.40;333.86;333.00;926716;0
04.12.2025;14:15;333.86;333.86;330.91;331.89;332.39;521059;0
04.12.2025;14:30;331.89;333.86;331.65;333.86;332.75;518557;0
04.12.2025;14:45;333.12;334.35;329.68;333.12;332.02;672019;0
04.12.2025;15:00;333.12;333.12;332.39;332.63;332.75;256250;0
04.12.2025;15:15;332.63;333.12;332.63;332.88;332.88;258740;0
04.12.2025;15:30;333.12;333.37;333.12;333.12;333.25;128645;0
04.12.2025;15:45;332.63;332.63;332.14;332.63;332.39;59469;0
04.12.2025;16:00;332.63;333.12;332.63;333.12;332.88;35491;0
04.12.2025;16:15;332.63;333.12;332.63;332.63;332.88;74092;0
04.12.2025;16:30;332.39;332.39;331.40;331.89;331.89;279252;0
04.12.2025;16:45;331.40;332.39;331.16;332.14;331.77;162074;0
04.12.2025;17:00;332.14;332.14;332.14;332.14;332.14;11812;0
04.12.2025;17:15;332.14;334.11;332.14;333.12;333.12;425434;0
04.12.2025;17:30;333.37;333.62;332.14;333.62;332.88;408309;0
04.12.2025;17:45;333.62;334.35;331.89;331.89;333.12;685501;0
04.12.2025;18:00;331.89;332.39;331.65;331.89;332.02;573450;0
05.12.2025;10:00;332.88;335.09;332.14;333.12;333.62;1435126;0
05.12.2025;10:15;333.12;334.85;332.88;333.12;333.86;1709812;0
05.12.2025;10:30;333.12;334.11;333.12;333.12;333.62;175142;0
05.12.2025;10:45;332.88;332.88;330.66;330.66;331.77;947799;0
05.12.2025;11:00;330.66;331.65;329.68;330.42;330.66;2334170;0
05.12.2025;11:15;330.42;330.66;329.43;329.68;330.05;2035954;0
05.12.2025;11:30;329.43;329.68;328.20;328.20;328.94;1722573;0
05.12.2025;11:45;328.20;329.43;328.20;328.94;328.82;255628;0
05.12.2025;12:00;328.69;328.94;328.20;328.20;328.57;352014;0
05.12.2025;12:15;328.45;328.45;327.71;327.71;328.08;590725;0
05.12.2025;12:30;327.71;327.71;326.23;326.97;326.97;1753284;0
05.12.2025;12:45;326.73;327.46;326.73;326.97;327.10;242359;0
05.12.2025;13:00;327.46;328.69;327.22;328.20;327.96;377246;0
05.12.2025;13:15;327.71;328.45;327.22;327.96;327.83;1061028;0
05.12.2025;13:30;327.96;328.20;324.76;326.23;326.48;1234199;0
05.12.2025;13:45;325.74;326.23;323.28;323.77;324.76;2975239;0
05.12.2025;14:00;323.77;323.77;321.81;322.54;322.79;2555941;0
05.12.2025;14:15;322.54;322.54;320.58;321.81;321.56;1409750;0
05.12.2025;14:30;321.81;321.81;320.58;320.82;321.19;1383903;0
05.12.2025;14:45;320.82;321.31;318.85;319.35;320.08;2134559;0
05.12.2025;15:00;319.84;320.82;319.59;320.58;320.21;676579;0
05.12.2025;15:15;320.82;320.82;318.36;318.85;319.59;1446086;0
05.12.2025;15:30;318.85;319.35;316.64;316.89;317.99;2979452;0
05.12.2025;15:45;316.89;319.10;316.64;318.36;317.87;1578853;0
05.12.2025;16:00;318.36;319.35;318.36;319.35;318.85;988586;0
05.12.2025;16:15;319.10;319.84;319.10;319.10;319.47;177621;0
05.12.2025;16:30;319.10;319.59;318.85;319.59;319.22;362270;0
05.12.2025;16:45;319.59;320.08;319.10;319.84;319.59;237703;0
05.12.2025;17:00;320.08;320.08;319.10;319.35;319.59;173299;0
05.12.2025;17:15;319.35;320.08;319.35;320.08;319.71;222662;0
05.12.2025;17:30;320.08;321.07;320.08;320.82;320.58;511291;0
05.12.2025;17:45;320.82;320.82;318.85;318.85;319.84;1127696;0
05.12.2025;18:00;318.85;319.10;317.87;318.36;318.48;1686095;0
08.12.2025;10:00;318.85;321.31;318.85;320.33;320.08;831881;0
08.12.2025;10:15;320.33;320.82;320.08;320.08;320.45;363987;0
08.12.2025;10:30;319.84;320.82;319.84;320.82;320.33;480211;0
08.12.2025;10:45;320.82;323.28;320.82;322.05;322.05;907883;0
08.12.2025;11:00;322.30;322.79;322.05;322.30;322.42;313832;0
08.12.2025;11:15;322.30;323.04;322.30;322.79;322.67;638671;0
08.12.2025;11:30;322.79;323.53;322.30;323.28;322.91;578689;0
08.12.2025;11:45;323.28;323.28;322.30;322.30;322.79;400971;0
08.12.2025;12:00;322.30;322.54;322.05;322.54;322.30;193560;0
08.12.2025;12:15;322.30;323.04;322.30;322.54;322.67;138676;0
08.12.2025;12:30;322.30;322.54;321.56;321.81;322.05;627924;0
08.12.2025;12:45;321.81;322.05;319.35;320.08;320.70;2365689;0
08.12.2025;13:00;320.33;320.33;319.35;320.33;319.84;527456;0
08.12.2025;13:15;320.08;321.07;320.08;321.07;320.58;252829;0
08.12.2025;13:30;320.58;320.82;318.61;319.59;319.71;777166;0
08.12.2025;13:45;320.08;320.08;319.10;319.59;319.59;352401;0
08.12.2025;14:00;319.59;320.33;319.59;320.33;319.96;120251;0
08.12.2025;14:15;319.84;319.84;318.85;319.10;319.35;224615;0
08.12.2025;14:30;319.10;319.35;318.36;319.35;318.85;696479;0
08.12.2025;14:45;318.85;318.85;318.36;318.36;318.61;179014;0
08.12.2025;15:00;318.61;318.85;318.36;318.85;318.61;300054;0
08.12.2025;15:15;318.36;318.36;317.87;318.12;318.12;218856;0
08.12.2025;15:30;317.87;317.87;317.38;317.87;317.62;297078;0
08.12.2025;15:45;318.12;318.36;317.62;317.87;317.99;248545;0
08.12.2025;16:00;317.87;318.85;317.87;318.85;318.36;263806;0
08.12.2025;16:15;318.85;319.35;318.36;319.35;318.85;433986;0
08.12.2025;16:30;319.10;319.35;318.12;318.61;318.73;705241;0
08.12.2025;16:45;319.10;319.10;318.61;318.61;318.85;8097;0
08.12.2025;17:00;318.85;319.35;318.12;318.36;318.73;345647;0
08.12.2025;17:15;318.61;319.84;318.61;319.35;319.22;329006;0
08.12.2025;17:30;319.35;319.35;318.36;318.85;318.85;381698;0
08.12.2025;17:45;318.85;319.84;318.61;318.85;319.22;538924;0
08.12.2025;18:00;319.10;319.84;318.61;319.59;319.22;448967;0
09.12.2025;10:00;319.84;320.58;319.10;319.35;319.84;662799;0
09.12.2025;10:15;319.35;320.08;318.85;319.84;319.47;237261;0
09.12.2025;10:30;319.35;320.58;319.35;319.35;319.96;610310;0
09.12.2025;10:45;319.10;319.10;317.62;318.12;318.36;557048;0
09.12.2025;11:00;318.12;318.85;317.62;317.87;318.24;393672;0
09.12.2025;11:15;318.12;318.85;317.38;317.38;318.12;420907;0
09.12.2025;11:30;318.12;318.12;317.62;317.62;317.87;379293;0
09.12.2025;11:45;317.87;318.61;317.87;318.36;318.24;121191;0
09.12.2025;12:00;318.36;318.61;317.62;317.62;318.12;78539;0
09.12.2025;12:15;317.62;317.87;317.38;317.38;317.62;61638;0
09.12.2025;12:30;317.38;318.36;317.13;318.36;317.75;656319;0
09.12.2025;12:45;318.36;318.61;317.13;317.38;317.87;369935;0
09.12.2025;13:00;317.87;318.12;317.38;317.62;317.75;98141;0
09.12.2025;13:15;317.87;318.12;317.13;317.13;317.62;195035;0
09.12.2025;13:30;317.87;317.87;317.87;317.87;317.87;13243;0
09.12.2025;13:45;317.87;317.87;317.62;317.87;317.75;92002;0
09.12.2025;14:00;317.87;317.87;314.92;316.89;316.39;1506773;0
09.12.2025;14:15;316.89;317.87;316.89;317.38;317.38;76121;0
09.12.2025;14:30;317.13;317.13;316.39;316.39;316.76;417766;0
09.12.2025;14:45;316.64;316.89;316.15;316.89;316.52;78155;0
09.12.2025;15:00;316.89;317.38;316.64;316.64;317.01;140407;0
09.12.2025;15:15;316.89;318.12;316.64;318.12;317.38;293966;0
09.12.2025;15:30;317.38;317.87;317.38;317.87;317.62;119004;0
09.12.2025;15:45;317.38;318.61;317.38;318.61;317.99;329029;0
09.12.2025;16:00;318.61;318.85;318.61;318.61;318.73;135977;0
09.12.2025;16:15;319.10;319.84;318.85;318.85;319.35;391179;0
09.12.2025;16:30;319.35;319.35;317.87;317.87;318.61;470103;0
09.12.2025;16:45;318.12;318.12;316.89;316.89;317.50;95848;0
09.12.2025;17:00;316.89;317.38;315.90;317.13;316.64;382063;0
09.12.2025;17:15;317.38;317.38;316.39;316.89;316.89;130321;0
09.12.2025;17:30;317.38;317.87;316.89;317.13;317.38;55427;0
09.12.2025;17:45;317.13;317.87;316.64;317.13;317.25;1182325;0
09.12.2025;18:00;316.89;317.13;316.15;316.89;316.64;956427;0
10.12.2025;10:00;316.89;319.84;315.90;319.10;317.87;695883;0
10.12.2025;10:15;318.61;318.85;316.64;318.85;317.75;727915;0
10.12.2025;10:30;318.61;318.61;316.39;316.39;317.50;430749;0
10.12.2025;10:45;316.64;316.64;315.66;315.90;316.15;358085;0
10.12.2025;11:00;315.66;315.90;314.92;315.66;315.41;431437;0
10.12.2025;11:15;315.16;315.41;314.92;315.41;315.16;608750;0
10.12.2025;11:30;315.41;315.41;314.67;314.92;315.04;303266;0
10.12.2025;11:45;315.16;315.16;314.67;314.67;314.92;190386;0
10.12.2025;12:00;314.43;315.90;314.43;315.90;315.16;1130360;0
10.12.2025;12:15;315.41;315.90;314.92;314.92;315.41;354599;0
10.12.2025;12:30;315.16;315.41;314.67;314.92;315.04;31043;0
10.12.2025;12:45;314.43;314.92;314.18;314.92;314.55;101610;0
10.12.2025;13:00;314.18;314.67;314.18;314.67;314.43;177577;0
10.12.2025;13:15;314.43;314.67;314.43;314.43;314.55;299265;0
10.12.2025;13:30;314.43;314.92;314.43;314.67;314.67;92365;0
10.12.2025;13:45;314.43;315.41;314.43;314.67;314.92;613089;0
10.12.2025;14:00;314.67;314.67;314.43;314.43;314.55;225354;0
10.12.2025;14:15;314.43;314.67;314.18;314.67;314.43;70932;0
10.12.2025;14:30;314.67;314.67;314.67;314.67;314.67;157638;0
10.12.2025;14:45;314.67;314.92;314.18;314.92;314.55;258796;0
10.12.2025;15:00;314.92;315.16;314.67;315.16;314.92;172862;0
10.12.2025;15:15;315.16;315.41;314.92;314.92;315.16;106316;0
10.12.2025;15:30;314.92;314.92;314.43;314.43;314.67;583294;0
10.12.2025;15:45;314.18;314.67;313.44;313.93;314.06;415242;0
10.12.2025;16:00;313.44;314.43;313.44;314.43;313.93;109498;0
10.12.2025;16:15;314.67;314.67;314.67;314.67;314.67;28138;0
10.12.2025;16:30;314.67;315.90;314.67;315.41;315.29;789242;0
10.12.2025;16:45;315.41;315.41;314.67;314.67;315.04;249532;0
10.12.2025;17:00;314.92;314.92;314.18;314.18;314.55;220017;0
10.12.2025;17:15;314.18;314.43;313.69;313.93;314.06;582732;0
10.12.2025;17:30;313.93;314.43;313.44;314.43;313.93;1046198;0
10.12.2025;17:45;314.43;314.92;314.43;314.67;314.67;659626;0
10.12.2025;18:00;314.43;314.43;313.44;313.93;313.93;651581;0
11.12.2025;10:00;314.92;316.15;314.18;314.92;315.16;586742;0
11.12.2025;10:15;314.92;316.15;314.67;315.90;315.41;743100;0
11.12.2025;10:30;316.39;316.89;316.15;316.39;316.52;1109005;0
11.12.2025;10:45;315.66;316.15;315.16;315.90;315.66;158239;0
11.12.2025;11:00;315.41;315.90;315.41;315.90;315.66;86546;0
11.12.2025;11:15;315.90;316.64;315.90;316.39;316.27;272243;0
11.12.2025;11:30;316.64;316.89;316.64;316.89;316.76;329343;0
11.12.2025;11:45;316.89;318.61;316.39;318.61;317.50;660784;0
11.12.2025;12:00;318.12;318.85;317.87;318.12;318.36;269258;0
11.12.2025;12:15;318.12;318.12;317.87;318.12;317.99;66892;0
11.12.2025;12:30;318.12;318.12;317.13;317.13;317.62;371405;0
11.12.2025;12:45;316.89;317.62;316.89;316.89;317.25;22590;0
11.12.2025;13:00;317.38;317.87;316.15;316.15;317.01;245987;0
11.12.2025;13:15;316.15;317.13;316.15;316.64;316.64;241750;0
11.12.2025;13:30;316.15;316.64;315.90;316.64;316.27;114923;0
11.12.2025;13:45;316.39;316.89;316.15;316.39;316.52;145101;0
11.12.2025;14:00;316.39;316.39;316.39;316.39;316.39;322;0
11.12.2025;14:15;315.90;316.39;315.41;315.41;315.90;82153;0
11.12.2025;14:30;315.41;315.41;314.43;314.43;314.92;201291;0
11.12.2025;14:45;314.43;314.92;312.95;314.43;313.93;924083;0
11.12.2025;15:00;313.93;314.43;313.93;314.18;314.18;168163;0
11.12.2025;15:15;314.43;314.43;313.20;313.20;313.81;504100;0
11.12.2025;15:30;314.18;314.18;313.44;313.93;313.81;109388;0
11.12.2025;15:45;313.93;313.93;313.44;313.93;313.69;87309;0
11.12.2025;16:00;313.93;313.93;313.44;313.69;313.69;90777;0
11.12.2025;16:15;313.69;314.92;313.69;314.92;314.30;633031;0
11.12.2025;16:30;314.67;314.92;314.43;314.67;314.67;252481;0
11.12.2025;16:45;314.43;314.67;313.93;314.67;314.30;325009;0
11.12.2025;17:00;314.67;314.67;313.93;314.18;314.30;36081;0
11.12.2025;17:15;314.43;314.67;314.43;314.67;314.55;108031;0
11.12.2025;17:30;314.43;314.67;314.18;314.18;314.43;196477;0
11.12.2025;17:45;314.18;314.67;313.93;314.67;314.30;451096;0
11.12.2025;18:00;314.43;314.43;313.93;314.43;314.18;418284;0
12.12.2025;10:00;313.44;314.67;312.21;313.44;313.44;1070809;0
12.12.2025;10:15;313.44;313.93;312.46;313.44;313.20;1048392;0
12.12.2025;10:30;312.95;313.44;312.21;313.44;312.83;936442;0
12.12.2025;10:45;313.69;314.18;312.95;313.44;313.56;478503;0
12.12.2025;11:00;313.20;313.69;312.46;312.95;313.07;425501;0
12.12.2025;11:15;313.20;313.69;313.20;313.20;313.44;193926;0
12.12.2025;11:30;313.20;313.93;313.20;313.44;313.56;364326;0
12.12.2025;11:45;313.69;313.93;313.44;313.69;313.69;389520;0
12.12.2025;12:00;313.69;313.69;312.21;313.69;312.95;316377;0
12.12.2025;12:15;313.44;313.69;312.70;312.95;313.20;350464;0
12.12.2025;12:30;312.95;313.44;312.46;313.20;312.95;293948;0
12.12.2025;12:45;313.44;313.69;313.44;313.44;313.56;75185;0
12.12.2025;13:00;313.69;314.18;313.69;313.93;313.93;165240;0
12.12.2025;13:15;313.93;314.18;313.69;313.69;313.93;52319;0
12.12.2025;13:30;313.93;314.67;313.69;314.43;314.18;326723;0
12.12.2025;13:45;314.43;315.41;314.43;314.92;314.92;324841;0
12.12.2025;14:00;314.92;314.92;312.95;314.43;313.93;269635;0
12.12.2025;14:15;313.93;314.43;313.69;313.93;314.06;92240;0
12.12.2025;14:30;313.93;313.93;313.44;313.69;313.69;101416;0
12.12.2025;14:45;313.69;313.69;313.44;313.69;313.56;93700;0
12.12.2025;15:00;313.44;315.41;313.44;315.41;314.43;372422;0
12.12.2025;15:15;314.92;315.90;312.46;314.92;314.18;2020010;0
12.12.2025;15:30;315.16;315.90;314.92;314.92;315.41;252081;0
12.12.2025;15:45;314.92;315.41;314.67;315.41;315.04;145287;0
12.12.2025;16:00;315.41;315.66;315.16;315.66;315.41;188399;0
12.12.2025;16:15;315.66;316.89;315.66;315.90;316.27;872728;0
12.12.2025;16:30;315.66;315.66;314.18;314.92;314.92;978759;0
12.12.2025;16:45;314.67;314.92;314.43;314.43;314.67;884466;0
12.12.2025;17:00;314.43;315.16;314.18;315.16;314.67;149288;0
12.12.2025;17:15;314.92;315.16;313.44;314.67;314.30;1613158;0
12.12.2025;17:30;314.67;315.41;313.44;314.92;314.43;1387749;0
12.12.2025;17:45;314.18;314.67;313.69;313.93;314.18;511287;0
12.12.2025;18:00;313.93;315.16;313.69;315.16;314.43;613049;0
15.12.2025;10:00;315.16;318.36;314.43;318.36;316.39;2120507;0
15.12.2025;10:15;318.36;319.59;316.15;317.38;317.87;1798128;0
15.12.2025;10:30;318.12;318.36;317.13;317.13;317.75;361374;0
15.12.2025;10:45;316.64;318.12;316.39;317.38;317.25;290194;0
15.12.2025;11:00;317.13;317.62;316.39;316.89;317.01;226155;0
15.12.2025;11:15;316.89;317.13;315.90;316.15;316.52;515048;0
15.12.2025;11:30;316.39;316.64;314.43;315.16;315.53;801324;0
15.12.2025;11:45;315.16;315.16;314.18;314.92;314.67;825667;0
15.12.2025;12:00;314.43;314.43;313.93;314.43;314.18;292836;0
15.12.2025;12:15;313.93;314.18;313.20;313.44;313.69;972216;0
15.12.2025;12:30;313.69;313.69;313.20;313.20;313.44;550771;0
15.12.2025;12:45;313.20;313.69;313.20;313.69;313.44;210886;0
15.12.2025;13:00;313.20;313.93;312.95;313.93;313.44;588182;0
15.12.2025;13:15;313.93;313.93;313.44;313.69;313.69;159119;0
15.12.2025;13:30;313.69;313.93;313.44;313.93;313.69;37320;0
15.12.2025;13:45;313.93;313.93;313.44;313.69;313.69;131388;0
15.12.2025;14:00;313.69;313.69;313.44;313.69;313.56;315801;0
15.12.2025;14:15;313.93;313.93;313.44;313.69;313.69;86673;0
15.12.2025;14:30;313.69;313.93;312.95;313.20;313.44;378889;0
15.12.2025;14:45;313.20;313.20;312.46;312.70;312.83;328140;0
15.12.2025;15:00;312.95;313.20;312.95;313.20;313.07;230238;0
15.12.2025;15:15;313.20;313.20;312.95;312.95;313.07;52163;0
15.12.2025;15:30;312.95;313.44;312.95;313.44;313.20;104671;0
15.12.2025;15:45;313.69;313.69;313.20;313.20;313.44;375396;0
15.12.2025;16:00;312.95;313.44;312.95;313.44;313.20;28005;0
15.12.2025;16:15;312.95;313.20;311.72;311.96;312.46;724969;0
15.12.2025;16:30;311.96;312.21;311.23;311.72;311.72;627799;0
15.12.2025;16:45;311.47;311.47;310.98;311.23;311.23;923436;0
15.12.2025;17:00;311.23;311.47;310.73;311.47;311.10;949866;0
15.12.2025;17:15;311.47;311.72;310.98;311.47;311.35;969481;0
15.12.2025;17:30;311.47;311.47;310.98;310.98;311.23;178263;0
15.12.2025;17:45;310.98;311.72;310.98;311.72;311.35;627588;0
15.12.2025;18:00;311.72;311.96;311.47;311.47;311.72;593459;0
16.12.2025;10:00;313.93;313.93;308.03;309.26;310.98;2069815;0
16.12.2025;10:15;309.01;310.49;308.03;309.50;309.26;1696819;0
16.12.2025;10:30;310.24;310.24;309.50;309.50;309.87;371535;0
16.12.2025;10:45;309.50;310.00;309.01;310.00;309.50;192775;0
16.12.2025;11:00;309.75;311.23;309.75;310.98;310.49;146229;0
16.12.2025;11:15;310.73;311.96;310.24;310.73;311.10;529021;0
16.12.2025;11:30;310.49;311.47;310.49;311.47;310.98;1030816;0
16.12.2025;11:45;310.98;311.47;310.98;310.98;311.23;158998;0
16.12.2025;12:00;311.47;311.47;310.24;311.23;310.86;348762;0
16.12.2025;12:15;311.23;311.23;310.73;310.73;310.98;79948;0
16.12.2025;12:30;310.49;310.49;310.49;310.49;310.49;157751;0
16.12.2025;12:45;310.98;310.98;310.24;310.24;310.61;35354;0
16.12.2025;13:00;310.24;310.73;310.24;310.49;310.49;228913;0
16.12.2025;13:15;310.49;310.98;310.24;310.98;310.61;122432;0
16.12.2025;13:30;310.98;310.98;310.24;310.49;310.61;92059;0
16.12.2025;13:45;310.24;310.49;309.75;310.00;310.12;140199;0
16.12.2025;14:00;309.75;310.00;309.75;310.00;309.87;171894;0
16.12.2025;14:15;310.00;310.00;309.01;309.01;309.50;384050;0
16.12.2025;14:30;309.01;309.75;309.01;309.26;309.38;153281;0
16.12.2025;14:45;309.26;309.50;308.27;309.50;308.89;340484;0
16.12.2025;15:00;309.26;309.26;308.77;309.26;309.01;81010;0
16.12.2025;15:15;308.77;309.26;308.27;309.26;308.77;255939;0
16.12.2025;15:30;308.77;309.01;308.52;308.77;308.77;408428;0
16.12.2025;15:45;308.77;309.01;308.52;308.77;308.77;307753;0
16.12.2025;16:00;309.01;309.01;309.01;309.01;309.01;7536;0
16.12.2025;16:15;309.01;309.01;308.77;308.77;308.89;243475;0
16.12.2025;16:30;308.77;309.01;308.52;309.01;308.77;204632;0
16.12.2025;16:45;308.77;309.26;308.52;308.77;308.89;583337;0
16.12.2025;17:00;308.52;308.77;308.03;308.27;308.40;602223;0
16.12.2025;17:15;308.52;308.52;307.78;308.52;308.15;410582;0
16.12.2025;17:30;308.27;308.77;308.03;308.77;308.40;312048;0
16.12.2025;17:45;308.77;308.77;308.03;308.03;308.40;417107;0
16.12.2025;18:00;308.03;308.77;307.78;308.77;308.27;449756;0
17.12.2025;10:00;308.27;309.50;308.27;309.26;308.89;330664;0
17.12.2025;10:15;309.26;309.75;309.01;309.75;309.38;555722;0
17.12.2025;10:30;310.24;310.73;309.75;310.49;310.24;250135;0
17.12.2025;10:45;310.49;311.96;309.50;309.75;310.73;628497;0
17.12.2025;11:00;310.00;310.49;310.00;310.24;310.24;65572;0
17.12.2025;11:15;310.24;310.98;310.00;310.98;310.49;423305;0
17.12.2025;11:30;310.98;310.98;310.24;310.73;310.61;175891;0
17.12.2025;11:45;310.73;311.47;310.73;311.23;311.10;555249;0
17.12.2025;12:00;310.98;310.98;310.49;310.49;310.73;305775;0
17.12.2025;12:15;310.49;310.49;310.00;310.00;310.24;104356;0
17.12.2025;12:30;310.00;310.00;310.00;310.00;310.00;12915;0
17.12.2025;12:45;310.24;310.24;310.00;310.24;310.12;186552;0
17.12.2025;13:00;310.24;310.24;310.00;310.00;310.12;140845;0
17.12.2025;13:15;310.00;310.00;309.50;309.50;309.75;277783;0
17.12.2025;13:30;309.50;309.50;308.77;309.01;309.14;853711;0
17.12.2025;13:45;309.01;309.01;308.77;309.01;308.89;493914;0
17.12.2025;14:00;309.50;309.75;308.77;309.26;309.26;98578;0
17.12.2025;14:15;309.75;309.75;309.50;309.50;309.63;12906;0
17.12.2025;14:30;309.75;309.75;309.01;309.50;309.38;710172;0
17.12.2025;14:45;309.50;310.00;309.26;310.00;309.63;120486;0
17.12.2025;15:00;309.50;309.50;307.78;309.01;308.64;587834;0
17.12.2025;15:15;308.52;309.26;308.52;309.26;308.89;238733;0
17.12.2025;15:30;309.01;309.01;308.52;308.52;308.77;232646;0
17.12.2025;15:45;308.77;309.01;308.52;309.01;308.77;58717;0
17.12.2025;16:00;309.01;309.26;308.77;308.77;309.01;101096;0
17.12.2025;16:15;308.77;309.01;308.52;308.77;308.77;420156;0
17.12.2025;16:30;309.01;309.01;308.52;308.77;308.77;383309;0
17.12.2025;16:45;309.26;309.50;308.77;309.01;309.14;293082;0
17.12.2025;17:00;308.77;309.01;308.52;308.52;308.77;229910;0
17.12.2025;17:15;308.27;309.26;308.27;309.01;308.77;452240;0
17.12.2025;17:30;308.77;309.01;308.03;309.01;308.52;231154;0
17.12.2025;17:45;308.77;308.77;307.04;308.03;307.91;1363698;0
17.12.2025;18:00;308.03;308.03;307.04;308.03;307.54;628610;0
18.12.2025;10:00;309.01;310.00;308.27;310.00;309.14;473925;0
18.12.2025;10:15;309.75;310.00;309.01;310.00;309.50;1125941;0
18.12.2025;10:30;309.75;310.00;309.01;310.00;309.50;744329;0
18.12.2025;10:45;309.50;310.49;309.50;310.49;310.00;182279;0
18.12.2025;11:00;310.49;310.98;310.24;310.98;310.61;370943;0
18.12.2025;11:15;310.49;312.21;310.49;312.21;311.35;719206;0
18.12.2025;11:30;312.46;313.44;311.47;311.72;312.46;590175;0
18.12.2025;11:45;311.72;312.46;311.72;312.21;312.09;201077;0
18.12.2025;12:00;312.21;312.21;310.24;310.24;311.23;987990;0
18.12.2025;12:15;310.49;311.23;310.24;310.24;310.73;283314;0
18.12.2025;12:30;310.98;313.20;310.49;313.20;311.84;866414;0
18.12.2025;12:45;312.95;313.20;311.96;312.70;312.58;521078;0
18.12.2025;13:00;312.70;312.70;312.21;312.46;312.46;298298;0
18.12.2025;13:15;312.46;312.70;311.47;311.72;312.09;79001;0
18.12.2025;13:30;311.72;311.72;311.72;311.72;311.72;23440;0
18.12.2025;13:45;311.72;312.46;311.47;312.46;311.96;325510;0
18.12.2025;14:00;312.46;312.46;311.96;311.96;312.21;366325;0
18.12.2025;14:15;311.72;313.93;311.47;312.95;312.70;535935;0
18.12.2025;14:30;312.95;313.20;311.72;313.20;312.46;189472;0
18.12.2025;14:45;312.95;313.20;312.46;313.20;312.83;117953;0
18.12.2025;15:00;313.20;313.69;313.20;313.69;313.44;214074;0
18.12.2025;15:15;313.69;319.59;313.44;316.39;316.52;2813074;0
18.12.2025;15:30;316.64;319.84;316.15;319.59;317.99;2935548;0
18.12.2025;15:45;319.10;319.10;316.89;317.62;317.99;697510;0
18.12.2025;16:00;317.62;319.59;317.62;318.36;318.61;1122571;0
18.12.2025;16:15;318.36;318.61;317.62;318.36;318.12;82722;0
18.12.2025;16:30;318.12;318.36;317.38;317.38;317.87;117856;0
18.12.2025;16:45;317.38;318.36;316.89;318.12;317.62;575591;0
18.12.2025;17:00;318.36;318.85;318.12;318.85;318.48;299389;0
18.12.2025;17:15;318.85;324.51;317.38;319.35;320.94;5647437;0
18.12.2025;17:30;319.35;319.35;316.64;317.62;317.99;2130158;0
18.12.2025;17:45;317.38;317.62;313.69;316.15;315.66;2226152;0
18.12.2025;18:00;315.90;315.90;312.21;314.92;314.06;1489021;0
19.12.2025;10:00;318.12;318.12;313.20;314.18;315.66;1218067;0
19.12.2025;10:15;314.92;315.16;312.46;312.95;313.81;1173029;0
19.12.2025;10:30;312.95;313.69;312.46;313.44;313.07;364099;0
19.12.2025;10:45;313.44;313.44;312.21;312.46;312.83;1139148;0
19.12.2025;11:00;312.70;313.20;311.72;313.20;312.46;494504;0
19.12.2025;11:15;313.20;313.69;312.70;312.95;313.20;157834;0
19.12.2025;11:30;313.69;313.69;313.44;313.69;313.56;9242;0
19.12.2025;11:45;313.69;313.93;313.20;313.93;313.56;422885;0
19.12.2025;12:00;314.18;316.39;314.18;315.66;315.29;1196076;0
19.12.2025;12:15;315.66;315.66;312.95;315.41;314.30;910597;0
19.12.2025;12:30;314.43;314.43;312.70;313.93;313.56;575739;0
19.12.2025;12:45;313.69;314.18;311.96;313.69;313.07;472959;0
19.12.2025;13:00;313.69;313.69;313.20;313.20;313.44;99639;0
19.12.2025;13:15;313.93;313.93;313.20;313.20;313.56;10515;0
19.12.2025;13:30;313.20;313.69;313.20;313.69;313.44;141164;0
19.12.2025;13:45;313.20;313.20;312.95;312.95;313.07;177562;0
19.12.2025;14:00;313.44;313.44;312.46;313.20;312.95;381489;0
19.12.2025;14:15;313.20;313.44;312.70;313.44;313.07;40054;0
19.12.2025;14:30;313.44;313.44;312.95;312.95;313.20;119975;0
19.12.2025;14:45;312.95;313.44;312.95;312.95;313.20;142472;0
19.12.2025;15:00;313.20;313.44;312.70;312.95;313.07;262170;0
19.12.2025;15:15;312.95;312.95;311.72;312.70;312.33;942080;0
19.12.2025;15:30;312.46;312.70;312.21;312.46;312.46;125422;0
19.12.2025;15:45;312.46;312.70;312.46;312.46;312.58;84147;0
19.12.2025;16:00;312.46;313.69;312.46;313.44;313.07;173107;0
19.12.2025;16:15;313.44;313.69;312.46;313.20;313.07;250446;0
19.12.2025;16:30;312.70;313.20;312.21;313.20;312.70;298627;0
19.12.2025;16:45;313.20;313.44;312.95;313.44;313.20;75126;0
19.12.2025;17:00;313.44;313.69;311.72;312.70;312.70;454140;0
19.12.2025;17:15;313.20;313.20;311.96;312.95;312.58;527149;0
19.12.2025;17:30;313.20;313.44;311.72;312.95;312.58;697142;0
19.12.2025;17:45;312.95;312.95;312.46;312.70;312.70;209051;0
19.12.2025;18:00;312.95;313.69;311.96;313.69;312.83;692867;0
22.12.2025;10:00;313.93;315.41;313.20;313.93;314.30;643490;0
22.12.2025;10:15;313.20;313.44;310.98;311.23;312.21;1310581;0
22.12.2025;10:30;311.23;311.72;310.24;311.23;310.98;894459;0
22.12.2025;10:45;310.73;311.47;310.73;311.47;311.10;185807;0
22.12.2025;11:00;311.23;312.21;310.73;310.98;311.47;622252;0
22.12.2025;11:15;310.73;310.73;310.00;310.73;310.37;564031;0
22.12.2025;11:30;310.98;311.47;310.49;310.98;310.98;285577;0
22.12.2025;11:45;310.49;310.73;309.50;309.50;310.12;631316;0
22.12.2025;12:00;309.50;309.50;309.26;309.26;309.38;451739;0
22.12.2025;12:15;309.26;309.26;306.80;307.78;308.03;2033344;0
22.12.2025;12:30;307.78;307.78;307.29;307.29;307.54;327154;0
22.12.2025;12:45;307.78;308.27;307.54;308.03;307.91;504990;0
22.12.2025;13:00;308.03;308.27;307.54;307.54;307.91;605611;0
22.12.2025;13:15;308.03;308.03;307.04;307.04;307.54;1166164;0
22.12.2025;13:30;307.29;307.54;307.29;307.54;307.41;166472;0
22.12.2025;13:45;307.29;307.78;306.06;307.04;306.92;1017240;0
22.12.2025;14:00;306.55;307.04;306.55;306.80;306.80;125396;0
22.12.2025;14:15;306.80;307.04;306.31;306.55;306.68;408567;0
22.12.2025;14:30;307.04;307.04;306.55;306.80;306.80;233119;0
22.12.2025;14:45;306.55;306.55;306.06;306.31;306.31;727840;0
22.12.2025;15:00;306.31;306.31;306.06;306.06;306.18;546895;0
22.12.2025;15:15;306.06;306.06;305.81;305.81;305.94;437348;0
22.12.2025;15:30;305.81;306.06;305.32;305.57;305.69;391162;0
22.12.2025;15:45;305.32;305.57;304.58;304.83;305.08;873996;0
22.12.2025;16:00;304.83;305.81;303.11;304.34;304.46;1157216;0
22.12.2025;16:15;304.34;304.58;304.34;304.58;304.46;419158;0
22.12.2025;16:30;304.58;304.58;304.09;304.58;304.34;803406;0
22.12.2025;16:45;304.09;304.09;303.60;304.09;303.85;604806;0
22.12.2025;17:00;304.34;304.58;302.37;303.60;303.48;1083271;0
22.12.2025;17:15;303.60;304.09;303.11;303.60;303.60;880885;0
22.12.2025;17:30;303.85;303.85;302.62;302.86;303.23;423767;0
22.12.2025;17:45;303.11;303.85;302.86;303.35;303.35;595585;0
22.12.2025;18:00;303.11;309.01;303.11;304.34;306.06;1487274;0
23.12.2025;10:00;303.85;308.77;303.85;304.58;306.31;606304;0
23.12.2025;10:15;305.08;305.81;304.83;305.08;305.32;450210;0
23.12.2025;10:30;305.08;305.57;304.83;305.57;305.20;200657;0
23.12.2025;10:45;305.57;305.57;305.32;305.57;305.45;286814;0
23.12.2025;11:00;305.57;305.57;304.58;304.83;305.08;337028;0
23.12.2025;11:15;304.83;305.08;304.34;304.34;304.71;100332;0
23.12.2025;11:30;304.09;304.58;302.86;303.60;303.72;648590;0
23.12.2025;11:45;303.35;303.35;302.86;303.11;303.11;565877;0
23.12.2025;12:00;303.11;303.11;302.12;302.62;302.62;332624;0
23.12.2025;12:15;302.62;303.35;302.37;302.62;302.86;675630;0
23.12.2025;12:30;302.62;303.11;302.62;302.86;302.86;206868;0
23.12.2025;12:45;302.86;302.86;302.62;302.62;302.74;192497;0
23.12.2025;13:00;302.62;303.85;302.37;303.11;303.11;254384;0
23.12.2025;13:15;303.11;303.60;303.11;303.60;303.35;12026;0
23.12.2025;13:30;303.60;304.09;303.60;303.85;303.85;16356;0
23.12.2025;13:45;304.09;304.09;303.85;303.85;303.97;15444;0
23.12.2025;14:00;304.09;304.34;304.09;304.34;304.21;9583;0
23.12.2025;14:15;304.34;304.83;304.34;304.58;304.58;83840;0
23.12.2025;14:30;304.83;305.57;304.34;305.57;304.95;157251;0
23.12.2025;14:45;305.57;305.57;304.83;305.32;305.20;145657;0
23.12.2025;15:00;305.08;305.57;304.83;305.57;305.20;139874;0
23.12.2025;15:15;305.32;305.32;305.08;305.08;305.20;93009;0
23.12.2025;15:30;305.57;305.57;304.58;304.58;305.08;219828;0
23.12.2025;15:45;305.08;305.57;304.83;304.83;305.20;188205;0
23.12.2025;16:00;304.83;305.08;304.83;304.83;304.95;82752;0
23.12.2025;16:15;304.83;304.83;304.83;304.83;304.83;40577;0
23.12.2025;16:30;304.83;304.83;304.58;304.83;304.71;146103;0
23.12.2025;16:45;304.83;305.08;304.58;304.83;304.83;394025;0
23.12.2025;17:00;305.08;306.06;305.08;305.32;305.57;220579;0
23.12.2025;17:15;305.32;306.31;305.08;305.81;305.69;379070;0
23.12.2025;17:30;305.81;306.55;305.81;305.81;306.18;657564;0
23.12.2025;17:45;305.81;306.06;305.32;305.57;305.69;768373;0
23.12.2025;18:00;305.32;305.57;304.58;305.32;305.08;664635;0
24.12.2025;10:00;305.57;307.29;305.57;305.57;306.43;380027;0
24.12.2025;10:15;306.55;307.04;304.09;306.80;305.57;680872;0
24.12.2025;10:30;306.80;306.80;306.06;306.31;306.43;172152;0
24.12.2025;10:45;306.06;306.55;306.06;306.31;306.31;316417;0
24.12.2025;11:00;306.55;307.29;305.08;306.06;306.18;561684;0
24.12.2025;11:15;306.31;307.54;306.06;307.54;306.80;272278;0
24.12.2025;11:30;307.29;307.29;306.55;306.80;306.92;210383;0
24.12.2025;11:45;307.04;308.03;307.04;308.03;307.54;343676;0
24.12.2025;12:00;307.54;308.03;307.04;308.03;307.54;476429;0
24.12.2025;12:15;307.78;308.03;305.08;307.04;306.55;1070289;0
24.12.2025;12:30;307.29;307.78;307.04;307.29;307.41;62137;0
24.12.2025;12:45;307.29;307.54;307.29;307.54;307.41;126487;0
24.12.2025;13:00;307.54;309.26;307.54;309.01;308.40;1359715;0
24.12.2025;13:15;309.01;310.24;308.77;309.26;309.50;1165748;0
24.12.2025;13:30;309.26;310.00;309.01;309.01;309.50;452365;0
24.12.2025;13:45;309.50;311.23;309.50;311.23;310.37;1174990;0
24.12.2025;14:00;311.23;311.47;310.24;310.24;310.86;651071;0
24.12.2025;14:15;310.24;310.73;310.24;310.73;310.49;179723;0
24.12.2025;14:30;310.73;310.73;309.75;310.73;310.24;112518;0
24.12.2025;14:45;310.24;311.72;310.00;311.72;310.86;467399;0
24.12.2025;15:00;311.96;312.46;311.23;311.23;311.84;551076;0
24.12.2025;15:15;311.23;311.72;310.00;310.24;310.86;113600;0
24.12.2025;15:30;310.98;311.23;310.73;311.23;310.98;95070;0
24.12.2025;15:45;311.23;311.96;311.23;311.96;311.60;75332;0
24.12.2025;16:00;312.21;312.21;311.47;311.96;311.84;180971;0
24.12.2025;16:15;311.96;314.92;311.47;312.46;313.20;498902;0
24.12.2025;16:30;312.46;313.44;312.46;312.70;312.95;211033;0
24.12.2025;16:45;312.70;315.90;312.70;315.66;314.30;1964369;0
24.12.2025;17:00;315.16;316.39;314.43;315.41;315.41;1485618;0
24.12.2025;17:15;315.16;316.15;313.93;314.43;315.04;715682;0
24.12.2025;17:30;314.43;315.16;313.69;313.69;314.43;378091;0
24.12.2025;17:45;313.69;313.69;312.95;312.95;313.32;406378;0
24.12.2025;18:00;313.44;314.43;312.95;312.95;313.69;424285;0
27.12.2025;10:00;310.00;315.90;310.00;315.41;312.95;675730;0
27.12.2025;10:15;315.41;316.39;312.70;314.67;314.55;1693043;0
27.12.2025;10:30;314.67;315.66;313.69;315.66;314.67;1528088;0
27.12.2025;10:45;315.41;315.66;314.67;315.16;315.16;74974;0
27.12.2025;11:00;314.92;315.41;314.43;314.92;314.92;805289;0
27.12.2025;11:15;314.43;315.41;313.93;313.93;314.67;151213;0
27.12.2025;11:30;313.93;314.92;313.44;313.44;314.18;261989;0
27.12.2025;11:45;313.44;313.44;312.46;312.95;312.95;625062;0
27.12.2025;12:00;312.95;312.95;312.46;312.46;312.70;226454;0
27.12.2025;12:15;312.46;312.95;312.46;312.95;312.70;205524;0
27.12.2025;12:30;312.46;313.44;312.46;313.44;312.95;745156;0
27.12.2025;12:45;313.20;313.20;312.70;312.95;312.95;165969;0
27.12.2025;13:00;312.46;313.20;312.46;312.70;312.83;279467;0
27.12.2025;13:15;312.70;313.20;312.70;313.20;312.95;728035;0
27.12.2025;13:30;313.20;313.20;312.95;312.95;313.07;122442;0
27.12.2025;13:45;312.95;313.44;312.95;313.20;313.20;66844;0
27.12.2025;14:00;313.44;313.44;312.70;313.44;313.07;218678;0
27.12.2025;14:15;313.44;313.69;313.44;313.44;313.56;29940;0
27.12.2025;14:30;313.44;313.44;313.20;313.44;313.32;248653;0
27.12.2025;14:45;312.95;312.95;312.95;312.95;312.95;112254;0
27.12.2025;15:00;313.20;313.20;312.46;312.46;312.83;159825;0
27.12.2025;15:15;312.46;312.95;312.21;312.70;312.58;226357;0
27.12.2025;15:30;312.70;313.69;312.70;313.69;313.20;323744;0
27.12.2025;15:45;313.93;314.18;313.69;313.93;313.93;186304;0
27.12.2025;16:00;314.43;314.43;314.18;314.43;314.30;246202;0
27.12.2025;16:15;314.18;315.66;313.69;315.66;314.67;965602;0
27.12.2025;16:30;315.16;315.66;314.67;314.67;315.16;392934;0
27.12.2025;16:45;315.41;315.41;314.92;314.92;315.16;643720;0
27.12.2025;17:00;315.16;315.66;315.16;315.41;315.41;172542;0
27.12.2025;17:15;315.90;315.90;315.41;315.41;315.66;237491;0
27.12.2025;17:30;315.41;315.90;314.92;314.92;315.41;302951;0
27.12.2025;17:45;314.92;315.16;314.67;314.67;314.92;242787;0
27.12.2025;18:00;314.18;315.16;314.18;314.92;314.67;330927;0
30.12.2025;10:00;314.92;315.90;313.93;313.93;314.92;742590;0
30.12.2025;10:15;313.93;313.93;311.96;312.95;312.95;574070;0
30.12.2025;10:30;312.70;312.70;310.98;311.47;311.84;1658984;0
30.12.2025;10:45;311.47;312.70;311.47;312.21;312.09;373054;0
30.12.2025;11:00;312.70;312.95;311.96;312.21;312.46;688720;0
30.12.2025;11:15;312.21;312.46;311.72;312.21;312.09;1025206;0
30.12.2025;11:30;312.21;312.95;311.72;311.72;312.33;578536;0
30.12.2025;11:45;311.96;312.95;311.96;312.95;312.46;154281;0
30.12.2025;12:00;312.95;312.95;312.46;312.70;312.70;91511;0
30.12.2025;12:15;312.46;312.95;312.21;312.46;312.58;270048;0
30.12.2025;12:30;312.95;314.18;312.95;314.18;313.56;1000289;0
30.12.2025;12:45;314.18;314.67;312.46;312.70;313.56;397394;0
30.12.2025;13:00;312.70;312.95;312.70;312.70;312.83;291075;0
30.12.2025;13:15;312.70;312.70;311.96;311.96;312.33;198554;0
30.12.2025;13:30;311.72;312.21;311.72;311.96;311.96;247807;0
30.12.2025;13:45;311.72;312.21;311.72;311.72;311.96;34211;0
30.12.2025;14:00;311.96;311.96;311.47;311.72;311.72;166909;0
30.12.2025;14:15;311.72;311.72;311.23;311.23;311.47;317002;0
30.12.2025;14:30;311.23;311.47;310.73;310.98;311.10;902770;0
30.12.2025;14:45;310.98;311.47;310.73;311.47;311.10;675863;0
30.12.2025;15:00;311.23;311.47;311.23;311.47;311.35;71493;0
30.12.2025;15:15;311.47;312.95;310.98;312.95;311.96;1064552;0
30.12.2025;15:30;312.95;313.20;312.46;313.20;312.83;115065;0
30.12.2025;15:45;312.70;312.70;311.96;311.96;312.33;325765;0
30.12.2025;16:00;312.21;312.95;311.96;312.46;312.46;156403;0
30.12.2025;16:15;312.46;313.20;312.46;313.20;312.83;254486;0
30.12.2025;16:30;312.46;313.20;311.96;312.95;312.58;283520;0
30.12.2025;16:45;312.46;312.70;312.21;312.21;312.46;169517;0
30.12.2025;17:00;312.46;312.70;311.96;311.96;312.33;90437;0
30.12.2025;17:15;311.96;312.21;311.47;311.72;311.84;139098;0
30.12.2025;17:30;311.72;312.95;311.47;312.95;312.21;1279681;0
30.12.2025;17:45;312.70;312.70;311.96;311.96;312.33;100555;0
30.12.2025;18:00;312.46;312.70;311.96;311.96;312.33;356163;0
31.12.2025;10:00;312.21;313.69;312.21;312.95;312.95;134779;0
31.12.2025;10:15;313.20;313.44;312.70;313.44;313.07;452114;0
31.12.2025;10:30;313.44;314.92;313.44;314.92;314.18;1227396;0
31.12.2025;10:45;314.67;318.85;314.43;317.87;316.64;2436649;0
31.12.2025;11:00;317.87;318.85;316.39;316.39;317.62;833877;0
31.12.2025;11:15;316.39;316.89;315.90;316.64;316.39;538314;0
31.12.2025;11:30;316.64;316.64;314.92;315.66;315.78;371405;0
31.12.2025;11:45;315.66;315.90;314.92;314.92;315.41;676038;0
31.12.2025;12:00;314.92;315.16;313.93;314.18;314.55;108558;0
31.12.2025;12:15;314.18;315.16;314.18;314.43;314.67;263180;0
31.12.2025;12:30;314.43;315.41;314.18;315.41;314.79;309148;0
31.12.2025;12:45;315.41;315.66;315.16;315.66;315.41;364161;0
31.12.2025;13:00;315.66;315.90;314.67;315.90;315.29;299199;0
31.12.2025;13:15;315.90;315.90;315.41;315.41;315.66;73434;0
31.12.2025;13:30;315.66;315.66;315.41;315.66;315.53;74717;0
31.12.2025;13:45;315.66;316.64;315.66;316.64;316.15;138088;0
31.12.2025;14:00;316.15;316.15;315.66;315.90;315.90;141920;0
31.12.2025;14:15;315.90;315.90;315.16;315.41;315.53;236345;0
31.12.2025;14:30;315.66;315.66;315.16;315.16;315.41;40353;0
31.12.2025;14:45;315.41;315.66;314.92;314.92;315.29;179402;0
31.12.2025;15:00;314.92;314.92;314.43;314.67;314.67;271165;0
31.12.2025;15:15;314.92;314.92;314.67;314.67;314.79;109688;0
31.12.2025;15:30;315.16;315.16;314.67;314.67;314.92;81946;0
31.12.2025;15:45;315.16;315.66;315.16;315.41;315.41;262240;0
31.12.2025;16:00;315.41;315.66;315.16;315.66;315.41;373432;0
31.12.2025;16:15;315.41;315.90;315.16;315.90;315.53;300837;0
31.12.2025;16:30;315.90;315.90;315.41;315.66;315.66;28537;0
31.12.2025;16:45;315.66;315.66;315.16;315.66;315.41;259281;0
31.12.2025;17:00;315.90;315.90;315.66;315.66;315.78;133175;0
31.12.2025;17:15;315.66;315.90;314.43;315.90;315.16;1121744;0
31.12.2025;17:30;315.90;315.90;314.92;315.41;315.41;580723;0
31.12.2025;17:45;314.92;315.41;314.67;315.16;315.04;451855;0
31.12.2025;18:00;314.92;315.41;314.67;314.92;315.04;381346;0
01.01.2026;10:00;315.16;316.89;315.16;315.66;316.02;1275053;0
01.01.2026;10:15;315.90;315.90;313.93;314.67;314.92;1214622;0
01.01.2026;10:30;314.92;315.16;312.70;314.92;313.93;735339;0
01.01.2026;10:45;314.92;316.89;314.92;316.89;315.90;1004994;0
01.01.2026;11:00;316.89;318.36;316.15;316.89;317.25;1744918;0
01.01.2026;11:15;316.89;316.89;316.15;316.15;316.52;430049;0
01.01.2026;11:30;316.89;317.13;316.64;317.13;316.89;175219;0
01.01.2026;11:45;317.13;317.13;316.15;316.39;316.64;394477;0
01.01.2026;12:00;316.39;316.89;315.90;316.15;316.39;285152;0
01.01.2026;12:15;315.66;316.15;315.16;315.41;315.66;264821;0
01.01.2026;12:30;315.41;315.41;314.67;314.67;315.04;459655;0
01.01.2026;12:45;314.67;314.92;313.69;314.67;314.30;491906;0
01.01.2026;13:00;314.67;314.92;313.93;314.67;314.43;1422012;0
01.01.2026;13:15;314.67;315.66;314.67;315.41;315.16;209253;0
01.01.2026;13:30;315.41;315.41;314.92;314.92;315.16;54799;0
01.01.2026;13:45;314.67;314.67;314.67;314.67;314.67;35812;0
01.01.2026;14:00;314.67;314.67;313.69;313.93;314.18;221488;0
01.01.2026;14:15;313.93;313.93;313.20;313.20;313.56;680444;0
01.01.2026;14:30;313.20;314.43;313.20;314.43;313.81;457178;0
01.01.2026;14:45;314.67;314.67;313.93;313.93;314.30;130228;0
01.01.2026;15:00;313.69;314.18;313.44;314.18;313.81;277081;0
01.01.2026;15:15;313.44;313.69;312.95;313.44;313.32;606857;0
01.01.2026;15:30;313.44;313.44;313.20;313.20;313.32;146145;0
01.01.2026;15:45;313.20;313.44;312.70;313.44;313.07;1073054;0
01.01.2026;16:00;313.44;313.44;313.20;313.20;313.32;284841;0
01.01.2026;16:15;313.44;313.44;312.46;312.70;312.95;761458;0
01.01.2026;16:30;312.70;312.70;311.72;311.72;312.21;998174;0
01.01.2026;16:45;311.96;313.44;310.98;312.70;312.21;1122202;0
01.01.2026;17:00;311.96;311.96;311.23;311.47;311.60;277504;0
01.01.2026;17:15;311.47;311.72;310.98;311.23;311.35;756656;0
01.01.2026;17:30;310.73;311.96;310.73;311.23;311.35;657092;0
01.01.2026;17:45;311.23;311.96;310.49;310.49;311.23;455800;0
01.01.2026;18:00;310.49;311.96;310.49;311.23;311.23;749395;0
02.01.2026;10:00;311.23;311.72;310.49;310.98;311.10;855979;0
02.01.2026;10:15;310.98;311.23;309.01;310.73;310.12;1708022;0
02.01.2026;10:30;310.73;310.73;309.75;309.75;310.24;92235;0
02.01.2026;10:45;310.00;310.00;309.50;310.00;309.75;220989;0
02.01.2026;11:00;310.00;310.24;309.75;310.24;310.00;128773;0
02.01.2026;11:15;310.24;310.73;310.00;310.49;310.37;193237;0
02.01.2026;11:30;310.24;310.49;309.75;310.00;310.12;248504;0
02.01.2026;11:45;310.00;310.00;309.50;310.00;309.75;35579;0
02.01.2026;12:00;309.50;310.00;309.50;309.75;309.75;171816;0
02.01.2026;12:15;309.75;310.00;309.75;309.75;309.87;85612;0
02.01.2026;12:30;309.75;309.75;309.01;309.26;309.38;267879;0
02.01.2026;12:45;309.26;309.26;309.01;309.01;309.14;204127;0
02.01.2026;13:00;309.01;309.01;308.27;308.77;308.64;276990;0
02.01.2026;13:15;308.77;308.77;308.03;308.27;308.40;244412;0
02.01.2026;13:30;308.52;308.52;307.54;307.78;308.03;459564;0
02.01.2026;13:45;307.78;307.78;307.54;307.78;307.66;92538;0
02.01.2026;14:00;307.78;307.78;307.29;307.54;307.54;225821;0
02.01.2026;14:15;307.54;308.27;307.54;307.78;307.91;172035;0
02.01.2026;14:30;308.03;308.52;307.78;308.52;308.15;203681;0
02.01.2026;14:45;308.27;310.98;308.27;310.98;309.63;412039;0
02.01.2026;15:00;310.49;310.49;310.00;310.49;310.24;151049;0
02.01.2026;15:15;310.00;310.00;309.01;309.01;309.50;175837;0
02.01.2026;15:30;309.01;309.50;309.01;309.01;309.26;152080;0
02.01.2026;15:45;309.26;310.73;309.26;310.73;310.00;540759;0
02.01.2026;16:00;310.98;311.96;310.98;311.23;311.47;548999;0
02.01.2026;16:15;310.98;311.23;310.49;310.98;310.86;711920;0
02.01.2026;16:30;311.47;312.46;310.98;312.46;311.72;391390;0
02.01.2026;16:45;311.96;312.95;311.96;312.21;312.46;674162;0
02.01.2026;17:00;311.96;312.70;311.96;312.46;312.33;92282;0
02.01.2026;17:15;312.21;312.46;312.21;312.46;312.33;1904;0
02.01.2026;17:30;312.46;313.44;312.46;312.95;312.95;552690;0
02.01.2026;17:45;312.70;312.95;312.21;312.46;312.58;190798;0
02.01.2026;18:00;312.46;312.95;311.96;311.96;312.46;217987;0
03.01.2026;10:00;312.21;314.67;312.21;312.95;313.44;533913;0
03.01.2026;10:15;312.95;314.67;312.95;314.43;313.81;253207;0
03.01.2026;10:30;313.93;314.43;313.69;313.69;314.06;27436;0
03.01.2026;10:45;313.44;314.18;313.20;313.20;313.69;122045;0
03.01.2026;11:00;313.93;314.18;313.20;313.93;313.69;649108;0
03.01.2026;11:15;313.93;314.43;313.20;313.20;313.81;625315;0
03.01.2026;11:30;313.20;313.69;312.70;313.44;313.20;358761;0
03.01.2026;11:45;312.95;313.44;312.46;312.95;312.95;397828;0
03.01.2026;12:00;312.46;312.70;312.21;312.46;312.46;274592;0
03.01.2026;12:15;312.95;313.20;312.21;312.95;312.70;118461;0
03.01.2026;12:30;312.95;313.44;312.70;313.20;313.07;103697;0
03.01.2026;12:45;313.69;313.69;312.95;312.95;313.32;82745;0
03.01.2026;13:00;312.95;313.20;312.46;312.70;312.83;483517;0
03.01.2026;13:15;313.20;313.44;312.70;313.20;313.07;263088;0
03.01.2026;13:30;313.20;313.69;312.70;312.95;313.20;205252;0
03.01.2026;13:45;312.70;313.69;312.70;312.95;313.20;30823;0
03.01.2026;14:00;312.95;312.95;312.95;312.95;312.95;63600;0
03.01.2026;14:15;312.95;312.95;312.21;312.46;312.58;264664;0
03.01.2026;14:30;312.21;312.70;312.21;312.46;312.46;184783;0
03.01.2026;14:45;312.70;312.95;311.96;312.21;312.46;1296391;0
03.01.2026;15:00;312.21;312.46;312.21;312.46;312.33;50776;0
03.01.2026;15:15;312.46;312.46;311.72;311.96;312.09;405546;0
03.01.2026;15:30;311.96;312.21;311.96;311.96;312.09;81472;0
03.01.2026;15:45;311.96;312.95;311.72;312.95;312.33;257631;0
03.01.2026;16:00;312.95;315.41;312.95;314.92;314.18;1359063;0
03.01.2026;16:15;314.43;314.92;311.96;312.46;313.44;1510488;0
03.01.2026;16:30;312.70;313.93;312.70;313.20;313.32;721171;0
03.01.2026;16:45;313.20;313.93;312.95;313.93;313.44;116551;0
03.01.2026;17:00;313.93;313.93;313.44;313.44;313.69;65712;0
03.01.2026;17:15;313.44;313.93;312.95;313.20;313.44;715646;0
03.01.2026;17:30;313.20;313.44;313.20;313.20;313.32;234620;0
03.01.2026;17:45;313.44;314.92;312.95;314.67;313.93;2021539;0
03.01.2026;18:00;314.92;315.41;314.18;315.16;314.79;487140;0
06.01.2026;10:00;315.41;315.90;312.95;313.44;314.43;1432663;0
06.01.2026;10:15;313.44;314.92;312.95;314.18;313.93;943940;0
06.01.2026;10:30;314.92;315.66;314.18;314.67;314.92;372308;0
06.01.2026;10:45;314.92;317.13;314.67;316.89;315.90;1340523;0
06.01.2026;11:00;317.38;317.38;315.16;316.39;316.27;707880;0
06.01.2026;11:15;316.15;316.39;315.66;315.90;316.02;997700;0
06.01.2026;11:30;315.66;316.15;315.66;315.90;315.90;233965;0
06.01.2026;11:45;315.66;315.90;314.67;314.92;315.29;469134;0
06.01.2026;12:00;314.67;315.16;314.43;315.16;314.79;363196;0
06.01.2026;12:15;315.16;315.16;314.43;314.92;314.79;320838;0
06.01.2026;12:30;315.16;315.16;314.43;314.43;314.79;392783;0
06.01.2026;12:45;314.43;314.43;314.18;314.43;314.30;121702;0
06.01.2026;13:00;313.93;314.43;313.93;314.18;314.18;160780;0
06.01.2026;13:15;314.67;314.92;314.67;314.92;314.79;3838;0
06.01.2026;13:30;314.67;314.67;314.18;314.18;314.43;179435;0
06.01.2026;13:45;314.18;314.67;314.18;314.18;314.43;123654;0
06.01.2026;14:00;314.18;314.92;314.18;314.43;314.55;143145;0
06.01.2026;14:15;314.92;314.92;314.67;314.92;314.79;106559;0
06.01.2026;14:30;314.92;315.41;314.18;315.41;314.79;386703;0
06.01.2026;14:45;315.41;315.41;314.43;314.43;314.92;592445;0
06.01.2026;15:00;315.41;315.41;314.67;314.67;315.04;30099;0
06.01.2026;15:15;314.67;314.92;314.43;314.67;314.67;171371;0
06.01.2026;15:30;314.92;315.66;314.43;314.43;315.04;243881;0
06.01.2026;15:45;314.43;314.92;314.18;314.67;314.55;188212;0
06.01.2026;16:00;314.43;314.43;313.93;313.93;314.18;243855;0
06.01.2026;16:15;314.43;314.43;313.44;313.69;313.93;408950;0
06.01.2026;16:30;313.93;313.93;312.70;313.20;313.32;860980;0
06.01.2026;16:45;312.95;313.44;312.95;313.44;313.20;210383;0
06.01.2026;17:00;313.44;313.44;312.70;312.70;313.07;393086;0
06.01.2026;17:15;312.95;313.20;312.70;312.70;312.95;541856;0
06.01.2026;17:30;312.95;313.20;312.95;312.95;313.07;334947;0
06.01.2026;17:45;312.95;313.44;312.70;313.20;313.07;710846;0
06.01.2026;18:00;312.95;313.44;312.95;313.44;313.20;470780;0
07.01.2026;10:00;312.95;312.95;312.21;312.46;312.58;417828;0
07.01.2026;10:15;312.21;314.18;312.21;314.18;313.20;1958587;0
07.01.2026;10:30;314.18;314.43;313.44;313.44;313.93;594460;0
07.01.2026;10:45;313.93;315.16;313.69;314.43;314.43;1517338;0
07.01.2026;11:00;314.43;315.41;314.43;315.16;314.92;501088;0
07.01.2026;11:15;315.16;316.15;314.92;316.15;315.53;551000;0
07.01.2026;11:30;316.15;316.39;314.92;315.16;315.66;546129;0
07.01.2026;11:45;314.92;315.90;314.92;315.90;315.41;166121;0
07.01.2026;12:00;315.66;317.87;315.41;316.64;316.64;1918157;0
07.01.2026;12:15;316.64;317.38;316.39;316.89;316.89;320312;0
07.01.2026;12:30;316.89;321.81;316.89;319.59;319.35;5528201;0
07.01.2026;12:45;319.84;322.79;319.84;320.82;321.31;3573653;0
07.01.2026;13:00;320.82;321.56;319.84;320.58;320.70;837411;0
07.01.2026;13:15;320.58;325.00;320.33;321.56;322.67;3852264;0
07.01.2026;13:30;321.56;321.56;318.61;319.10;320.08;2114771;0
07.01.2026;13:45;319.35;320.82;319.10;320.82;319.96;846990;0
07.01.2026;14:00;320.82;322.79;319.84;322.79;321.31;1714287;0
07.01.2026;14:15;322.54;324.02;322.05;322.54;323.04;11813564;0
07.01.2026;14:30;322.54;322.54;320.58;320.82;321.56;2441829;0
07.01.2026;14:45;321.07;322.30;320.08;322.30;321.19;1614640;0
07.01.2026;15:00;322.30;324.51;322.30;322.30;323.41;1371049;0
07.01.2026;15:15;322.54;324.27;321.81;323.77;323.04;1729504;0
07.01.2026;15:30;323.77;324.02;322.79;324.02;323.41;450185;0
07.01.2026;15:45;324.02;325.00;323.53;323.77;324.27;2388221;0
07.01.2026;16:00;323.53;325.74;323.53;324.27;324.64;1990392;0
07.01.2026;16:15;324.27;325.74;324.02;324.27;324.88;1298668;0
07.01.2026;16:30;324.02;324.76;323.28;323.28;324.02;899979;0
07.01.2026;16:45;323.28;323.28;322.05;323.04;322.67;635625;0
07.01.2026;17:00;322.79;323.04;321.56;322.05;322.30;715656;0
07.01.2026;17:15;322.30;322.54;320.82;321.31;321.68;1277220;0
07.01.2026;17:30;321.31;321.31;320.58;320.58;320.94;510580;0
07.01.2026;17:45;321.07;321.81;320.82;321.31;321.31;1486258;0
07.01.2026;18:00;321.56;321.56;320.82;320.82;321.19;769814;0
08.01.2026;10:00;328.69;329.68;323.04;325.74;326.36;3626039;0
08.01.2026;10:15;325.25;325.74;323.28;323.53;324.51;2978289;0
08.01.2026;10:30;323.53;328.20;323.53;325.50;325.87;3556524;0
08.01.2026;10:45;325.50;325.99;324.27;324.27;325.13;1663365;0
08.01.2026;11:00;324.27;325.25;322.54;325.25;323.90;1935428;0
08.01.2026;11:15;325.25;325.25;324.27;324.76;324.76;541037;0
08.01.2026;11:30;325.00;325.50;324.51;324.76;325.00;424758;0
08.01.2026;11:45;324.76;325.99;324.76;325.50;325.37;596194;0
08.01.2026;12:00;325.25;326.73;324.76;325.00;325.74;491392;0
08.01.2026;12:15;325.00;325.25;324.27;324.76;324.76;396445;0
08.01.2026;12:30;324.27;325.99;323.77;325.99;324.88;1217137;0
08.01.2026;12:45;325.99;326.97;325.74;325.99;326.36;1201295;0
08.01.2026;13:00;326.23;326.48;325.99;326.23;326.23;320560;0
08.01.2026;13:15;325.74;326.48;325.50;325.74;325.99;186410;0
08.01.2026;13:30;325.25;325.25;323.77;323.77;324.51;990639;0
08.01.2026;13:45;324.02;324.02;322.79;322.79;323.41;786832;0
08.01.2026;14:00;322.79;323.28;321.56;321.81;322.42;1790632;0
08.01.2026;14:15;322.30;324.02;322.30;323.53;323.16;935841;0
08.01.2026;14:30;323.04;323.53;321.07;321.07;322.30;1554233;0
08.01.2026;14:45;321.31;321.31;319.35;319.35;320.33;1997519;0
08.01.2026;15:00;319.84;320.58;319.10;319.10;319.84;1101231;0
08.01.2026;15:15;319.35;320.08;318.85;319.59;319.47;149010;0
08.01.2026;15:30;320.33;322.79;319.59;321.81;321.19;1349669;0
08.01.2026;15:45;321.81;323.77;321.81;322.79;322.79;718182;0
08.01.2026;16:00;322.54;322.54;320.58;321.07;321.56;1186133;0
08.01.2026;16:15;321.56;322.05;320.82;321.31;321.44;415635;0
08.01.2026;16:30;321.07;321.07;319.10;320.82;320.08;769616;0
08.01.2026;16:45;320.82;321.07;319.59;319.59;320.33;287622;0
08.01.2026;17:00;319.59;319.59;318.85;319.10;319.22;445009;0
08.01.2026;17:15;319.10;319.59;319.10;319.35;319.35;592188;0
08.01.2026;17:30;318.85;319.59;318.61;319.10;319.10;784103;0
08.01.2026;17:45;319.35;319.84;317.87;318.61;318.85;2167169;0
08.01.2026;18:00;318.12;319.35;317.87;317.87;318.61;906425;0
09.01.2026;10:00;317.87;319.59;315.90;318.61;317.75;4366734;0
09.01.2026;10:15;319.10;320.82;319.10;319.10;319.96;1014067;0
09.01.2026;10:30;319.10;320.82;318.61;320.58;319.71;977651;0
09.01.2026;10:45;320.82;322.54;320.08;322.05;321.31;989709;0
09.01.2026;11:00;322.05;322.79;321.07;321.81;321.93;1697705;0
09.01.2026;11:15;322.05;323.77;322.05;323.04;322.91;1529518;0
09.01.2026;11:30;322.79;325.25;322.79;325.00;324.02;1373144;0
09.01.2026;11:45;324.27;324.76;322.30;322.30;323.53;1711289;0
09.01.2026;12:00;322.54;324.76;320.82;324.51;322.79;1111728;0
09.01.2026;12:15;324.02;324.02;322.05;323.04;323.04;987808;0
09.01.2026;12:30;323.04;323.77;322.79;323.77;323.28;363794;0
09.01.2026;12:45;323.28;323.28;321.81;321.81;322.54;234658;0
09.01.2026;13:00;322.30;323.53;321.81;323.28;322.67;601355;0
09.01.2026;13:15;323.28;323.28;322.79;322.79;323.04;91184;0
09.01.2026;13:30;322.54;322.79;322.30;322.54;322.54;335702;0
09.01.2026;13:45;322.30;323.04;321.81;323.04;322.42;461562;0
09.01.2026;14:00;322.79;323.53;322.05;322.79;322.79;482467;0
09.01.2026;14:15;322.79;323.77;322.05;322.79;322.91;264877;0
09.01.2026;14:30;322.79;322.79;322.05;322.79;322.42;114719;0
09.01.2026;14:45;322.05;322.79;321.81;322.54;322.30;238440;0
09.01.2026;15:00;322.54;325.00;322.30;324.27;323.65;1479970;0
09.01.2026;15:15;323.77;323.77;322.54;322.79;323.16;486372;0
09.01.2026;15:30;322.54;326.23;322.30;325.25;324.27;2671255;0
09.01.2026;15:45;325.25;326.73;324.51;326.23;325.62;2067159;0
09.01.2026;16:00;325.74;325.74;324.27;324.76;325.00;1061248;0
09.01.2026;16:15;324.76;325.25;324.51;325.00;324.88;367430;0
09.01.2026;16:30;325.00;326.23;324.27;326.23;325.25;617118;0
09.01.2026;16:45;326.23;326.23;325.00;325.00;325.62;370567;0
09.01.2026;17:00;325.00;325.50;324.02;325.25;324.76;385058;0
09.01.2026;17:15;324.76;325.25;324.51;324.51;324.88;383241;0
09.01.2026;17:30;324.76;325.25;324.76;324.76;325.00;213533;0
09.01.2026;17:45;324.76;325.25;324.51;325.25;324.88;1410034;0
09.01.2026;18:00;325.25;325.74;324.76;325.00;325.25;994714;0
10.01.2026;10:00;325.00;325.99;322.30;322.30;324.14;1482741;0
10.01.2026;10:15;322.30;323.53;321.56;322.30;322.54;957217;0
10.01.2026;10:30;322.54;323.04;321.81;322.05;322.42;552348;0
10.01.2026;10:45;322.05;325.25;321.31;323.28;323.28;1177826;0
10.01.2026;11:00;323.28;324.51;323.28;324.02;323.90;475713;0
10.01.2026;11:15;324.76;325.25;323.77;325.25;324.51;725177;0
10.01.2026;11:30;325.00;325.00;323.04;324.02;324.02;681487;0
10.01.2026;11:45;323.77;324.27;322.79;323.53;323.53;429875;0
10.01.2026;12:00;323.04;323.53;323.04;323.28;323.28;180601;0
10.01.2026;12:15;323.28;323.53;322.79;323.28;323.16;323699;0
10.01.2026;12:30;322.79;323.28;322.79;323.04;323.04;194875;0
10.01.2026;12:45;323.04;324.02;323.04;323.77;323.53;142979;0
10.01.2026;13:00;323.77;324.27;323.53;323.53;323.90;619382;0
10.01.2026;13:15;324.27;324.27;323.04;323.53;323.65;329104;0
10.01.2026;13:30;323.77;324.02;323.53;323.53;323.77;94360;0
10.01.2026;13:45;323.77;323.77;323.04;323.04;323.41;147115;0
10.01.2026;14:00;323.04;324.02;322.79;323.77;323.41;480753;0
10.01.2026;14:15;323.53;324.02;323.53;324.02;323.77;100377;0
10.01.2026;14:30;324.02;324.51;323.77;324.27;324.14;699154;0
10.01.2026;14:45;323.77;324.27;323.53;324.27;323.90;294772;0
10.01.2026;15:00;323.77;325.00;323.53;324.51;324.27;1626881;0
10.01.2026;15:15;324.51;324.76;323.77;324.76;324.27;153586;0
10.01.2026;15:30;324.51;324.76;324.02;324.76;324.39;153977;0
10.01.2026;15:45;324.76;325.25;324.27;324.76;324.76;392789;0
10.01.2026;16:00;324.76;324.76;324.51;324.76;324.64;233813;0
10.01.2026;16:15;324.51;325.00;324.51;324.76;324.76;89060;0
10.01.2026;16:30;324.76;325.00;321.81;321.81;323.41;1164356;0
10.01.2026;16:45;321.81;323.53;321.56;323.04;322.54;734284;0
10.01.2026;17:00;323.04;324.02;323.04;323.77;323.53;151415;0
10.01.2026;17:15;323.28;323.53;322.30;322.30;322.91;338777;0
10.01.2026;17:30;322.30;322.30;321.81;321.81;322.05;504054;0
10.01.2026;17:45;322.05;322.54;321.56;322.54;322.05;604607;0
10.01.2026;18:00;322.30;323.04;322.05;322.79;322.54;502334;0
13.01.2026;10:00;325.74;328.20;324.51;326.73;326.36;2729238;0
13.01.2026;10:15;327.22;327.46;325.99;325.99;326.73;542566;0
13.01.2026;10:30;325.99;326.73;325.50;325.99;326.11;789104;0
13.01.2026;10:45;325.74;326.23;325.50;325.50;325.87;676582;0
13.01.2026;11:00;325.50;325.74;324.76;325.74;325.25;1366395;0
13.01.2026;11:15;325.00;325.74;324.76;325.74;325.25;1114138;0
13.01.2026;11:30;325.74;325.99;325.25;325.25;325.62;341143;0
13.01.2026;11:45;325.50;325.99;325.25;325.25;325.62;419587;0
13.01.2026;12:00;325.00;325.25;324.51;325.25;324.88;550779;0
13.01.2026;12:15;324.76;324.76;323.28;323.77;324.02;1147751;0
13.01.2026;12:30;323.53;324.51;323.53;323.77;324.02;476929;0
13.01.2026;12:45;323.53;323.77;323.04;323.53;323.41;1061956;0
13.01.2026;13:00;323.77;323.77;323.04;323.04;323.41;252165;0
13.01.2026;13:15;323.04;323.77;322.79;323.77;323.28;508819;0
13.01.2026;13:30;323.28;326.48;322.79;325.74;324.64;1852274;0
13.01.2026;13:45;325.74;325.99;324.51;324.51;325.25;705003;0
13.01.2026;14:00;324.76;325.50;324.76;325.25;325.13;705135;0
13.01.2026;14:15;325.00;327.22;325.00;326.73;326.11;2040053;0
13.01.2026;14:30;326.23;326.48;325.25;325.74;325.87;595558;0
13.01.2026;14:45;325.74;326.73;325.25;325.99;325.99;429894;0
13.01.2026;15:00;325.99;329.43;325.25;325.74;327.34;4720103;0
13.01.2026;15:15;325.74;327.71;325.25;327.71;326.48;1337738;0
13.01.2026;15:30;327.96;327.96;326.97;327.22;327.46;1253422;0
13.01.2026;15:45;327.22;327.96;325.99;327.96;326.97;1020784;0
13.01.2026;16:00;327.96;328.20;326.48;326.73;327.34;652346;0
13.01.2026;16:15;327.46;327.46;326.48;326.97;326.97;508517;0
13.01.2026;16:30;326.97;327.71;326.73;326.97;327.22;624725;0
13.01.2026;16:45;327.22;327.71;326.73;326.73;327.22;344963;0
13.01.2026;17:00;326.73;326.73;325.25;325.99;325.99;1321101;0
13.01.2026;17:15;325.99;326.73;325.50;325.74;326.11;626339;0
13.01.2026;17:30;325.74;327.71;325.50;325.99;326.60;699371;0
13.01.2026;17:45;325.74;326.23;324.51;325.00;325.37;960250;0
13.01.2026;18:00;325.74;325.99;325.00;325.00;325.50;346196;0
14.01.2026;10:00;323.77;325.99;323.28;325.99;324.64;493271;0
14.01.2026;10:15;326.23;327.22;324.76;325.25;325.99;1030603;0
14.01.2026;10:30;324.76;325.50;324.27;324.51;324.88;921723;0
14.01.2026;10:45;324.27;325.00;324.02;324.76;324.51;800009;0
14.01.2026;11:00;324.51;325.99;324.51;325.99;325.25;430172;0
14.01.2026;11:15;325.99;327.22;325.50;326.97;326.36;1018389;0
14.01.2026;11:30;326.73;329.19;326.48;327.71;327.83;1912481;0
14.01.2026;11:45;327.46;327.96;326.48;327.22;327.22;478997;0
14.01.2026;12:00;327.22;327.46;326.23;326.73;326.85;567528;0
14.01.2026;12:15;326.73;326.73;325.50;325.74;326.11;761367;0
14.01.2026;12:30;325.74;325.74;324.51;325.25;325.13;1674179;0
14.01.2026;12:45;325.50;325.99;325.00;325.25;325.50;178560;0
14.01.2026;13:00;325.25;325.99;325.25;325.50;325.62;480019;0
14.01.2026;13:15;325.74;326.48;325.50;325.74;325.99;267144;0
14.01.2026;13:30;325.74;325.74;325.25;325.25;325.50;93533;0
14.01.2026;13:45;325.99;325.99;324.76;324.76;325.37;421909;0
14.01.2026;14:00;325.25;325.25;324.27;324.27;324.76;338509;0
14.01.2026;14:15;324.27;324.76;324.02;324.27;324.39;194452;0
14.01.2026;14:30;324.27;324.76;323.77;324.02;324.27;352559;0
14.01.2026;14:45;324.02;324.76;323.53;323.77;324.14;1348473;0
14.01.2026;15:00;323.77;323.77;323.53;323.53;323.65;266400;0
14.01.2026;15:15;323.28;323.28;322.79;322.79;323.04;574387;0
14.01.2026;15:30;323.53;324.27;323.53;324.02;323.90;143411;0
14.01.2026;15:45;324.51;326.97;324.27;324.76;325.62;1813402;0
14.01.2026;16:00;324.76;325.99;323.77;324.02;324.88;633659;0
14.01.2026;16:15;324.27;324.76;324.02;324.76;324.39;106124;0
14.01.2026;16:30;324.51;325.00;324.27;324.51;324.64;776037;0
14.01.2026;16:45;324.27;324.27;322.30;323.04;323.28;1351586;0
14.01.2026;17:00;322.79;323.28;322.79;322.79;323.04;261763;0
14.01.2026;17:15;322.79;323.04;322.05;322.79;322.54;198945;0
14.01.2026;17:30;322.30;323.04;320.82;322.79;321.93;3223012;0
14.01.2026;17:45;323.04;324.02;321.81;323.28;322.91;1547342;0
14.01.2026;18:00;323.04;323.04;322.05;322.79;322.54;643019;0
15.01.2026;10:00;322.79;322.79;320.58;320.58;321.68;1694427;0
15.01.2026;10:15;320.58;321.81;320.33;321.31;321.07;4209963;0
15.01.2026;10:30;320.82;321.31;319.10;319.59;320.21;1195237;0
15.01.2026;10:45;319.35;319.84;318.61;319.10;319.22;555550;0
15.01.2026;11:00;319.35;319.84;318.85;318.85;319.35;314676;0
15.01.2026;11:15;318.85;319.10;317.87;318.85;318.48;2018936;0
15.01.2026;11:30;318.85;320.08;318.36;319.35;319.22;1024920;0
15.01.2026;11:45;319.59;321.07;318.85;319.35;319.96;548449;0
15.01.2026;12:00;318.85;320.33;318.36;319.84;319.35;447925;0
15.01.2026;12:15;319.84;320.58;319.10;320.58;319.84;556111;0
15.01.2026;12:30;320.33;321.07;320.33;320.82;320.70;581531;0
15.01.2026;12:45;321.31;321.56;320.58;321.31;321.07;187601;0
15.01.2026;13:00;321.56;321.56;321.07;321.56;321.31;215227;0
15.01.2026;13:15;321.31;321.31;320.08;320.33;320.70;269408;0
15.01.2026;13:30;320.08;320.33;320.08;320.08;320.21;54338;0
15.01.2026;13:45;319.84;320.33;319.35;320.33;319.84;99437;0
15.01.2026;14:00;319.84;320.58;319.59;320.58;320.08;58186;0
15.01.2026;14:15;319.84;320.08;319.84;320.08;319.96;52689;0
15.01.2026;14:30;320.82;321.56;320.58;321.31;321.07;247575;0
15.01.2026;14:45;320.58;320.82;320.33;320.82;320.58;81767;0
15.01.2026;15:00;320.33;320.33;319.59;319.84;319.96;525973;0
15.01.2026;15:15;319.84;320.82;319.84;320.82;320.33;77859;0
15.01.2026;15:30;320.82;321.07;320.82;320.82;320.94;260243;0
15.01.2026;15:45;321.31;321.31;321.07;321.07;321.19;139694;0
15.01.2026;16:00;320.82;321.56;320.58;321.56;321.07;313089;0
15.01.2026;16:15;321.07;322.54;321.07;321.31;321.81;1208112;0
15.01.2026;16:30;321.81;321.81;321.07;321.56;321.44;57855;0
15.01.2026;16:45;322.05;322.05;321.56;321.81;321.81;254426;0
15.01.2026;17:00;321.56;322.30;321.07;322.30;321.68;304770;0
15.01.2026;17:15;322.30;322.30;321.07;321.56;321.68;177902;0
15.01.2026;17:30;322.05;322.30;321.31;321.81;321.81;429966;0
15.01.2026;17:45;322.30;322.54;321.56;321.81;322.05;1600167;0
15.01.2026;18:00;321.81;321.81;321.31;321.81;321.56;382821;0
16.01.2026;10:00;322.05;326.73;322.05;325.74;324.39;2218590;0
16.01.2026;10:15;325.74;328.20;324.02;324.27;326.11;7008116;0
16.01.2026;10:30;324.27;325.25;324.02;325.25;324.64;508528;0
16.01.2026;10:45;325.74;325.99;325.25;325.74;325.62;478835;0
16.01.2026;11:00;325.99;327.22;325.74;327.22;326.48;1712150;0
16.01.2026;11:15;326.97;328.20;325.74;327.71;326.97;2535330;0
16.01.2026;11:30;327.71;329.19;327.46;328.45;328.33;2233118;0
16.01.2026;11:45;328.45;328.69;327.46;328.45;328.08;599947;0
16.01.2026;12:00;327.96;329.19;327.96;328.45;328.57;595305;0
16.01.2026;12:15;329.19;329.19;327.71;327.71;328.45;306559;0
16.01.2026;12:30;327.96;328.20;327.71;328.20;327.96;98014;0
16.01.2026;12:45;328.20;328.69;327.46;327.46;328.08;196996;0
16.01.2026;13:00;327.46;327.96;327.46;327.96;327.71;262331;0
16.01.2026;13:15;327.71;327.71;326.97;326.97;327.34;226762;0
16.01.2026;13:30;326.97;326.97;326.23;326.23;326.60;253526;0
16.01.2026;13:45;326.23;326.23;325.50;325.74;325.87;385665;0
16.01.2026;14:00;325.99;325.99;323.77;325.50;324.88;1212600;0
16.01.2026;14:15;325.50;326.23;325.00;326.23;325.62;299174;0
16.01.2026;14:30;326.23;326.48;325.74;326.48;326.11;346874;0
16.01.2026;14:45;325.99;325.99;325.99;325.99;325.99;993;0
16.01.2026;15:00;326.48;326.48;325.50;326.23;325.99;411678;0
16.01.2026;15:15;326.23;326.48;325.99;325.99;326.23;178393;0
16.01.2026;15:30;325.99;326.48;325.99;326.48;326.23;51726;0
16.01.2026;15:45;326.48;326.48;326.23;326.48;326.36;457417;0
16.01.2026;16:00;326.48;327.71;326.23;327.71;326.97;425444;0
16.01.2026;16:15;327.71;327.71;327.46;327.46;327.59;402539;0
16.01.2026;16:30;327.71;328.20;327.71;327.96;327.96;182247;0
16.01.2026;16:45;327.71;328.20;327.46;328.20;327.83;372866;0
16.01.2026;17:00;328.20;328.69;327.96;328.20;328.33;1268394;0
16.01.2026;17:15;328.45;328.94;328.20;328.69;328.57;884813;0
16.01.2026;17:30;328.69;329.68;327.96;328.45;328.82;1152266;0
16.01.2026;17:45;329.43;330.66;329.19;330.17;329.93;2234925;0
16.01.2026;18:00;330.17;331.16;329.68;331.16;330.42;811122;0
17.01.2026;10:00;333.37;333.37;328.20;329.19;330.79;1175213;0
17.01.2026;10:15;329.19;329.19;327.71;327.96;328.45;1233058;0
17.01.2026;10:30;327.96;333.37;327.71;329.68;330.54;3972253;0
17.01.2026;10:45;329.43;331.89;328.45;330.42;330.17;1024235;0
17.01.2026;11:00;329.68;331.89;328.94;331.89;330.42;1082559;0
17.01.2026;11:15;331.89;333.37;328.69;331.16;331.03;1075057;0
17.01.2026;11:30;331.40;331.65;330.42;330.42;331.03;1380890;0
17.01.2026;11:45;330.42;331.65;329.68;331.40;330.66;665002;0
17.01.2026;12:00;330.91;332.39;330.66;332.39;331.52;339479;0
17.01.2026;12:15;332.39;332.39;330.91;331.65;331.65;732934;0
17.01.2026;12:30;331.40;331.65;330.91;330.91;331.28;220375;0
17.01.2026;12:45;330.91;331.40;330.66;331.16;331.03;340929;0
17.01.2026;13:00;330.91;332.14;330.91;331.65;331.52;572015;0
17.01.2026;13:15;332.14;332.14;331.40;331.65;331.77;190435;0
17.01.2026;13:30;331.16;331.40;330.42;330.42;330.91;153665;0
17.01.2026;13:45;330.17;330.66;328.69;329.93;329.68;219500;0
17.01.2026;14:00;329.93;330.42;329.68;330.42;330.05;382247;0
17.01.2026;14:15;329.93;330.17;329.68;329.93;329.93;407417;0
17.01.2026;14:30;329.68;330.17;329.43;329.68;329.80;516668;0
17.01.2026;14:45;329.43;329.43;329.19;329.43;329.31;169383;0
17.01.2026;15:00;329.43;330.17;329.19;330.17;329.68;230967;0
17.01.2026;15:15;330.17;332.63;330.17;331.16;331.40;2183042;0
17.01.2026;15:30;331.16;331.89;329.68;329.68;330.79;1216982;0
17.01.2026;15:45;330.66;330.66;329.68;330.17;330.17;224557;0
17.01.2026;16:00;329.93;330.17;329.43;329.93;329.80;775862;0
17.01.2026;16:15;329.93;329.93;329.43;329.68;329.68;296152;0
17.01.2026;16:30;329.43;329.68;328.94;328.94;329.31;805153;0
17.01.2026;16:45;328.94;329.19;328.45;328.45;328.82;948446;0
17.01.2026;17:00;328.45;328.69;327.71;327.96;328.20;845613;0
17.01.2026;17:15;328.20;328.94;328.20;328.45;328.57;370467;0
17.01.2026;17:30;328.45;329.68;328.20;328.94;328.94;1062544;0
17.01.2026;17:45;329.19;329.68;328.69;328.69;329.19;511143;0
17.01.2026;18:00;328.69;330.17;328.69;330.17;329.43;679371;0
20.01.2026;10:00;330.17;330.17;327.71;328.94;328.94;1173629;0
20.01.2026;10:15;328.94;332.63;327.71;331.89;330.17;3083793;0
20.01.2026;10:30;331.89;334.11;331.16;332.39;332.63;3284379;0
20.01.2026;10:45;333.12;333.12;331.16;332.14;332.14;945361;0
20.01.2026;11:00;331.40;333.12;331.40;332.63;332.26;1262529;0
20.01.2026;11:15;332.63;334.11;332.14;333.62;333.12;1985566;0
20.01.2026;11:30;334.11;335.58;332.88;333.12;334.23;4118492;0
20.01.2026;11:45;333.12;334.35;332.39;332.88;333.37;1300634;0
20.01.2026;12:00;332.88;333.12;332.39;332.63;332.75;519547;0
20.01.2026;12:15;332.63;334.85;332.39;334.11;333.62;640161;0
20.01.2026;12:30;333.86;333.86;332.63;333.62;333.25;465854;0
20.01.2026;12:45;333.62;335.09;333.62;333.86;334.35;1493102;0
20.01.2026;13:00;333.62;335.09;333.12;335.09;334.11;686506;0
20.01.2026;13:15;335.09;335.58;334.11;335.34;334.85;961226;0
20.01.2026;13:30;335.09;335.34;333.12;334.60;334.23;863825;0
20.01.2026;13:45;334.60;335.09;333.86;334.35;334.48;418041;0
20.01.2026;14:00;334.35;334.35;330.91;333.37;332.63;530735;0
20.01.2026;14:15;332.63;333.86;332.63;332.88;333.25;277115;0
20.01.2026;14:30;333.12;333.62;333.12;333.37;333.37;51840;0
20.01.2026;14:45;333.37;333.86;333.12;333.86;333.49;327268;0
20.01.2026;15:00;333.62;334.11;333.37;333.37;333.74;692718;0
20.01.2026;15:15;333.37;334.85;333.37;334.85;334.11;778193;0
20.01.2026;15:30;334.85;334.85;334.11;334.60;334.48;271772;0
20.01.2026;15:45;334.60;334.85;333.86;334.60;334.35;294630;0
20.01.2026;16:00;334.11;334.60;333.86;334.35;334.23;689273;0
20.01.2026;16:15;334.35;334.60;333.62;333.62;334.11;281459;0
20.01.2026;16:30;334.11;334.11;333.12;333.12;333.62;402754;0
20.01.2026;16:45;333.12;333.62;332.63;332.63;333.12;1003248;0
20.01.2026;17:00;333.12;333.37;332.39;332.88;332.88;640329;0
20.01.2026;17:15;332.63;333.12;332.63;332.63;332.88;278597;0
20.01.2026;17:30;333.12;333.37;332.88;333.12;333.12;27418;0
20.01.2026;17:45;333.12;333.86;333.12;333.12;333.49;680163;0
20.01.2026;18:00;333.12;333.37;332.39;332.63;332.88;1309807;0
21.01.2026;10:00;336.57;338.04;333.62;337.55;335.83;4007160;0
21.01.2026;10:15;337.80;338.78;334.60;334.60;336.69;1855605;0
21.01.2026;10:30;334.60;335.58;333.62;334.11;334.60;1055245;0
21.01.2026;10:45;334.35;334.60;333.62;334.11;334.11;569429;0
21.01.2026;11:00;333.86;335.34;333.37;333.86;334.35;1104377;0
21.01.2026;11:15;333.86;335.09;333.37;333.62;334.23;1232712;0
21.01.2026;11:30;334.11;335.58;334.11;335.58;334.85;552189;0
21.01.2026;11:45;334.85;338.04;334.60;338.04;336.32;2304178;0
21.01.2026;12:00;338.04;338.29;336.32;337.31;337.31;1326088;0
21.01.2026;12:15;336.57;337.31;335.83;337.31;336.57;286831;0
21.01.2026;12:30;337.31;337.31;335.58;335.83;336.44;569114;0
21.01.2026;12:45;336.57;336.57;333.62;333.86;335.09;1281505;0
21.01.2026;13:00;334.11;334.11;333.62;333.86;333.86;266348;0
21.01.2026;13:15;333.37;334.35;333.12;333.37;333.74;706116;0
21.01.2026;13:30;333.86;333.86;333.12;333.12;333.49;221048;0
21.01.2026;13:45;333.12;333.37;332.14;332.63;332.75;1070286;0
21.01.2026;14:00;332.63;332.63;331.65;332.39;332.14;681446;0
21.01.2026;14:15;332.63;332.63;330.91;331.16;331.77;839426;0
21.01.2026;14:30;331.65;332.63;330.66;331.89;331.65;942350;0
21.01.2026;14:45;331.16;331.89;330.66;331.89;331.28;544635;0
21.01.2026;15:00;331.40;331.40;330.42;330.42;330.91;488828;0
21.01.2026;15:15;330.42;330.91;330.17;330.42;330.54;273685;0
21.01.2026;15:30;330.42;330.66;330.17;330.66;330.42;516600;0
21.01.2026;15:45;330.66;330.66;330.17;330.42;330.42;601108;0
21.01.2026;16:00;330.42;330.42;329.68;329.93;330.05;548631;0
21.01.2026;16:15;329.93;329.93;329.19;329.93;329.56;528445;0
21.01.2026;16:30;329.93;329.93;328.69;328.69;329.31;978562;0
21.01.2026;16:45;328.69;328.69;327.46;327.96;328.08;958057;0
21.01.2026;17:00;327.96;328.45;327.22;327.22;327.83;1138825;0
21.01.2026;17:15;327.71;328.20;327.22;328.20;327.71;653139;0
21.01.2026;17:30;328.45;328.45;327.22;327.71;327.83;826208;0
21.01.2026;17:45;327.46;328.69;327.22;327.46;327.96;1260186;0
21.01.2026;18:00;327.46;327.71;326.73;326.73;327.22;1175001;0
22.01.2026;10:00;327.96;329.43;326.73;328.69;328.08;1997600;0
22.01.2026;10:15;329.19;330.66;328.69;330.42;329.68;1443953;0
22.01.2026;10:30;330.17;330.17;329.43;330.17;329.80;324040;0
22.01.2026;10:45;330.42;330.42;329.43;329.93;329.93;341117;0
22.01.2026;11:00;329.93;330.42;329.43;330.17;329.93;864282;0
22.01.2026;11:15;330.17;330.17;328.69;329.93;329.43;206473;0
22.01.2026;11:30;329.43;329.43;327.96;328.45;328.69;663289;0
22.01.2026;11:45;328.45;328.94;328.20;328.45;328.57;400702;0
22.01.2026;12:00;328.45;328.45;327.71;327.71;328.08;245644;0
22.01.2026;12:15;327.71;327.71;326.73;327.46;327.22;459907;0
22.01.2026;12:30;327.22;327.22;325.99;326.48;326.60;459310;0
22.01.2026;12:45;326.48;326.73;325.74;325.74;326.23;606187;0
22.01.2026;13:00;326.23;326.23;324.76;324.76;325.50;826385;0
22.01.2026;13:15;325.25;325.99;325.25;325.99;325.62;1496494;0
22.01.2026;13:30;325.74;326.73;325.74;326.73;326.23;621206;0
22.01.2026;13:45;326.73;327.22;326.48;326.48;326.85;545693;0
22.01.2026;14:00;327.22;327.71;327.22;327.22;327.46;253165;0
22.01.2026;14:15;327.71;328.20;327.71;327.71;327.96;168613;0
22.01.2026;14:30;327.71;328.20;327.71;327.71;327.96;95616;0
22.01.2026;14:45;327.71;328.45;327.46;327.46;327.96;586274;0
22.01.2026;15:00;327.71;328.20;327.22;327.22;327.71;2384717;0
22.01.2026;15:15;327.46;327.71;326.48;326.48;327.10;1591815;0
22.01.2026;15:30;326.23;336.57;325.99;331.65;331.28;11160574;0
22.01.2026;15:45;331.40;331.40;329.68;330.17;330.54;1839397;0
22.01.2026;16:00;329.68;329.68;327.96;327.96;328.82;1399739;0
22.01.2026;16:15;327.96;329.19;327.46;328.45;328.33;842774;0
22.01.2026;16:30;328.20;328.20;327.96;328.20;328.08;1083216;0
22.01.2026;16:45;328.45;328.45;327.96;328.45;328.20;372736;0
22.01.2026;17:00;328.45;328.69;327.46;328.20;328.08;803379;0
22.01.2026;17:15;328.20;328.20;327.22;327.96;327.71;554402;0
22.01.2026;17:30;328.20;329.43;327.96;329.19;328.69;2097248;0
22.01.2026;17:45;328.69;329.68;327.96;327.96;328.82;1253468;0
22.01.2026;18:00;327.96;328.20;326.23;327.71;327.22;1464275;0
23.01.2026;10:00;328.94;332.14;328.94;331.65;330.54;1382390;0
23.01.2026;10:15;331.65;332.14;329.68;330.66;330.91;2443929;0
23.01.2026;10:30;330.17;330.42;328.45;328.94;329.43;1430497;0
23.01.2026;10:45;328.69;328.94;328.20;328.45;328.57;503346;0
23.01.2026;11:00;328.45;328.94;328.45;328.94;328.69;144273;0
23.01.2026;11:15;329.19;329.43;328.69;328.69;329.06;441425;0
23.01.2026;11:30;328.69;329.43;328.45;328.94;328.94;762936;0
23.01.2026;11:45;328.94;328.94;327.22;327.96;328.08;2156896;0
23.01.2026;12:00;327.96;328.69;327.71;328.20;328.20;1167013;0
23.01.2026;12:15;328.20;329.19;327.96;329.19;328.57;229876;0
23.01.2026;12:30;329.43;329.43;328.45;328.69;328.94;374046;0
23.01.2026;12:45;328.94;329.68;327.46;327.96;328.57;2016585;0
23.01.2026;13:00;327.96;327.96;326.48;327.22;327.22;1844269;0
23.01.2026;13:15;326.97;327.71;326.73;327.71;327.22;880570;0
23.01.2026;13:30;326.97;328.20;326.97;327.96;327.59;581703;0
23.01.2026;13:45;327.96;327.96;327.22;327.71;327.59;598719;0
23.01.2026;14:00;327.46;327.46;326.23;326.97;326.85;448217;0
23.01.2026;14:15;326.97;326.97;326.23;326.23;326.60;329164;0
23.01.2026;14:30;326.48;326.48;326.23;326.23;326.36;266921;0
23.01.2026;14:45;326.23;326.73;325.99;326.23;326.36;827619;0
23.01.2026;15:00;326.23;327.22;325.50;326.73;326.36;3043584;0
23.01.2026;15:15;326.73;326.73;325.25;325.25;325.99;1439737;0
23.01.2026;15:30;325.74;326.48;325.50;325.50;325.99;763287;0
23.01.2026;15:45;325.25;325.50;324.76;325.50;325.13;1096478;0
23.01.2026;16:00;325.25;325.74;325.25;325.74;325.50;301979;0
23.01.2026;16:15;325.74;327.96;325.74;327.71;326.85;342834;0
23.01.2026;16:30;327.71;328.69;327.71;327.96;328.20;107999;0
23.01.2026;16:45;328.20;328.69;327.71;328.20;328.20;304926;0
23.01.2026;17:00;327.96;328.69;327.71;327.96;328.20;835312;0
23.01.2026;17:15;327.71;327.71;326.48;326.73;327.10;958878;0
23.01.2026;17:30;327.22;329.19;325.99;325.99;327.59;1639199;0
23.01.2026;17:45;326.48;327.22;325.99;327.22;326.60;625440;0
23.01.2026;18:00;327.22;327.22;325.99;326.73;326.60;1443601;0
24.01.2026;10:00;326.73;326.73;324.76;325.74;325.74;1343396;0
24.01.2026;10:15;325.74;326.97;324.76;325.50;325.87;840852;0
24.01.2026;10:30;325.25;325.74;324.51;324.51;325.13;693077;0
24.01.2026;10:45;325.00;325.00;324.02;324.27;324.51;620824;0
24.01.2026;11:00;324.02;324.27;320.82;321.56;322.54;1455124;0
24.01.2026;11:15;321.56;322.05;320.33;322.05;321.19;1049607;0
24.01.2026;11:30;322.30;322.54;321.56;322.05;322.05;279890;0
24.01.2026;11:45;322.05;323.77;320.58;323.77;322.18;675805;0
24.01.2026;12:00;323.28;324.76;323.28;324.76;324.02;801487;0
24.01.2026;12:15;324.27;324.27;322.30;322.30;323.28;461528;0
24.01.2026;12:30;322.30;324.51;322.05;324.27;323.28;558089;0
24.01.2026;12:45;324.27;324.27;320.82;322.05;322.54;630499;0
24.01.2026;13:00;322.05;322.05;320.08;321.31;321.07;481610;0
24.01.2026;13:15;321.31;321.31;319.84;320.08;320.58;995283;0
24.01.2026;13:30;320.08;320.58;318.61;320.58;319.59;964631;0
24.01.2026;13:45;320.82;321.31;319.84;320.33;320.58;178988;0
24.01.2026;14:00;320.58;320.82;320.33;320.33;320.58;184311;0
24.01.2026;14:15;320.33;320.58;319.84;320.58;320.21;234411;0
24.01.2026;14:30;320.58;321.07;320.58;321.07;320.82;125843;0
24.01.2026;14:45;321.07;321.07;320.33;320.58;320.70;109405;0
24.01.2026;15:00;320.33;321.81;320.33;321.81;321.07;176524;0
24.01.2026;15:15;321.81;322.05;321.07;321.07;321.56;187758;0
24.01.2026;15:30;320.82;321.07;320.08;320.08;320.58;667808;0
24.01.2026;15:45;319.84;320.58;319.59;319.59;320.08;319278;0
24.01.2026;16:00;319.59;320.82;319.59;320.58;320.21;480810;0
24.01.2026;16:15;320.58;320.82;319.84;320.33;320.33;1103378;0
24.01.2026;16:30;320.33;320.33;318.61;319.10;319.47;846159;0
24.01.2026;16:45;319.10;319.35;318.61;318.85;318.98;637742;0
24.01.2026;17:00;318.61;318.85;318.12;318.36;318.48;541552;0
24.01.2026;17:15;318.36;318.85;318.12;318.61;318.48;369394;0
24.01.2026;17:30;318.61;318.85;317.38;317.87;318.12;886723;0
24.01.2026;17:45;317.87;319.59;317.38;319.10;318.48;2054524;0
24.01.2026;18:00;319.59;319.84;318.85;319.59;319.35;596339;0
28.01.2026;10:00;319.59;320.33;316.15;317.38;318.24;1149606;0
28.01.2026;10:15;316.89;317.38;315.16;315.41;316.27;834077;0
28.01.2026;10:30;315.16;315.41;313.44;314.67;314.43;1034490;0
28.01.2026;10:45;314.18;314.18;312.70;313.44;313.44;1264545;0
28.01.2026;11:00;313.20;313.44;312.46;313.20;312.95;1133023;0
28.01.2026;11:15;313.44;314.18;312.95;313.93;313.56;1061582;0
28.01.2026;11:30;313.93;314.67;312.95;314.43;313.81;473786;0
28.01.2026;11:45;313.69;314.18;313.20;313.44;313.69;519913;0
28.01.2026;12:00;313.69;315.66;313.69;315.66;314.67;392740;0
28.01.2026;12:15;315.66;316.15;315.66;316.15;315.90;129083;0
28.01.2026;12:30;316.15;316.39;316.15;316.39;316.27;62336;0
28.01.2026;12:45;316.39;316.64;315.41;315.90;316.02;466071;0
28.01.2026;13:00;315.90;316.64;315.90;315.90;316.27;149296;0
28.01.2026;13:15;316.39;316.89;315.90;315.90;316.39;260967;0
28.01.2026;13:30;315.90;315.90;315.16;315.90;315.53;191015;0
28.01.2026;13:45;315.90;315.90;315.16;315.41;315.53;45502;0
28.01.2026;14:00;315.66;316.15;315.16;316.15;315.66;105269;0
28.01.2026;14:15;316.64;316.64;315.90;316.64;316.27;170165;0
28.01.2026;14:30;316.15;317.38;316.15;317.38;316.76;216316;0
28.01.2026;14:45;317.38;319.84;316.89;317.62;318.36;1693067;0
28.01.2026;15:00;317.62;319.10;317.38;319.10;318.24;426822;0
28.01.2026;15:15;319.10;319.59;318.85;319.10;319.22;109262;0
28.01.2026;15:30;319.10;319.10;318.61;318.85;318.85;134138;0
28.01.2026;15:45;318.61;318.85;318.61;318.61;318.73;65722;0
28.01.2026;16:00;318.61;318.85;318.12;318.36;318.48;679087;0
28.01.2026;16:15;318.36;318.61;317.87;318.36;318.24;182301;0
28.01.2026;16:30;317.87;320.33;317.62;319.35;318.98;1083989;0
28.01.2026;16:45;319.35;320.08;319.35;320.08;319.71;209284;0
28.01.2026;17:00;320.33;320.33;319.10;319.59;319.71;311376;0
28.01.2026;17:15;319.59;319.59;318.36;319.10;318.98;24299;0
28.01.2026;17:30;318.61;319.84;317.87;319.35;318.85;358496;0
28.01.2026;17:45;318.85;320.82;317.87;320.33;319.35;1072645;0
28.01.2026;18:00;320.08;320.33;316.15;316.15;318.24;675537;0
29.01.2026;10:00;316.39;320.82;316.39;319.35;318.61;626249;0
29.01.2026;10:15;320.82;321.81;319.10;321.07;320.45;948825;0
29.01.2026;10:30;321.31;321.31;319.84;320.82;320.58;732623;0
29.01.2026;10:45;320.58;320.58;320.08;320.58;320.33;159512;0
29.01.2026;11:00;320.58;321.31;319.84;321.31;320.58;593766;0
29.01.2026;11:15;321.31;321.31;320.33;320.58;320.82;264669;0
29.01.2026;11:30;320.58;320.58;320.08;320.33;320.33;445347;0
29.01.2026;11:45;320.58;321.56;320.08;321.31;320.82;680923;0
29.01.2026;12:00;321.56;321.81;321.07;321.31;321.44;563595;0
29.01.2026;12:15;321.31;321.81;320.08;320.08;320.94;250081;0
29.01.2026;12:30;320.08;320.08;317.13;318.36;318.61;2575397;0
29.01.2026;12:45;318.36;318.36;316.89;317.62;317.62;1122962;0
29.01.2026;13:00;317.62;317.87;314.92;316.15;316.39;2555755;0
29.01.2026;13:15;316.15;317.38;316.15;316.89;316.76;405436;0
29.01.2026;13:30;316.89;317.13;316.64;317.13;316.89;526362;0
29.01.2026;13:45;317.13;317.62;317.13;317.13;317.38;253962;0
29.01.2026;14:00;317.13;317.38;316.89;317.38;317.13;86090;0
29.01.2026;14:15;317.38;318.36;317.38;317.87;317.87;624835;0
29.01.2026;14:30;317.87;317.87;316.64;316.89;317.25;610495;0
29.01.2026;14:45;317.13;317.13;316.64;316.89;316.89;803089;0
29.01.2026;15:00;316.64;316.89;315.66;315.90;316.27;469324;0
29.01.2026;15:15;315.90;316.15;315.66;315.90;315.90;246240;0
29.01.2026;15:30;315.66;316.15;315.41;315.66;315.78;373986;0
29.01.2026;15:45;315.66;316.15;315.41;315.90;315.78;492571;0
29.01.2026;16:00;315.90;316.15;315.66;316.15;315.90;234320;0
29.01.2026;16:15;316.15;316.89;316.15;316.39;316.52;136661;0
29.01.2026;16:30;316.64;316.89;315.90;315.90;316.39;221434;0
29.01.2026;16:45;316.39;316.89;315.66;315.66;316.27;888634;0
29.01.2026;17:00;315.90;316.15;315.41;315.90;315.78;777156;0
29.01.2026;17:15;315.90;316.15;314.92;314.92;315.53;889319;0
29.01.2026;17:30;315.41;315.41;314.18;314.18;314.79;823652;0
29.01.2026;17:45;314.67;315.90;314.43;315.16;315.16;343189;0
29.01.2026;18:00;314.92;315.41;314.67;315.16;315.04;542863;0
30.01.2026;10:00;316.39;318.12;315.16;316.89;316.64;1946666;0
30.01.2026;10:15;316.89;317.87;316.15;316.89;317.01;2355803;0
30.01.2026;10:30;316.89;316.89;315.66;316.39;316.27;481404;0
30.01.2026;10:45;316.15;317.38;315.90;315.90;316.64;612468;0
30.01.2026;11:00;315.90;317.13;315.90;317.13;316.52;667198;0
30.01.2026;11:15;316.89;317.38;316.39;316.64;316.89;861197;0
30.01.2026;11:30;316.89;317.13;316.39;316.39;316.76;253551;0
30.01.2026;11:45;315.90;315.90;313.44;314.67;314.67;1025206;0
30.01.2026;12:00;314.67;315.66;314.67;315.66;315.16;414479;0
30.01.2026;12:15;315.16;315.41;313.93;314.67;314.67;809260;0
30.01.2026;12:30;314.92;314.92;313.69;314.18;314.30;931550;0
30.01.2026;12:45;314.18;314.92;313.69;314.18;314.30;229761;0
30.01.2026;13:00;314.43;315.66;313.93;315.41;314.79;539972;0
30.01.2026;13:15;315.66;315.66;314.43;315.41;315.04;1169395;0
30.01.2026;13:30;314.92;315.66;314.92;315.16;315.29;156257;0
30.01.2026;13:45;314.92;315.16;314.43;314.67;314.79;135830;0
30.01.2026;14:00;314.67;314.92;313.44;313.93;314.18;732128;0
30.01.2026;14:15;313.93;314.67;313.69;314.43;314.18;403620;0
30.01.2026;14:30;314.43;314.43;313.44;313.44;313.93;68887;0
30.01.2026;14:45;314.67;314.67;313.69;314.43;314.18;131182;0
30.01.2026;15:00;314.43;315.66;313.93;315.41;314.79;1159853;0
30.01.2026;15:15;315.41;315.41;313.93;315.16;314.67;521945;0
30.01.2026;15:30;314.92;315.41;314.67;315.41;315.04;804539;0
30.01.2026;15:45;315.41;315.41;314.67;314.67;315.04;303767;0
30.01.2026;16:00;314.67;315.66;314.67;315.66;315.16;165604;0
30.01.2026;16:15;315.90;316.89;315.66;316.89;316.27;850241;0
30.01.2026;16:30;316.89;317.38;316.89;316.89;317.13;1537873;0
30.01.2026;16:45;316.64;316.64;315.66;315.90;316.15;38541;0
30.01.2026;17:00;315.66;315.66;314.43;314.92;315.04;419795;0
30.01.2026;17:15;314.92;315.16;314.18;314.43;314.67;343912;0
30.01.2026;17:30;314.43;315.16;313.44;314.67;314.30;599916;0
30.01.2026;17:45;314.67;314.67;313.69;314.18;314.18;737227;0
30.01.2026;18:00;314.18;314.92;313.44;313.44;314.18;1374032;0
31.01.2026;10:00;313.44;313.69;312.46;312.95;313.07;728919;0
31.01.2026;10:15;312.95;314.18;311.96;314.18;313.07;969169;0
31.01.2026;10:30;314.18;314.92;314.18;314.43;314.55;544230;0
31.01.2026;10:45;314.43;314.43;313.44;313.69;313.93;156953;0
31.01.2026;11:00;314.18;314.92;314.18;314.92;314.55;326943;0
31.01.2026;11:15;314.43;315.41;313.93;315.41;314.67;1017398;0
31.01.2026;11:30;315.41;315.41;314.43;314.43;314.92;282633;0
31.01.2026;11:45;314.18;314.67;313.93;314.43;314.30;148149;0
31.01.2026;12:00;314.43;314.92;314.18;314.92;314.55;303548;0
31.01.2026;12:15;314.92;315.90;314.92;315.90;315.41;571772;0
31.01.2026;12:30;315.90;316.39;314.92;314.92;315.66;334862;0
31.01.2026;12:45;315.41;315.90;315.41;315.41;315.66;228701;0
31.01.2026;13:00;315.41;316.15;314.92;315.66;315.53;605316;0
31.01.2026;13:15;315.66;316.39;315.41;315.66;315.90;551220;0
31.01.2026;13:30;315.90;315.90;315.90;315.90;315.90;65484;0
31.01.2026;13:45;315.90;316.15;315.66;316.15;315.90;164736;0
31.01.2026;14:00;316.39;317.87;316.15;317.13;317.01;1327932;0
31.01.2026;14:15;317.13;325.99;316.89;321.56;321.44;7752651;0
31.01.2026;14:30;321.81;321.81;317.87;317.87;319.84;2353774;0
31.01.2026;14:45;317.87;320.82;317.38;319.35;319.10;1783861;0
31.01.2026;15:00;319.35;319.84;317.87;319.35;318.85;808630;0
31.01.2026;15:15;318.85;318.85;317.38;317.87;318.12;610628;0
31.01.2026;15:30;317.87;323.28;317.62;321.81;320.45;2349709;0
31.01.2026;15:45;321.56;321.56;317.62;317.87;319.59;1771326;0
31.01.2026;16:00;318.12;319.84;318.12;319.84;318.98;262275;0
31.01.2026;16:15;319.35;321.81;318.85;320.58;320.33;1266090;0
31.01.2026;16:30;321.31;321.31;317.62;318.36;319.47;1425324;0
31.01.2026;16:45;318.61;318.85;318.12;318.85;318.48;713537;0
31.01.2026;17:00;318.61;318.85;317.13;317.13;317.99;1265732;0
31.01.2026;17:15;317.38;317.87;314.92;315.90;316.39;1427474;0
31.01.2026;17:30;315.90;316.39;314.67;315.66;315.53;1190708;0
31.01.2026;17:45;316.15;316.89;315.16;316.64;316.02;828016;0
31.01.2026;18:00;316.64;317.38;315.66;317.38;316.52;874237;0
01.02.2026;10:00;317.38;319.59;315.90;319.59;317.75;1331448;0
01.02.2026;10:15;319.35;320.82;316.15;319.84;318.48;2424415;0
01.02.2026;10:30;319.10;319.84;318.36;319.10;319.10;774601;0
01.02.2026;10:45;319.59;321.81;316.15;316.15;318.98;1850696;0
01.02.2026;11:00;316.15;316.39;314.92;314.92;315.66;845212;0
01.02.2026;11:15;314.92;315.90;313.93;315.16;314.92;895866;0
01.02.2026;11:30;315.16;315.90;314.18;315.16;315.04;315472;0
01.02.2026;11:45;314.92;316.89;314.67;316.15;315.78;1235550;0
01.02.2026;12:00;316.15;316.15;314.18;315.41;315.16;205262;0
01.02.2026;12:15;315.41;316.39;314.43;316.39;315.41;204725;0
01.02.2026;12:30;316.39;317.13;315.41;316.64;316.27;338920;0
01.02.2026;12:45;316.15;316.15;315.16;316.15;315.66;106174;0
01.02.2026;13:00;315.66;315.90;314.92;315.90;315.41;356269;0
01.02.2026;13:15;315.90;315.90;315.16;315.66;315.53;300817;0
01.02.2026;13:30;315.66;315.66;314.67;314.92;315.16;56967;0
01.02.2026;13:45;314.92;314.92;314.43;314.92;314.67;23672;0
01.02.2026;14:00;314.92;314.92;313.93;314.43;314.43;285232;0
01.02.2026;14:15;314.18;314.43;313.44;313.93;313.93;410142;0
01.02.2026;14:30;313.93;314.18;313.44;313.44;313.81;272132;0
01.02.2026;14:45;313.44;314.67;312.95;314.18;313.81;472508;0
01.02.2026;15:00;314.43;315.66;313.93;315.66;314.79;556164;0
01.02.2026;15:15;315.16;316.64;315.16;315.16;315.90;378018;0
01.02.2026;15:30;315.41;315.41;314.18;314.18;314.79;128163;0
01.02.2026;15:45;314.43;314.67;313.20;313.44;313.93;775028;0
01.02.2026;16:00;313.69;313.93;313.20;313.69;313.56;117252;0
01.02.2026;16:15;313.69;314.18;313.44;313.69;313.81;268681;0
01.02.2026;16:30;313.69;314.43;313.44;314.43;313.93;364499;0
01.02.2026;16:45;313.93;313.93;312.46;312.46;313.20;630492;0
01.02.2026;17:00;312.95;313.44;312.70;312.95;313.07;233756;0
01.02.2026;17:15;312.95;315.41;312.70;315.41;314.06;467709;0
01.02.2026;17:30;315.41;316.64;314.43;316.64;315.53;801595;0
01.02.2026;17:45;316.39;316.64;314.92;316.39;315.78;687645;0
01.02.2026;18:00;315.66;317.38;314.92;315.16;316.15;1158387;0
04.02.2026;10:00;316.39;320.33;316.39;318.85;318.36;1042927;0
04.02.2026;10:15;318.85;319.59;317.87;319.10;318.73;792345;0
04.02.2026;10:30;319.35;319.59;318.85;319.35;319.22;611282;0
04.02.2026;10:45;319.59;319.84;319.10;319.59;319.47;208048;0
04.02.2026;11:00;319.35;320.82;319.35;320.33;320.08;760632;0
04.02.2026;11:15;320.33;321.07;319.84;320.33;320.45;988488;0
04.02.2026;11:30;320.58;321.07;320.08;320.82;320.58;662952;0
04.02.2026;11:45;320.58;321.31;320.08;321.31;320.70;1335186;0
04.02.2026;12:00;321.31;323.28;321.31;322.79;322.30;2802700;0
04.02.2026;12:15;322.79;323.28;321.56;322.05;322.42;1055172;0
04.02.2026;12:30;322.30;322.54;321.07;322.05;321.81;899615;0
04.02.2026;12:45;321.81;322.54;321.56;322.54;322.05;457250;0
04.02.2026;13:00;322.30;322.54;320.82;321.81;321.68;394192;0
04.02.2026;13:15;322.05;322.30;321.81;322.05;322.05;628481;0
04.02.2026;13:30;322.30;322.30;321.07;321.81;321.68;710340;0
04.02.2026;13:45;321.81;322.05;321.31;322.05;321.68;155911;0
04.02.2026;14:00;321.81;322.79;321.81;322.54;322.30;564595;0
04.02.2026;14:15;322.54;323.04;322.05;322.79;322.54;1497837;0
04.02.2026;14:30;322.30;322.54;321.07;321.07;321.81;511129;0
04.02.2026;14:45;321.31;321.81;320.82;321.81;321.31;196594;0
04.02.2026;15:00;321.56;322.30;321.31;321.81;321.81;251687;0
04.02.2026;15:15;321.81;322.54;321.81;321.81;322.18;401825;0
04.02.2026;15:30;322.30;322.79;322.05;322.30;322.42;289321;0
04.02.2026;15:45;322.30;322.79;321.81;322.79;322.30;1458663;0
04.02.2026;16:00;322.79;327.46;322.05;326.23;324.76;6561409;0
04.02.2026;16:15;325.74;327.96;325.74;327.71;326.85;2623792;0
04.02.2026;16:30;327.96;330.66;327.46;329.68;329.06;7977752;0
04.02.2026;16:45;329.43;331.40;326.23;330.66;328.82;3071278;0
04.02.2026;17:00;330.42;331.89;328.94;331.16;330.42;5856608;0
04.02.2026;17:15;331.40;332.39;330.91;331.16;331.65;4403740;0
04.02.2026;17:30;331.16;331.16;328.94;329.19;330.05;3088323;0
04.02.2026;17:45;329.43;329.43;328.20;328.94;328.82;1181459;0
04.02.2026;18:00;328.94;330.42;328.94;329.93;329.68;1916179;0
05.02.2026;10:00;330.66;331.16;328.45;331.16;329.80;3311832;0
05.02.2026;10:15;330.66;330.66;327.96;328.94;329.31;2324844;0
05.02.2026;10:30;328.69;329.43;327.96;328.69;328.69;1023748;0
05.02.2026;10:45;328.45;329.43;327.46;328.45;328.45;1906487;0
05.02.2026;11:00;328.69;330.17;327.22;328.94;328.69;4166340;0
05.02.2026;11:15;329.19;329.68;328.20;329.19;328.94;473922;0
05.02.2026;11:30;328.94;329.43;328.94;329.43;329.19;433569;0
05.02.2026;11:45;329.68;330.66;329.19;330.66;329.93;832696;0
05.02.2026;12:00;330.17;331.40;329.68;330.17;330.54;1835703;0
05.02.2026;12:15;330.42;332.14;330.42;330.42;331.28;1459103;0
05.02.2026;12:30;330.66;331.16;329.68;330.17;330.42;698806;0
05.02.2026;12:45;329.68;330.66;329.68;329.93;330.17;249160;0
05.02.2026;13:00;329.93;330.42;328.94;330.42;329.68;1189087;0
05.02.2026;13:15;330.42;330.42;327.71;327.71;329.06;1096423;0
05.02.2026;13:30;327.71;328.94;326.48;327.96;327.71;3068650;0
05.02.2026;13:45;328.20;328.69;327.46;327.96;328.08;473717;0
05.02.2026;14:00;327.96;329.19;327.46;328.20;328.33;847637;0
05.02.2026;14:15;327.96;328.20;327.71;327.71;327.96;65985;0
05.02.2026;14:30;327.46;327.96;326.97;327.96;327.46;397901;0
05.02.2026;14:45;327.96;328.20;327.22;328.20;327.71;526955;0
05.02.2026;15:00;327.96;327.96;326.73;326.73;327.34;943448;0
05.02.2026;15:15;326.73;327.22;326.48;327.22;326.85;445383;0
05.02.2026;15:30;326.73;327.22;325.74;325.99;326.48;546343;0
05.02.2026;15:45;325.99;326.48;325.50;325.74;325.99;1092822;0
05.02.2026;16:00;325.50;325.99;324.51;325.50;325.25;1398084;0
05.02.2026;16:15;325.50;326.48;322.79;323.53;324.64;2622213;0
05.02.2026;16:30;323.77;324.76;323.28;323.53;324.02;911851;0
05.02.2026;16:45;323.77;324.27;322.79;323.77;323.53;957701;0
05.02.2026;17:00;323.28;324.51;323.04;324.51;323.77;839358;0
05.02.2026;17:15;324.51;325.74;323.77;324.76;324.76;1737646;0
05.02.2026;17:30;324.76;324.76;323.53;324.27;324.14;565095;0
05.02.2026;17:45;323.28;323.77;322.79;323.53;323.28;585637;0
05.02.2026;18:00;323.77;324.02;323.28;323.28;323.65;820681;0
06.02.2026;10:00;323.28;324.02;319.35;322.05;321.68;2739639;0
06.02.2026;10:15;321.81;323.53;321.31;322.30;322.42;3618383;0
06.02.2026;10:30;322.30;323.28;321.07;321.31;322.18;1367739;0
06.02.2026;10:45;321.31;323.04;321.07;322.30;322.05;3622422;0
06.02.2026;11:00;321.56;322.30;321.31;321.81;321.81;472129;0
06.02.2026;11:15;322.05;322.30;321.31;321.56;321.81;681440;0
06.02.2026;11:30;321.56;322.05;320.82;322.05;321.44;274446;0
06.02.2026;11:45;322.05;324.02;322.05;323.77;323.04;1330411;0
06.02.2026;12:00;324.02;324.76;323.77;323.77;324.27;1111953;0
06.02.2026;12:15;323.77;324.27;323.53;323.77;323.90;214198;0
06.02.2026;12:30;323.53;324.02;322.30;322.79;323.16;375305;0
06.02.2026;12:45;322.05;322.05;321.56;321.81;321.81;375742;0
06.02.2026;13:00;322.05;322.05;321.56;321.81;321.81;154013;0
06.02.2026;13:15;321.81;321.81;321.31;321.56;321.56;257151;0
06.02.2026;13:30;321.56;322.05;320.33;320.82;321.19;1254085;0
06.02.2026;13:45;320.82;320.82;320.58;320.58;320.70;81779;0
06.02.2026;14:00;320.58;320.82;319.84;320.08;320.33;457809;0
06.02.2026;14:15;320.33;320.82;319.35;319.59;320.08;2394387;0
06.02.2026;14:30;319.59;319.84;319.10;319.10;319.47;1331174;0
06.02.2026;14:45;319.10;319.10;318.61;318.85;318.85;450364;0
06.02.2026;15:00;318.85;319.35;318.12;319.10;318.73;577066;0
06.02.2026;15:15;319.59;320.82;319.35;320.82;320.08;550885;0
06.02.2026;15:30;320.58;321.31;320.33;320.82;320.82;153110;0
06.02.2026;15:45;320.82;320.82;320.58;320.58;320.70;112398;0
06.02.2026;16:00;320.08;320.58;320.08;320.33;320.33;279709;0
06.02.2026;16:15;320.58;321.81;320.33;320.82;321.07;739206;0
06.02.2026;16:30;320.82;321.07;319.84;319.84;320.45;898385;0
06.02.2026;16:45;320.08;320.33;319.84;319.84;320.08;265302;0
06.02.2026;17:00;320.08;320.33;319.59;319.59;319.96;334142;0
06.02.2026;17:15;319.84;319.84;318.61;318.85;319.22;571800;0
06.02.2026;17:30;318.85;319.10;318.61;319.10;318.85;1131075;0
06.02.2026;17:45;318.85;319.59;318.61;319.59;319.10;1119375;0
06.02.2026;18:00;319.35;319.59;318.61;318.61;319.10;461211;0
07.02.2026;10:00;320.82;320.82;319.35;320.08;320.08;329808;0
07.02.2026;10:15;319.59;319.84;318.85;319.35;319.35;1068080;0
07.02.2026;10:30;319.59;320.33;319.59;319.84;319.96;1008210;0
07.02.2026;10:45;319.84;320.58;318.85;320.58;319.71;1471520;0
07.02.2026;11:00;320.33;321.31;320.08;320.82;320.70;645124;0
07.02.2026;11:15;321.31;321.31;320.33;321.07;320.82;815779;0
07.02.2026;11:30;321.07;321.07;320.08;320.33;320.58;1011462;0
07.02.2026;11:45;320.33;321.07;320.33;320.82;320.70;759484;0
07.02.2026;12:00;320.82;322.79;320.58;322.54;321.68;1350439;0
07.02.2026;12:15;322.79;323.53;321.81;323.04;322.67;1043438;0
07.02.2026;12:30;323.04;323.28;322.30;323.28;322.79;271519;0
07.02.2026;12:45;323.04;324.02;322.79;324.02;323.41;606577;0
07.02.2026;13:00;324.02;325.00;323.77;324.76;324.39;983996;0
07.02.2026;13:15;324.76;324.76;323.53;323.77;324.14;400898;0
07.02.2026;13:30;323.53;324.27;323.53;323.77;323.90;218033;0
07.02.2026;13:45;324.02;324.27;323.28;324.27;323.77;224976;0
07.02.2026;14:00;324.27;324.51;323.53;324.27;324.02;834816;0
07.02.2026;14:15;324.27;324.27;323.77;324.27;324.02;520280;0
07.02.2026;14:30;324.27;324.27;323.28;323.28;323.77;417315;0
07.02.2026;14:45;323.53;323.77;323.28;323.28;323.53;152109;0
07.02.2026;15:00;323.28;323.77;321.81;323.77;322.79;881387;0
07.02.2026;15:15;323.53;324.51;322.30;322.54;323.41;499978;0
07.02.2026;15:30;322.79;323.77;322.54;322.79;323.16;3029420;0
07.02.2026;15:45;322.79;323.77;322.54;323.53;323.16;988573;0
07.02.2026;16:00;323.53;324.27;323.53;324.27;323.90;882292;0
07.02.2026;16:15;324.51;325.00;324.02;324.76;324.51;903303;0
07.02.2026;16:30;324.76;324.76;323.77;324.76;324.27;2651113;0
07.02.2026;16:45;324.76;325.99;324.27;325.74;325.13;983821;0
07.02.2026;17:00;325.50;325.74;324.51;324.51;325.13;795814;0
07.02.2026;17:15;325.00;325.25;324.76;325.25;325.00;333069;0
07.02.2026;17:30;325.25;325.74;325.25;325.74;325.50;447282;0
07.02.2026;17:45;325.25;325.99;324.76;325.74;325.37;845517;0
07.02.2026;18:00;325.50;325.99;325.25;325.74;325.62;756074;0
08.02.2026;10:00;325.50;329.68;325.00;327.46;327.34;1870873;0
08.02.2026;10:15;326.73;328.69;326.48;327.71;327.59;2961605;0
08.02.2026;10:30;327.46;328.45;326.97;326.97;327.71;1381336;0
08.02.2026;10:45;326.97;327.46;326.48;326.97;326.97;594920;0
08.02.2026;11:00;327.46;329.19;326.97;328.45;328.08;1200538;0
08.02.2026;11:15;328.45;328.94;327.22;328.94;328.08;1751810;0
08.02.2026;11:30;329.19;330.17;328.45;328.69;329.31;2350097;0
08.02.2026;11:45;328.45;329.68;326.97;327.46;328.33;1766225;0
08.02.2026;12:00;327.46;327.46;325.74;326.23;326.60;1203105;0
08.02.2026;12:15;326.73;327.96;326.73;327.71;327.34;388423;0
08.02.2026;12:30;326.97;328.45;326.73;327.96;327.59;636565;0
08.02.2026;12:45;327.96;328.45;327.71;327.96;328.08;232642;0
08.02.2026;13:00;327.96;328.45;327.71;327.71;328.08;494787;0
08.02.2026;13:15;327.96;328.45;327.96;328.20;328.20;1072848;0
08.02.2026;13:30;328.20;330.17;327.96;329.43;329.06;2293620;0
08.02.2026;13:45;329.43;330.17;328.94;329.19;329.56;1090741;0
08.02.2026;14:00;329.19;330.42;328.20;328.20;329.31;3819635;0
08.02.2026;14:15;328.45;329.19;328.20;328.94;328.69;351129;0
08.02.2026;14:30;328.94;330.42;328.94;330.42;329.68;1108029;0
08.02.2026;14:45;330.42;331.89;330.42;331.16;331.16;3499184;0
08.02.2026;15:00;331.16;331.16;328.94;329.19;330.05;707926;0
08.02.2026;15:15;329.19;329.19;328.69;328.69;328.94;549297;0
08.02.2026;15:30;328.69;329.19;328.20;328.69;328.69;1280188;0
08.02.2026;15:45;328.69;329.43;328.20;328.20;328.82;694587;0
08.02.2026;16:00;328.45;329.19;328.45;329.19;328.82;395907;0
08.02.2026;16:15;329.43;329.93;328.69;329.43;329.31;840810;0
08.02.2026;16:30;329.19;330.17;328.69;329.68;329.43;1016110;0
08.02.2026;16:45;329.68;330.91;329.43;329.68;330.17;1476884;0
08.02.2026;17:00;330.17;330.42;328.94;328.94;329.68;1098345;0
08.02.2026;17:15;328.69;329.93;328.69;329.68;329.31;432673;0
08.02.2026;17:30;329.43;329.43;328.94;329.19;329.19;755607;0
08.02.2026;17:45;328.94;329.68;328.69;329.43;329.19;1345651;0
08.02.2026;18:00;329.68;329.93;329.19;329.19;329.56;972037;0
11.02.2026;10:00;326.73;335.34;326.73;332.39;331.03;4393582;0
11.02.2026;10:15;332.39;334.60;331.65;334.11;333.12;4058120;0
11.02.2026;10:30;334.11;335.83;334.11;335.09;334.97;3171658;0
11.02.2026;10:45;335.09;337.31;334.85;336.08;336.08;2440455;0
11.02.2026;11:00;336.08;337.80;335.34;337.31;336.57;5766325;0
11.02.2026;11:15;337.31;337.31;335.34;335.83;336.32;1351687;0
11.02.2026;11:30;336.08;337.31;335.83;336.08;336.57;1499111;0
11.02.2026;11:45;336.08;338.29;335.83;337.55;337.06;2577365;0
11.02.2026;12:00;337.06;338.04;337.06;337.06;337.55;1066100;0
11.02.2026;12:15;336.81;337.06;335.34;335.58;336.20;534926;0
11.02.2026;12:30;335.58;336.32;335.34;336.32;335.83;914928;0
11.02.2026;12:45;336.08;337.31;336.08;337.31;336.69;574658;0
11.02.2026;13:00;337.55;337.80;336.81;337.06;337.31;851712;0
11.02.2026;13:15;336.81;337.06;336.57;336.81;336.81;613988;0
11.02.2026;13:30;336.57;337.31;336.57;336.81;336.94;530275;0
11.02.2026;13:45;336.57;337.06;336.32;336.32;336.69;376027;0
11.02.2026;14:00;336.32;336.81;336.08;336.81;336.44;257650;0
11.02.2026;14:15;336.32;337.31;335.83;336.57;336.57;635087;0
11.02.2026;14:30;336.57;339.03;336.57;338.29;337.80;2540422;0
11.02.2026;14:45;338.29;338.29;336.81;337.06;337.55;1562031;0
11.02.2026;15:00;337.06;338.04;336.57;337.55;337.31;738641;0
11.02.2026;15:15;337.55;339.27;337.31;338.29;338.29;1299792;0
11.02.2026;15:30;337.80;337.80;336.57;336.81;337.18;1246161;0
11.02.2026;15:45;336.81;337.31;335.83;336.32;336.57;867516;0
11.02.2026;16:00;336.32;338.29;335.83;337.80;337.06;995042;0
11.02.2026;16:15;337.80;339.03;337.06;338.54;338.04;664261;0
11.02.2026;16:30;338.78;338.78;336.32;336.32;337.55;532912;0
11.02.2026;16:45;336.81;337.31;336.32;337.31;336.81;408856;0
11.02.2026;17:00;337.31;337.31;336.08;336.08;336.69;378861;0
11.02.2026;17:15;336.57;337.31;336.57;336.81;336.94;1165534;0
11.02.2026;17:30;337.06;337.55;336.81;336.81;337.18;703327;0
11.02.2026;17:45;336.81;337.80;336.81;337.31;337.31;764232;0
11.02.2026;18:00;337.31;339.27;337.31;339.27;338.29;1134496;0
12.02.2026;10:00;339.52;345.18;335.09;342.47;340.14;6365803;0
12.02.2026;10:15;342.23;343.21;340.50;341.73;341.86;2998691;0
12.02.2026;10:30;341.73;342.96;339.77;340.01;341.37;2599242;0
12.02.2026;10:45;340.26;342.96;340.26;341.98;341.61;1841519;0
12.02.2026;11:00;341.49;344.19;341.49;343.70;342.84;3078868;0
12.02.2026;11:15;343.95;344.19;341.98;342.47;343.09;895458;0
12.02.2026;11:30;341.73;343.21;341.73;342.72;342.47;1013033;0
12.02.2026;11:45;342.72;342.72;341.00;341.49;341.86;779862;0
12.02.2026;12:00;341.49;341.49;339.52;339.52;340.50;1280533;0
12.02.2026;12:15;339.03;339.03;336.81;337.55;337.92;4517182;0
12.02.2026;12:30;337.55;338.54;337.55;338.04;338.04;833255;0
12.02.2026;12:45;338.04;339.03;336.57;339.03;337.80;1991076;0
12.02.2026;13:00;338.78;339.27;338.54;338.54;338.91;515396;0
12.02.2026;13:15;338.29;339.52;338.29;339.52;338.91;527714;0
12.02.2026;13:30;339.52;340.01;339.27;340.01;339.64;375922;0
12.02.2026;13:45;340.01;340.26;339.27;340.01;339.77;683899;0
12.02.2026;14:00;339.77;339.77;339.03;339.03;339.40;140697;0
12.02.2026;14:15;339.03;339.52;338.29;339.03;338.91;296630;0
12.02.2026;14:30;339.27;340.26;339.27;340.26;339.77;378404;0
12.02.2026;14:45;340.50;341.00;339.52;341.00;340.26;350286;0
12.02.2026;15:00;341.00;341.98;341.00;341.73;341.49;732248;0
12.02.2026;15:15;341.24;341.24;339.52;339.52;340.38;1073927;0
12.02.2026;15:30;339.52;340.01;338.54;340.01;339.27;894363;0
12.02.2026;15:45;340.26;341.00;340.01;340.01;340.50;1400418;0
12.02.2026;16:00;340.26;340.26;339.03;339.03;339.64;484819;0
12.02.2026;16:15;339.03;340.01;338.54;339.27;339.27;502529;0
12.02.2026;16:30;339.27;339.27;338.04;338.54;338.66;513956;0
12.02.2026;16:45;338.29;340.01;338.29;340.01;339.15;697891;0
12.02.2026;17:00;340.01;341.00;339.77;340.50;340.38;1051991;0
12.02.2026;17:15;340.50;341.24;339.52;340.01;340.38;1346836;0
12.02.2026;17:30;340.01;340.75;338.78;339.03;339.77;1380554;0
12.02.2026;17:45;339.03;340.26;339.03;339.03;339.64;748330;0
12.02.2026;18:00;339.03;339.52;337.55;338.04;338.54;2348787;0
13.02.2026;10:00;338.04;339.03;336.32;336.81;337.67;1071722;0
13.02.2026;10:15;337.06;337.55;336.08;337.31;336.81;1233228;0
13.02.2026;10:30;337.06;338.29;336.32;338.04;337.31;519374;0
13.02.2026;10:45;338.54;338.54;337.31;337.80;337.92;480423;0
13.02.2026;11:00;337.80;341.49;337.80;338.78;339.64;940517;0
13.02.2026;11:15;338.04;338.54;336.81;337.31;337.67;937685;0
13.02.2026;11:30;336.81;337.55;336.81;337.06;337.18;983373;0
13.02.2026;11:45;337.06;337.55;336.81;337.55;337.18;1319000;0
13.02.2026;12:00;337.31;338.04;337.06;337.55;337.55;451240;0
13.02.2026;12:15;337.31;338.29;337.06;338.29;337.67;522639;0
13.02.2026;12:30;338.29;338.78;338.04;338.54;338.41;199441;0
13.02.2026;12:45;338.04;338.04;337.31;337.31;337.67;367300;0
13.02.2026;13:00;337.06;337.31;335.83;336.32;336.57;669029;0
13.02.2026;13:15;336.32;336.57;335.83;335.83;336.20;709253;0
13.02.2026;13:30;336.08;337.06;336.08;337.06;336.57;1222970;0
13.02.2026;13:45;336.81;337.06;336.57;337.06;336.81;264212;0
13.02.2026;14:00;336.81;337.06;336.32;336.32;336.69;958772;0
13.02.2026;14:15;336.32;336.81;336.32;336.32;336.57;194870;0
13.02.2026;14:30;336.32;337.06;336.08;337.06;336.57;196854;0
13.02.2026;14:45;337.06;337.31;336.57;336.57;336.94;854508;0
13.02.2026;15:00;336.57;337.06;336.08;336.81;336.57;489711;0
13.02.2026;15:15;337.06;337.55;336.32;337.06;336.94;153635;0
13.02.2026;15:30;337.06;337.06;336.32;336.32;336.69;415168;0
13.02.2026;15:45;336.08;336.08;332.14;332.88;334.11;2921613;0
13.02.2026;16:00;332.39;333.62;329.93;332.88;331.77;3102526;0
13.02.2026;16:15;333.62;334.60;331.16;331.65;332.88;1951626;0
13.02.2026;16:30;331.65;331.65;328.94;329.68;330.29;2261580;0
13.02.2026;16:45;329.68;330.17;328.94;328.94;329.56;665267;0
13.02.2026;17:00;329.68;329.68;327.22;327.71;328.45;2427898;0
13.02.2026;17:15;327.46;328.45;324.02;326.97;326.23;3092657;0
13.02.2026;17:30;326.73;328.20;326.48;327.46;327.34;928513;0
13.02.2026;17:45;327.46;327.46;325.74;325.74;326.60;1801364;0
13.02.2026;18:00;325.99;327.71;325.50;327.71;326.60;1038422;0
14.02.2026;10:00;329.43;331.40;327.71;328.20;329.56;1795410;0
14.02.2026;10:15;327.96;327.96;324.27;325.50;326.11;1491394;0
14.02.2026;10:30;325.50;326.97;325.50;326.48;326.23;393484;0
14.02.2026;10:45;326.48;326.48;324.76;324.76;325.62;1009893;0
14.02.2026;11:00;324.51;324.76;319.59;323.04;322.18;4294796;0
14.02.2026;11:15;322.79;323.53;321.56;322.79;322.54;1208588;0
14.02.2026;11:30;322.79;322.79;321.07;321.81;321.93;1423545;0
14.02.2026;11:45;321.81;322.05;321.07;321.56;321.56;553614;0
14.02.2026;12:00;321.56;321.56;320.08;320.08;320.82;727996;0
14.02.2026;12:15;320.08;321.31;318.61;319.10;319.96;1794427;0
14.02.2026;12:30;319.59;319.84;313.44;316.39;316.64;3060904;0
14.02.2026;12:45;316.15;317.62;313.69;316.39;315.66;3219941;0
14.02.2026;13:00;315.90;316.39;315.16;315.66;315.78;524976;0
14.02.2026;13:15;316.39;317.13;316.15;316.39;316.64;393360;0
14.02.2026;13:30;316.64;317.13;315.90;315.90;316.52;366932;0
14.02.2026;13:45;315.90;315.90;314.43;314.43;315.16;495341;0
14.02.2026;14:00;314.43;314.67;313.20;313.20;313.93;1349464;0
14.02.2026;14:15;312.95;313.69;312.70;313.20;313.20;755600;0
14.02.2026;14:30;312.95;313.44;311.23;311.72;312.33;1562436;0
14.02.2026;14:45;311.23;311.23;308.77;309.75;310.00;1717684;0
14.02.2026;15:00;309.50;310.73;308.77;310.49;309.75;783982;0
14.02.2026;15:15;310.73;311.72;310.49;310.49;311.10;627862;0
14.02.2026;15:30;310.49;311.96;310.24;311.23;311.10;493747;0
14.02.2026;15:45;311.47;311.47;310.24;310.49;310.86;702401;0
14.02.2026;16:00;310.49;310.73;310.24;310.49;310.49;488907;0
14.02.2026;16:15;310.49;310.98;309.75;309.75;310.37;386564;0
14.02.2026;16:30;309.75;310.49;309.50;309.50;310.00;850559;0
14.02.2026;16:45;309.75;309.75;307.29;307.54;308.52;916472;0
14.02.2026;17:00;307.54;316.89;305.08;308.27;310.98;3129187;0
14.02.2026;17:15;308.52;309.01;307.04;308.03;308.03;867886;0
14.02.2026;17:30;308.03;308.52;307.29;307.29;307.91;1263224;0
14.02.2026;17:45;307.29;307.54;306.80;307.54;307.17;583996;0
14.02.2026;18:00;307.54;308.03;306.80;306.80;307.41;441403;0
15.02.2026;10:00;308.03;310.00;307.54;309.26;308.77;972487;0
15.02.2026;10:15;309.50;316.89;309.01;313.44;312.95;2050420;0
15.02.2026;10:30;313.44;313.44;310.98;311.23;312.21;599728;0
15.02.2026;10:45;311.23;311.72;310.24;310.49;310.98;816217;0
15.02.2026;11:00;310.73;312.95;308.52;309.01;310.73;595670;0
15.02.2026;11:15;309.01;310.00;308.03;308.77;309.01;483981;0
15.02.2026;11:30;308.27;309.26;308.03;308.52;308.64;579011;0
15.02.2026;11:45;308.03;309.75;308.03;308.52;308.89;417024;0
15.02.2026;12:00;308.77;310.00;308.27;308.77;309.14;350227;0
15.02.2026;12:15;309.01;309.01;307.29;307.29;308.15;497476;0
15.02.2026;12:30;307.54;308.77;306.80;308.27;307.78;354013;0
15.02.2026;12:45;308.52;309.50;307.78;307.78;308.64;1162578;0
15.02.2026;13:00;308.27;308.77;307.78;308.77;308.27;278089;0
15.02.2026;13:15;308.27;308.27;307.54;307.78;307.91;380782;0
15.02.2026;13:30;307.78;307.78;306.55;307.04;307.17;1447226;0
15.02.2026;13:45;307.04;307.54;306.55;307.04;307.04;825353;0
15.02.2026;14:00;306.80;307.29;306.31;306.80;306.80;265373;0
15.02.2026;14:15;306.55;307.29;306.06;307.04;306.68;412277;0
15.02.2026;14:30;307.04;307.54;306.55;306.80;307.04;279838;0
15.02.2026;14:45;306.80;307.54;306.80;307.04;307.17;68000;0
15.02.2026;15:00;307.04;307.04;306.06;306.55;306.55;623483;0
15.02.2026;15:15;306.55;307.29;306.06;307.29;306.68;311423;0
15.02.2026;15:30;307.04;308.27;307.04;308.27;307.66;594427;0
15.02.2026;15:45;307.78;307.78;306.80;307.04;307.29;234717;0
15.02.2026;16:00;307.29;308.52;307.29;307.78;307.91;191431;0
15.02.2026;16:15;307.78;310.98;307.78;310.24;309.38;1935870;0
15.02.2026;16:30;310.24;310.24;308.77;309.75;309.50;660157;0
15.02.2026;16:45;309.50;309.50;309.01;309.26;309.26;44338;0
15.02.2026;17:00;309.01;309.50;308.52;308.52;309.01;288972;0
15.02.2026;17:15;308.52;309.01;308.52;309.01;308.77;87833;0
15.02.2026;17:30;309.01;310.49;308.77;310.49;309.63;373222;0
15.02.2026;17:45;310.24;311.23;309.50;310.24;310.37;872503;0
15.02.2026;18:00;310.00;310.49;309.50;310.49;310.00;566705;0
18.02.2026;10:00;311.72;319.10;311.72;316.15;315.41;4340899;0
18.02.2026;10:15;316.39;317.62;314.92;315.66;316.27;1335173;0
18.02.2026;10:30;315.41;315.90;314.43;315.90;315.16;1042500;0
18.02.2026;10:45;315.41;316.39;315.41;315.90;315.90;258075;0
18.02.2026;11:00;315.66;315.66;314.18;314.67;314.92;1320208;0
18.02.2026;11:15;314.43;314.92;313.69;314.43;314.30;959622;0
18.02.2026;11:30;314.18;314.43;313.44;313.44;313.93;393682;0
18.02.2026;11:45;313.69;313.93;313.20;313.93;313.56;276161;0
18.02.2026;12:00;314.18;314.18;313.20;313.20;313.69;141286;0
18.02.2026;12:15;313.44;313.44;311.23;311.23;312.33;1004383;0
18.02.2026;12:30;311.47;311.96;310.00;311.72;310.98;1100576;0
18.02.2026;12:45;311.72;311.96;311.47;311.47;311.72;516010;0
18.02.2026;13:00;311.96;312.21;311.47;311.47;311.84;293361;0
18.02.2026;13:15;311.47;311.72;310.49;310.98;311.10;448152;0
18.02.2026;13:30;310.98;311.23;310.00;310.73;310.61;709051;0
18.02.2026;13:45;310.98;310.98;310.24;310.49;310.61;98514;0
18.02.2026;14:00;310.49;310.98;309.50;310.00;310.24;1049372;0
18.02.2026;14:15;310.49;310.98;309.75;310.49;310.37;1036191;0
18.02.2026;14:30;310.73;310.73;309.75;310.00;310.24;726528;0
18.02.2026;14:45;310.00;310.24;309.26;309.50;309.75;556009;0
18.02.2026;15:00;309.26;314.43;308.77;309.50;311.60;1612827;0
18.02.2026;15:15;309.50;310.24;309.26;310.00;309.75;663177;0
18.02.2026;15:30;310.00;310.73;309.50;309.75;310.12;487956;0
18.02.2026;15:45;309.75;310.00;309.26;309.50;309.63;550435;0
18.02.2026;16:00;309.50;309.75;308.52;309.26;309.14;1547229;0
18.02.2026;16:15;309.01;314.43;309.01;309.75;311.72;696427;0
18.02.2026;16:30;309.75;310.00;309.26;310.00;309.63;266751;0
18.02.2026;16:45;310.00;310.98;309.75;310.24;310.37;546343;0
18.02.2026;17:00;310.24;310.73;310.00;310.49;310.37;184800;0
18.02.2026;17:15;310.24;310.73;310.00;310.00;310.37;758438;0
18.02.2026;17:30;310.00;310.00;309.26;309.50;309.63;540199;0
18.02.2026;17:45;309.75;310.00;308.77;309.26;309.38;850542;0
18.02.2026;18:00;309.26;310.00;309.01;310.00;309.50;482029;0
19.02.2026;10:00;310.00;310.24;306.80;308.03;308.52;1032821;0
19.02.2026;10:15;308.03;309.50;308.03;309.50;308.77;603634;0
19.02.2026;10:30;309.50;309.75;308.52;309.01;309.14;289051;0
19.02.2026;10:45;309.01;309.01;308.52;308.52;308.77;212437;0
19.02.2026;11:00;309.01;309.01;307.54;307.54;308.27;445223;0
19.02.2026;11:15;307.78;308.27;306.55;306.80;307.41;751631;0
19.02.2026;11:30;306.55;307.54;306.55;307.04;307.04;635473;0
19.02.2026;11:45;307.29;307.29;307.04;307.04;307.17;289282;0
19.02.2026;12:00;307.04;307.54;306.80;307.54;307.17;465949;0
19.02.2026;12:15;307.78;308.27;307.04;307.78;307.66;799983;0
19.02.2026;12:30;307.54;308.03;307.29;307.29;307.66;192224;0
19.02.2026;12:45;307.04;307.29;305.32;305.57;306.31;617938;0
19.02.2026;13:00;305.57;306.06;305.57;306.06;305.81;226786;0
19.02.2026;13:15;306.06;306.06;305.08;306.06;305.57;690667;0
19.02.2026;13:30;306.31;307.04;306.31;306.55;306.68;611138;0
19.02.2026;13:45;306.55;307.54;306.55;306.55;307.04;645620;0
19.02.2026;14:00;306.80;307.04;306.55;307.04;306.80;570946;0
19.02.2026;14:15;306.80;307.04;306.55;306.55;306.80;395794;0
19.02.2026;14:30;306.55;306.80;306.55;306.55;306.68;416603;0
19.02.2026;14:45;306.55;306.55;305.57;306.31;306.06;690764;0
19.02.2026;15:00;306.06;306.06;305.57;306.06;305.81;569570;0
19.02.2026;15:15;306.06;306.31;305.32;305.32;305.81;760774;0
19.02.2026;15:30;305.57;305.81;305.32;305.57;305.57;780402;0
19.02.2026;15:45;305.57;305.81;305.32;305.57;305.57;155560;0
19.02.2026;16:00;305.57;306.80;304.83;305.81;305.81;961326;0
19.02.2026;16:15;305.81;305.81;305.08;305.57;305.45;492848;0
19.02.2026;16:30;305.57;305.81;305.08;305.57;305.45;614097;0
19.02.2026;16:45;305.81;306.06;305.08;305.08;305.57;248368;0
19.02.2026;17:00;305.08;305.57;305.08;305.32;305.32;162858;0
19.02.2026;17:15;305.57;306.31;305.57;305.81;305.94;176497;0
19.02.2026;17:30;305.81;306.31;305.81;306.31;306.06;438690;0
19.02.2026;17:45;306.31;307.29;305.81;306.06;306.55;1074329;0
19.02.2026;18:00;306.55;306.55;305.08;305.08;305.81;522113;0
20.02.2026;10:00;305.57;307.54;305.57;307.29;306.55;568544;0
20.02.2026;10:15;307.04;307.04;303.60;305.57;305.32;1544885;0
20.02.2026;10:30;305.08;305.08;302.62;303.11;303.85;971008;0
20.02.2026;10:45;303.11;304.09;303.11;303.35;303.60;1148929;0
20.02.2026;11:00;303.35;303.35;301.14;301.88;302.25;1068743;0
20.02.2026;11:15;302.62;302.62;301.14;301.39;301.88;506955;0
20.02.2026;11:30;301.39;302.12;301.14;302.12;301.63;353441;0
20.02.2026;11:45;302.12;302.37;301.63;302.12;302.00;330405;0
20.02.2026;12:00;302.37;302.37;302.37;302.37;302.37;145943;0
20.02.2026;12:15;302.37;302.62;301.63;302.37;302.12;320546;0
20.02.2026;12:30;302.37;302.37;301.14;301.39;301.75;786679;0
20.02.2026;12:45;301.63;301.63;301.14;301.39;301.39;355180;0
20.02.2026;13:00;301.63;302.62;301.14;301.39;301.88;960699;0
20.02.2026;13:15;301.39;301.63;300.65;301.63;301.14;388379;0
20.02.2026;13:30;301.63;301.88;301.14;301.39;301.51;132120;0
20.02.2026;13:45;301.39;301.39;300.65;300.89;301.02;190626;0
20.02.2026;14:00;300.89;300.89;300.16;300.65;300.52;212169;0
20.02.2026;14:15;300.65;301.63;300.65;301.39;301.14;131555;0
20.02.2026;14:30;301.39;301.39;300.89;300.89;301.14;67051;0
20.02.2026;14:45;300.89;301.39;300.65;300.65;301.02;538568;0
20.02.2026;15:00;300.89;300.89;299.91;299.91;300.40;1232328;0
20.02.2026;15:15;299.91;300.65;299.91;300.16;300.28;255221;0
20.02.2026;15:30;299.91;300.16;299.42;299.91;299.79;209244;0
20.02.2026;15:45;299.91;300.16;299.42;300.16;299.79;570809;0
20.02.2026;16:00;300.16;301.14;300.16;301.14;300.65;443247;0
20.02.2026;16:15;300.89;302.37;300.89;301.14;301.63;254546;0
20.02.2026;16:30;301.14;301.39;300.89;300.89;301.14;116625;0
20.02.2026;16:45;301.39;301.39;301.14;301.14;301.26;105945;0
20.02.2026;17:00;301.14;301.63;300.65;301.39;301.14;46836;0
20.02.2026;17:15;301.14;301.88;300.89;301.39;301.39;80890;0
20.02.2026;17:30;301.88;302.62;301.63;302.62;302.12;237277;0
20.02.2026;17:45;302.62;302.62;300.89;302.12;301.75;764436;0
20.02.2026;18:00;301.88;302.12;300.65;300.65;301.39;288012;0
21.02.2026;10:00;300.65;303.60;300.16;300.89;301.88;628475;0
21.02.2026;10:15;300.16;301.63;299.91;300.16;300.77;781373;0
21.02.2026;10:30;300.40;300.89;299.42;300.65;300.16;798281;0
21.02.2026;10:45;300.40;306.06;300.16;305.32;303.11;2159458;0
21.02.2026;11:00;304.83;304.83;302.37;302.37;303.60;1478653;0
21.02.2026;11:15;302.37;302.62;301.39;301.63;302.00;348002;0
21.02.2026;11:30;301.63;302.37;301.63;301.88;302.00;81572;0
21.02.2026;11:45;301.63;302.86;301.63;301.88;302.25;228863;0
21.02.2026;12:00;301.88;302.86;300.89;300.89;301.88;383451;0
21.02.2026;12:15;301.14;301.14;300.89;301.14;301.02;187503;0
21.02.2026;12:30;301.14;301.88;301.14;301.14;301.51;341371;0
21.02.2026;12:45;301.14;301.88;301.14;301.88;301.51;306882;0
21.02.2026;13:00;301.63;301.63;301.39;301.63;301.51;44716;0
21.02.2026;13:15;301.63;302.12;301.14;302.12;301.63;348810;0
21.02.2026;13:30;302.37;302.37;300.65;300.65;301.51;269662;0
21.02.2026;13:45;300.40;301.14;300.40;301.14;300.77;329452;0
21.02.2026;14:00;300.89;303.85;300.89;303.60;302.37;1331590;0
21.02.2026;14:15;303.60;303.85;302.37;303.11;303.11;305529;0
21.02.2026;14:30;303.60;303.60;302.12;302.12;302.86;182158;0
21.02.2026;14:45;302.62;302.86;301.88;302.37;302.37;149210;0
21.02.2026;15:00;302.37;303.35;302.37;303.11;302.86;536415;0
21.02.2026;15:15;302.62;302.86;301.88;301.88;302.37;314934;0
21.02.2026;15:30;301.88;302.12;301.63;302.12;301.88;253091;0
21.02.2026;15:45;302.37;302.37;301.14;301.63;301.75;190816;0
21.02.2026;16:00;301.39;301.88;301.14;301.88;301.51;489023;0
21.02.2026;16:15;301.39;301.88;301.39;301.88;301.63;87957;0
21.02.2026;16:30;301.63;302.37;301.63;302.12;302.00;151960;0
21.02.2026;16:45;302.12;302.12;301.63;301.63;301.88;121503;0
21.02.2026;17:00;301.63;302.12;301.63;301.63;301.88;273811;0
21.02.2026;17:15;302.12;302.37;301.88;301.88;302.12;73665;0
21.02.2026;17:30;301.63;302.86;301.39;302.86;302.12;375779;0
21.02.2026;17:45;302.62;303.35;302.12;302.62;302.74;776948;0
21.02.2026;18:00;302.86;303.11;302.37;303.11;302.74;419277;0
22.02.2026;10:00;303.35;306.31;303.35;303.60;304.83;1252358;0
22.02.2026;10:15;303.60;305.08;303.60;304.34;304.34;352283;0
22.02.2026;10:30;304.58;304.83;302.37;303.11;303.60;485199;0
22.02.2026;10:45;302.86;303.35;302.62;303.11;302.98;271541;0
22.02.2026;11:00;303.11;303.35;302.37;303.11;302.86;314083;0
22.02.2026;11:15;303.35;303.35;303.35;303.35;303.35;87234;0
22.02.2026;11:30;304.09;305.57;304.09;304.83;304.83;452594;0
22.02.2026;11:45;304.83;305.08;304.09;304.09;304.58;177014;0
22.02.2026;12:00;304.09;304.58;303.85;304.34;304.21;172138;0
22.02.2026;12:15;304.58;304.83;304.34;304.83;304.58;320517;0
22.02.2026;12:30;304.34;304.34;303.35;303.35;303.85;261842;0
22.02.2026;12:45;303.35;303.35;302.86;303.35;303.11;564885;0
22.02.2026;13:00;303.35;303.35;302.86;302.86;303.11;202882;0
22.02.2026;13:15;302.86;302.86;302.37;302.37;302.62;293003;0
22.02.2026;13:30;302.37;302.62;301.88;301.88;302.25;363720;0
22.02.2026;13:45;301.63;301.63;301.39;301.39;301.51;149180;0
22.02.2026;14:00;301.14;301.63;301.14;301.39;301.39;447746;0
22.02.2026;14:15;301.14;301.63;300.89;300.89;301.26;381091;0
22.02.2026;14:30;300.89;301.14;300.65;300.65;300.89;230997;0
22.02.2026;14:45;300.16;300.89;299.17;299.42;300.03;408361;0
22.02.2026;15:00;299.42;299.66;298.68;299.17;299.17;434679;0
22.02.2026;15:15;298.93;298.93;295.23;297.20;297.08;1257655;0
22.02.2026;15:30;296.71;296.71;294.74;296.47;295.73;3281993;0
22.02.2026;15:45;295.97;296.22;294.99;295.73;295.60;713543;0
22.02.2026;16:00;295.23;296.47;294.99;295.48;295.73;640423;0
22.02.2026;16:15;295.48;295.97;294.25;294.25;295.11;2352990;0
22.02.2026;16:30;294.50;294.50;293.02;293.27;293.76;441106;0
22.02.2026;16:45;293.51;294.00;293.51;293.76;293.76;704351;0
22.02.2026;17:00;294.00;294.00;292.04;292.04;293.02;2210526;0
22.02.2026;17:15;292.53;294.00;292.04;294.00;293.02;1018093;0
22.02.2026;17:30;294.00;294.99;293.51;293.76;294.25;3634736;0
22.02.2026;17:45;293.76;294.74;293.51;294.74;294.13;557863;0
22.02.2026;18:00;294.25;295.23;294.25;295.23;294.74;618901;0
01.03.2026;10:00;280.47;283.92;266.70;280.97;275.31;3087948;0
01.03.2026;10:15;280.72;282.20;277.52;279.98;279.86;3840879;0
01.03.2026;10:30;279.98;280.72;276.29;277.77;278.50;1645245;0
01.03.2026;10:45;277.77;278.75;276.29;277.52;277.52;2610723;0
01.03.2026;11:00;277.52;277.52;275.06;276.29;276.29;1587771;0
01.03.2026;11:15;276.78;277.03;273.58;274.08;275.31;1671577;0
01.03.2026;11:30;273.83;275.31;273.58;274.32;274.45;1041853;0
01.03.2026;11:45;274.32;274.81;273.58;274.81;274.20;297162;0
01.03.2026;12:00;274.57;275.06;273.83;274.32;274.45;589246;0
01.03.2026;12:15;274.32;276.04;274.32;274.81;275.18;826168;0
01.03.2026;12:30;274.81;275.80;274.57;275.80;275.18;198951;0
01.03.2026;12:45;276.04;276.78;275.06;276.78;275.92;938759;0
01.03.2026;13:00;276.78;277.27;276.04;277.27;276.66;691321;0
01.03.2026;13:15;277.03;278.26;276.78;277.77;277.52;469962;0
01.03.2026;13:30;278.01;278.50;277.27;278.50;277.89;558139;0
01.03.2026;13:45;278.50;278.50;277.52;278.26;278.01;679846;0
01.03.2026;14:00;278.75;279.98;278.75;279.24;279.37;486871;0
01.03.2026;14:15;279.24;279.49;278.50;278.50;279.00;516561;0
01.03.2026;14:30;278.75;279.49;278.26;279.49;278.87;1089331;0
01.03.2026;14:45;279.49;280.47;279.24;279.24;279.86;345142;0
01.03.2026;15:00;279.00;279.24;278.50;278.75;278.87;210673;0
01.03.2026;15:15;278.50;279.00;277.27;278.75;278.14;790003;0
01.03.2026;15:30;278.75;279.98;278.50;279.98;279.24;178902;0
01.03.2026;15:45;280.23;280.72;279.49;280.72;280.10;129584;0
01.03.2026;16:00;280.72;282.69;280.72;282.69;281.70;236241;0
01.03.2026;16:15;282.69;283.67;282.20;283.67;282.93;538160;0
01.03.2026;16:30;283.67;283.92;281.95;283.18;282.93;1086616;0
01.03.2026;16:45;282.93;283.18;281.95;282.69;282.56;1278457;0
01.03.2026;17:00;282.20;282.20;281.21;281.21;281.70;475218;0
01.03.2026;17:15;280.97;280.97;279.49;280.47;280.23;485599;0
01.03.2026;17:30;280.47;280.72;279.74;280.47;280.23;139314;0
01.03.2026;17:45;280.72;282.20;280.23;282.20;281.21;669156;0
01.03.2026;18:00;282.20;282.20;280.72;280.72;281.46;385987;0
02.03.2026;10:00;277.52;285.15;277.52;281.21;281.33;1724967;0
02.03.2026;10:15;281.46;283.67;280.97;282.44;282.32;864296;0
02.03.2026;10:30;282.20;282.44;281.46;281.95;281.95;545955;0
02.03.2026;10:45;281.95;281.95;279.00;281.46;280.47;908696;0
02.03.2026;11:00;281.95;283.18;281.46;283.18;282.32;772294;0
02.03.2026;11:15;283.18;283.92;282.93;283.43;283.43;660341;0
02.03.2026;11:30;283.92;284.41;282.93;283.18;283.67;1058895;0
02.03.2026;11:45;283.18;283.92;281.95;282.69;282.93;732938;0
02.03.2026;12:00;282.44;282.44;281.21;281.46;281.83;724124;0
02.03.2026;12:15;281.46;282.44;280.72;281.70;281.58;604237;0
02.03.2026;12:30;282.20;282.20;280.47;281.21;281.33;305310;0
02.03.2026;12:45;280.72;281.21;280.23;280.47;280.72;663390;0
02.03.2026;13:00;280.97;280.97;279.74;280.97;280.35;473628;0
02.03.2026;13:15;280.47;280.72;279.49;279.98;280.10;515928;0
02.03.2026;13:30;279.98;280.23;279.74;279.98;279.98;70531;0
02.03.2026;13:45;279.98;280.23;279.49;279.49;279.86;246642;0
02.03.2026;14:00;279.24;279.49;278.01;278.75;278.75;339059;0
02.03.2026;14:15;278.26;278.75;277.52;278.26;278.14;347425;0
02.03.2026;14:30;278.26;278.26;277.52;277.52;277.89;137771;0
02.03.2026;14:45;278.01;279.00;278.01;278.26;278.50;372990;0
02.03.2026;15:00;278.50;279.24;278.50;279.24;278.87;92969;0
02.03.2026;15:15;279.24;280.72;279.24;280.72;279.98;386240;0
02.03.2026;15:30;280.23;280.72;279.98;280.47;280.35;152004;0
02.03.2026;15:45;279.98;281.21;279.98;279.98;280.60;218118;0
02.03.2026;16:00;280.47;280.97;280.23;280.47;280.60;66735;0
02.03.2026;16:15;280.47;281.70;280.47;281.21;281.09;269162;0
02.03.2026;16:30;281.21;281.21;279.74;281.21;280.47;585395;0
02.03.2026;16:45;280.72;281.70;280.47;280.47;281.09;228242;0
02.03.2026;17:00;280.47;281.21;279.98;280.72;280.60;79221;0
02.03.2026;17:15;280.72;280.72;278.50;278.75;279.61;507328;0
02.03.2026;17:30;279.00;279.24;277.77;278.75;278.50;452838;0
02.03.2026;17:45;278.26;278.75;277.52;278.01;278.14;799996;0
02.03.2026;18:00;278.50;278.75;277.77;277.77;278.26;357045;0
03.03.2026;10:00;285.15;285.15;277.52;277.77;281.33;1187448;0
03.03.2026;10:15;278.75;278.75;276.29;277.03;277.52;1256685;0
03.03.2026;10:30;277.52;278.50;276.78;278.50;277.64;682611;0
03.03.2026;10:45;278.75;279.74;278.50;279.24;279.12;512235;0
03.03.2026;11:00;279.49;280.47;278.75;280.23;279.61;1419350;0
03.03.2026;11:15;280.47;280.47;279.00;279.00;279.74;858619;0
03.03.2026;11:30;279.00;279.00;278.01;278.01;278.50;483647;0
03.03.2026;11:45;278.01;278.50;277.77;278.26;278.14;992327;0
03.03.2026;12:00;278.26;278.50;277.77;278.01;278.14;246377;0
03.03.2026;12:15;278.01;278.50;277.52;278.50;278.01;384960;0
03.03.2026;12:30;278.50;279.49;278.26;279.49;278.87;231440;0
03.03.2026;12:45;279.49;280.23;279.00;280.23;279.61;124660;0
03.03.2026;13:00;279.74;280.97;279.24;280.72;280.10;135238;0
03.03.2026;13:15;281.21;282.44;280.97;282.44;281.70;490701;0
03.03.2026;13:30;282.20;282.44;281.95;281.95;282.20;201324;0
03.03.2026;13:45;281.95;281.95;281.70;281.70;281.83;243054;0
03.03.2026;14:00;281.46;282.44;281.46;282.20;281.95;534329;0
03.03.2026;14:15;282.44;283.43;281.95;282.44;282.69;272953;0
03.03.2026;14:30;282.44;282.44;279.98;280.97;281.21;1638335;0
03.03.2026;14:45;280.47;280.47;279.24;279.24;279.86;390342;0
03.03.2026;15:00;279.24;279.24;279.00;279.24;279.12;49372;0
03.03.2026;15:15;279.49;279.98;279.24;279.49;279.61;353299;0
03.03.2026;15:30;279.49;280.23;279.49;280.23;279.86;84381;0
03.03.2026;15:45;279.98;281.46;279.74;281.21;280.60;667995;0
03.03.2026;16:00;281.21;282.44;280.97;281.95;281.70;772471;0
03.03.2026;16:15;281.95;284.41;281.21;283.18;282.81;1645099;0
03.03.2026;16:30;282.44;286.13;282.44;283.43;284.29;3457298;0
03.03.2026;16:45;283.67;283.92;282.44;282.69;283.18;2046629;0
03.03.2026;17:00;282.69;283.43;281.46;281.95;282.44;1017700;0
03.03.2026;17:15;281.46;282.20;280.47;281.95;281.33;545328;0
03.03.2026;17:30;281.95;283.18;281.46;282.20;282.32;586381;0
03.03.2026;17:45;282.20;282.69;281.46;282.69;282.07;537350;0
03.03.2026;18:00;282.20;282.44;281.70;282.44;282.07;451740;0
04.03.2026;10:00;285.39;289.58;285.39;288.59;287.48;1067203;0
04.03.2026;10:15;288.84;292.28;288.35;291.54;290.31;3251154;0
04.03.2026;10:30;291.30;291.54;290.07;290.56;290.81;837685;0
04.03.2026;10:45;290.31;292.04;290.07;290.31;291.05;828106;0
04.03.2026;11:00;290.31;290.31;289.82;289.82;290.07;778697;0
04.03.2026;11:15;289.82;289.82;288.35;288.35;289.08;680497;0
04.03.2026;11:30;288.35;288.84;288.35;288.84;288.59;353132;0
04.03.2026;11:45;288.84;289.58;288.59;289.33;289.08;246323;0
04.03.2026;12:00;289.08;289.33;288.59;288.59;288.96;147928;0
04.03.2026;12:15;289.33;290.81;288.59;288.84;289.70;577877;0
04.03.2026;12:30;288.59;289.33;288.59;289.33;288.96;88410;0
04.03.2026;12:45;289.33;289.33;288.84;289.08;289.08;98987;0
04.03.2026;13:00;289.08;289.08;288.35;288.84;288.72;138494;0
04.03.2026;13:15;288.84;290.56;288.59;290.56;289.58;1093459;0
04.03.2026;13:30;290.56;290.56;289.58;289.82;290.07;223149;0
04.03.2026;13:45;289.82;289.82;289.08;289.08;289.45;243431;0
04.03.2026;14:00;289.08;290.56;289.08;289.33;289.82;316259;0
04.03.2026;14:15;289.33;291.79;289.08;290.81;290.44;1079305;0
04.03.2026;14:30;290.56;304.83;289.82;297.94;297.33;6895175;0
04.03.2026;14:45;298.19;299.66;292.53;293.27;296.10;2520075;0
04.03.2026;15:00;293.02;293.76;292.04;293.27;292.90;927512;0
04.03.2026;15:15;293.27;293.27;292.77;293.27;293.02;112911;0
04.03.2026;15:30;293.27;293.76;292.77;293.51;293.27;229874;0
04.03.2026;15:45;293.51;294.99;293.51;294.99;294.25;657906;0
04.03.2026;16:00;294.99;295.23;293.51;293.51;294.37;896545;0
04.03.2026;16:15;293.27;293.76;293.02;293.51;293.39;396663;0
04.03.2026;16:30;293.27;294.50;293.02;294.25;293.76;494509;0
04.03.2026;16:45;294.25;294.50;293.51;294.25;294.00;261167;0
04.03.2026;17:00;293.76;293.76;293.27;293.76;293.51;298900;0
04.03.2026;17:15;293.27;293.51;292.53;292.77;293.02;373832;0
04.03.2026;17:30;292.77;292.77;292.28;292.53;292.53;130464;0
04.03.2026;17:45;292.28;292.77;292.04;292.53;292.41;654112;0
04.03.2026;18:00;292.53;293.27;292.28;293.27;292.77;340158;0
05.03.2026;10:00;293.27;293.27;291.79;292.53;292.53;822999;0
05.03.2026;10:15;293.02;293.27;291.05;291.54;292.16;1073968;0
05.03.2026;10:30;291.79;292.28;290.56;292.28;291.42;1763994;0
05.03.2026;10:45;291.54;292.04;291.30;291.30;291.67;699371;0
05.03.2026;11:00;291.05;291.30;288.35;289.58;289.82;1202810;0
05.03.2026;11:15;289.58;289.58;288.35;289.08;288.96;431433;0
05.03.2026;11:30;289.08;289.08;287.36;287.36;288.22;419444;0
05.03.2026;11:45;287.85;288.59;287.36;288.35;287.98;702990;0
05.03.2026;12:00;288.59;288.59;287.85;287.85;288.22;58887;0
05.03.2026;12:15;287.85;288.10;287.12;287.12;287.61;501567;0
05.03.2026;12:30;287.12;287.61;287.12;287.36;287.36;98387;0
05.03.2026;12:45;287.36;287.36;286.38;287.36;286.87;432335;0
05.03.2026;13:00;287.36;287.36;286.38;286.38;286.87;376682;0
05.03.2026;13:15;286.38;286.38;285.15;285.64;285.76;988866;0
05.03.2026;13:30;285.39;285.64;284.41;285.15;285.02;426223;0
05.03.2026;13:45;284.90;285.89;284.66;285.64;285.27;586151;0
05.03.2026;14:00;285.64;285.89;284.90;285.89;285.39;919422;0
05.03.2026;14:15;285.89;286.38;285.89;285.89;286.13;215402;0
05.03.2026;14:30;285.89;286.13;285.39;285.89;285.76;64431;0
05.03.2026;14:45;285.64;285.89;285.15;285.39;285.52;97235;0
05.03.2026;15:00;285.15;285.89;284.90;285.39;285.39;387758;0
05.03.2026;15:15;285.39;285.64;285.15;285.64;285.39;65544;0
05.03.2026;15:30;285.39;285.89;285.15;285.89;285.52;76867;0
05.03.2026;15:45;285.89;285.89;285.15;285.64;285.52;249617;0
05.03.2026;16:00;285.64;285.89;285.15;285.64;285.52;331207;0
05.03.2026;16:15;285.64;285.89;285.64;285.64;285.76;35993;0
05.03.2026;16:30;285.64;286.13;285.39;285.64;285.76;527977;0
05.03.2026;16:45;285.64;285.64;284.90;285.15;285.27;281419;0
05.03.2026;17:00;285.15;285.89;285.15;285.89;285.52;116270;0
05.03.2026;17:15;285.39;285.64;285.15;285.64;285.39;84439;0
05.03.2026;17:30;285.15;285.89;285.15;285.89;285.52;275899;0
05.03.2026;17:45;285.89;287.12;285.64;286.87;286.38;443125;0
05.03.2026;18:00;287.12;287.36;286.38;286.38;286.87;459712;0
08.03.2026;10:00;284.41;284.41;279.98;280.72;282.20;1620024;0
08.03.2026;10:15;280.23;281.70;279.49;280.23;280.60;1292172;0
08.03.2026;10:30;280.23;280.23;277.52;278.75;278.87;2814488;0
08.03.2026;10:45;278.75;280.72;278.50;280.72;279.61;783449;0
08.03.2026;11:00;280.47;281.46;279.49;280.47;280.47;614459;0
08.03.2026;11:15;280.47;280.72;279.49;279.49;280.10;162006;0
08.03.2026;11:30;279.49;279.74;278.50;279.74;279.12;309103;0
08.03.2026;11:45;279.74;279.74;279.24;279.49;279.49;116675;0
08.03.2026;12:00;279.74;279.98;279.24;279.49;279.61;259918;0
08.03.2026;12:15;279.24;280.72;279.24;280.72;279.98;520159;0
08.03.2026;12:30;280.72;282.93;280.72;282.93;281.83;339219;0
08.03.2026;12:45;282.20;282.93;281.95;282.69;282.44;72028;0
08.03.2026;13:00;282.69;283.18;281.95;282.44;282.56;229387;0
08.03.2026;13:15;282.20;282.20;281.21;281.46;281.70;35484;0
08.03.2026;13:30;281.21;281.70;281.21;281.46;281.46;232711;0
08.03.2026;13:45;281.70;282.20;281.46;282.20;281.83;48066;0
08.03.2026;14:00;282.20;282.93;282.20;282.44;282.56;94091;0
08.03.2026;14:15;282.69;283.43;282.44;283.43;282.93;72532;0
08.03.2026;14:30;283.92;283.92;283.18;283.18;283.55;127086;0
08.03.2026;14:45;282.69;283.67;280.72;282.44;282.20;217829;0
08.03.2026;15:00;282.44;283.18;281.21;281.21;282.20;33275;0
08.03.2026;15:15;282.44;283.18;282.44;282.44;282.81;17236;0
08.03.2026;15:30;282.44;284.90;282.44;284.16;283.67;663807;0
08.03.2026;15:45;284.16;284.41;283.92;283.92;284.16;57738;0
08.03.2026;16:00;284.16;284.41;281.46;281.95;282.93;235916;0
08.03.2026;16:15;281.95;281.95;280.97;281.46;281.46;83539;0
08.03.2026;16:30;281.21;281.95;281.21;281.95;281.58;68105;0
08.03.2026;16:45;281.21;281.21;280.47;280.47;280.84;117518;0
08.03.2026;17:00;280.47;280.72;279.24;279.74;279.98;1356551;0
08.03.2026;17:15;279.74;279.98;278.75;279.98;279.37;333442;0
08.03.2026;17:30;279.98;282.20;279.24;281.46;280.72;695027;0
08.03.2026;17:45;281.95;281.95;280.72;281.70;281.33;199954;0
08.03.2026;18:00;281.95;282.20;279.98;279.98;281.09;796165;0
09.03.2026;10:00;289.33;289.33;287.36;288.59;288.35;1106543;0
09.03.2026;10:15;288.59;295.73;288.59;288.59;292.16;1456543;0
09.03.2026;10:30;290.07;291.05;287.85;288.84;289.45;1273473;0
09.03.2026;10:45;289.08;289.33;288.35;289.08;288.84;544782;0
09.03.2026;11:00;288.84;289.08;287.85;288.35;288.47;267758;0
09.03.2026;11:15;288.10;289.33;288.10;289.08;288.72;375447;0
09.03.2026;11:30;289.08;289.33;288.35;288.84;288.84;822550;0
09.03.2026;11:45;288.84;290.81;287.85;288.84;289.33;885455;0
09.03.2026;12:00;288.84;289.33;288.10;288.59;288.72;242598;0
09.03.2026;12:15;288.84;288.84;288.35;288.35;288.59;68906;0
09.03.2026;12:30;288.35;289.58;288.35;289.33;288.96;454038;0
09.03.2026;12:45;289.33;289.82;289.33;289.33;289.58;38517;0
09.03.2026;13:00;289.33;291.30;289.33;290.07;290.31;160091;0
09.03.2026;13:15;290.31;290.31;290.07;290.07;290.19;104061;0
09.03.2026;13:30;290.31;290.31;289.33;289.33;289.82;473182;0
09.03.2026;13:45;289.82;289.82;289.33;289.82;289.58;222794;0
09.03.2026;14:00;290.31;290.81;290.07;290.81;290.44;253749;0
09.03.2026;14:15;291.05;291.30;290.56;291.30;290.93;94589;0
09.03.2026;14:30;291.30;291.54;291.05;291.54;291.30;60978;0
09.03.2026;14:45;291.54;291.54;290.81;291.05;291.18;472034;0
09.03.2026;15:00;291.30;291.54;290.31;290.31;290.93;303789;0
09.03.2026;15:15;290.56;290.56;289.33;289.58;289.95;408284;0
09.03.2026;15:30;289.58;289.82;289.33;289.58;289.58;125593;0
09.03.2026;15:45;289.33;290.31;289.33;289.82;289.82;178061;0
09.03.2026;16:00;290.31;290.31;289.58;289.82;289.95;98761;0
09.03.2026;16:15;290.07;291.30;290.07;291.30;290.68;162395;0
09.03.2026;16:30;290.81;291.54;290.81;291.54;291.18;204281;0
09.03.2026;16:45;291.54;292.04;291.05;291.79;291.54;397390;0
09.03.2026;17:00;291.79;291.79;291.30;291.79;291.54;313098;0
09.03.2026;17:15;291.54;293.27;291.30;293.02;292.28;1055667;0
09.03.2026;17:30;292.53;293.27;292.28;293.27;292.77;119540;0
09.03.2026;17:45;292.53;293.27;292.28;292.77;292.77;451828;0
09.03.2026;18:00;292.53;292.77;292.28;292.53;292.53;328126;0
10.03.2026;10:00;291.05;294.00;288.84;293.02;291.42;1398606;0
10.03.2026;10:15;292.77;292.77;291.05;291.54;291.91;1509526;0
10.03.2026;10:30;291.54;291.54;290.07;290.31;290.81;311168;0
10.03.2026;10:45;290.07;290.07;288.84;288.84;289.45;217601;0
10.03.2026;11:00;288.84;292.28;288.35;292.28;290.31;1157849;0
10.03.2026;11:15;292.28;292.28;290.56;291.30;291.42;422512;0
10.03.2026;11:30;292.04;292.28;291.05;291.30;291.67;1233885;0
10.03.2026;11:45;291.30;292.77;290.56;291.54;291.67;760239;0
10.03.2026;12:00;290.56;291.54;290.56;291.54;291.05;43200;0
10.03.2026;12:15;291.54;291.79;290.81;291.79;291.30;301487;0
10.03.2026;12:30;291.79;292.04;291.30;291.30;291.67;119975;0
10.03.2026;12:45;291.30;291.30;290.56;290.56;290.93;670501;0
10.03.2026;13:00;290.56;291.54;290.56;291.54;291.05;94423;0
10.03.2026;13:15;291.05;292.04;291.05;292.04;291.54;141671;0
10.03.2026;13:30;291.54;291.79;291.05;291.05;291.42;159274;0
10.03.2026;13:45;291.05;291.30;290.81;291.05;291.05;141029;0
10.03.2026;14:00;291.30;292.04;291.05;291.05;291.54;481466;0
10.03.2026;14:15;291.05;291.54;291.05;291.54;291.30;29299;0
10.03.2026;14:30;291.05;291.30;290.81;291.30;291.05;102899;0
10.03.2026;14:45;291.05;291.30;290.81;290.81;291.05;361737;0
10.03.2026;15:00;290.81;290.81;290.31;290.81;290.56;1196436;0
10.03.2026;15:15;290.56;291.30;290.56;290.81;290.93;599814;0
10.03.2026;15:30;290.81;291.05;290.81;290.81;290.93;55857;0
10.03.2026;15:45;290.31;290.81;290.07;290.07;290.44;79920;0
10.03.2026;16:00;290.31;290.31;289.58;289.58;289.95;143394;0
10.03.2026;16:15;289.58;289.82;289.33;289.82;289.58;56770;0
10.03.2026;16:30;289.82;290.07;289.58;290.07;289.82;67455;0
10.03.2026;16:45;289.82;290.31;289.58;289.58;289.95;123296;0
10.03.2026;17:00;289.33;292.04;289.33;291.54;290.68;609987;0
10.03.2026;17:15;291.54;292.28;291.05;291.05;291.67;868425;0
10.03.2026;17:30;290.81;291.79;289.82;291.05;290.81;308488;0
10.03.2026;17:45;290.07;291.30;290.07;291.05;290.68;247444;0
10.03.2026;18:00;291.79;291.79;290.31;290.31;291.05;258491;0
11.03.2026;10:00;288.84;292.04;288.35;291.30;290.19;606382;0
11.03.2026;10:15;292.04;292.04;290.81;291.79;291.42;410789;0
11.03.2026;10:30;291.79;294.74;291.79;293.51;293.27;983425;0
11.03.2026;10:45;293.51;296.96;292.77;296.96;294.87;2454852;0
11.03.2026;11:00;296.47;296.71;295.48;295.97;296.10;1547735;0
11.03.2026;11:15;296.47;296.71;295.97;296.71;296.34;892204;0
11.03.2026;11:30;296.71;296.71;295.23;295.23;295.97;223277;0
11.03.2026;11:45;295.23;295.73;294.25;294.25;294.99;910366;0
11.03.2026;12:00;294.74;294.74;293.76;293.76;294.25;326639;0
11.03.2026;12:15;293.51;294.74;293.27;293.51;294.00;330596;0
11.03.2026;12:30;293.27;294.00;293.02;293.51;293.51;312038;0
11.03.2026;12:45;293.02;293.51;292.04;292.28;292.77;1201598;0
11.03.2026;13:00;292.28;292.28;291.79;291.79;292.04;337115;0
11.03.2026;13:15;292.28;292.28;291.30;291.30;291.79;486871;0
11.03.2026;13:30;291.30;291.79;291.30;291.79;291.54;536976;0
11.03.2026;13:45;291.54;291.79;291.30;291.30;291.54;121140;0
11.03.2026;14:00;291.30;292.77;291.05;291.30;291.91;957521;0
11.03.2026;14:15;291.30;291.30;290.56;291.05;290.93;464140;0
11.03.2026;14:30;291.05;292.53;291.05;292.53;291.79;355722;0
11.03.2026;14:45;292.77;294.25;292.28;293.51;293.27;306543;0
11.03.2026;15:00;294.00;294.00;293.51;294.00;293.76;402204;0
11.03.2026;15:15;294.25;294.25;293.51;294.00;293.88;101787;0
11.03.2026;15:30;293.76;294.25;293.51;294.25;293.88;63903;0
11.03.2026;15:45;293.76;294.25;293.02;293.02;293.64;612928;0
11.03.2026;16:00;293.51;294.00;293.27;293.27;293.64;59939;0
11.03.2026;16:15;293.27;293.51;291.79;292.04;292.65;321271;0
11.03.2026;16:30;291.79;292.53;291.79;292.53;292.16;156471;0
11.03.2026;16:45;292.53;292.53;291.30;292.04;291.91;666556;0
11.03.2026;17:00;291.30;291.54;291.05;291.54;291.30;43507;0
11.03.2026;17:15;292.04;292.53;290.81;290.81;291.67;274510;0
11.03.2026;17:30;290.81;291.54;290.81;291.54;291.18;134596;0
11.03.2026;17:45;291.54;292.28;291.54;291.79;291.91;311696;0
11.03.2026;18:00;292.04;292.04;290.81;290.81;291.42;829379;0
12.03.2026;10:00;291.30;291.79;287.85;288.10;289.82;1194315;0
12.03.2026;10:15;288.35;289.33;287.61;287.61;288.47;810720;0
12.03.2026;10:30;287.85;288.35;287.36;287.61;287.85;336876;0
12.03.2026;10:45;287.36;288.35;287.36;288.35;287.85;334878;0
12.03.2026;11:00;288.10;292.28;287.61;287.61;289.95;1236285;0
12.03.2026;11:15;287.36;287.36;286.87;286.87;287.12;366363;0
12.03.2026;11:30;286.87;287.36;286.87;287.36;287.12;215895;0
12.03.2026;11:45;287.36;291.30;286.87;287.36;289.08;1070758;0
12.03.2026;12:00;287.36;288.10;286.87;288.10;287.49;279659;0
12.03.2026;12:15;287.85;288.59;287.61;288.35;288.10;190791;0
12.03.2026;12:30;288.35;288.35;287.61;287.61;287.98;158828;0
12.03.2026;12:45;287.61;287.61;287.36;287.61;287.48;122353;0
12.03.2026;13:00;287.36;288.10;286.87;288.10;287.49;455328;0
12.03.2026;13:15;287.36;287.36;286.87;286.87;287.12;307619;0
12.03.2026;13:30;287.12;287.12;286.87;286.87;286.99;203874;0
12.03.2026;13:45;286.87;291.79;286.87;287.12;289.33;400449;0
12.03.2026;14:00;286.87;294.00;286.13;287.12;290.07;1427509;0
12.03.2026;14:15;287.85;287.85;287.36;287.85;287.61;312792;0
12.03.2026;14:30;287.85;288.35;287.85;288.10;288.10;115336;0
12.03.2026;14:45;287.85;288.35;287.85;288.10;288.10;86057;0
12.03.2026;15:00;288.10;288.59;288.10;288.10;288.35;50685;0
12.03.2026;15:15;288.35;288.35;287.36;287.36;287.85;287227;0
12.03.2026;15:30;287.12;287.12;286.87;287.12;286.99;11959;0
12.03.2026;15:45;287.12;287.85;287.12;287.36;287.49;42080;0
12.03.2026;16:00;287.36;287.61;286.87;286.87;287.24;56053;0
12.03.2026;16:15;287.36;287.61;286.87;287.36;287.24;125835;0
12.03.2026;16:30;287.36;287.61;287.12;287.61;287.36;75637;0
12.03.2026;16:45;287.36;288.59;287.36;288.59;287.98;487317;0
12.03.2026;17:00;288.59;288.84;288.10;288.10;288.47;90574;0
12.03.2026;17:15;288.10;288.59;287.61;288.59;288.10;615376;0
12.03.2026;17:30;288.59;288.59;287.85;288.35;288.22;293528;0
12.03.2026;17:45;288.35;289.33;288.35;288.35;288.84;214260;0
12.03.2026;18:00;288.35;288.35;288.10;288.35;288.22;575263;0
15.03.2026;10:00;289.33;290.56;289.33;289.58;289.95;1961792;0
15.03.2026;10:15;289.82;290.56;289.33;290.31;289.95;529557;0
15.03.2026;10:30;290.31;290.31;289.33;290.07;289.82;884262;0
15.03.2026;10:45;290.07;290.07;289.08;289.08;289.58;207790;0
15.03.2026;11:00;289.08;290.07;288.35;289.82;289.21;477297;0
15.03.2026;11:15;289.82;290.07;289.08;289.33;289.58;129358;0
15.03.2026;11:30;289.33;289.33;288.84;288.84;289.08;100803;0
15.03.2026;11:45;289.33;289.58;288.35;289.33;288.96;201594;0
15.03.2026;12:00;288.59;289.08;288.35;288.84;288.72;149638;0
15.03.2026;12:15;288.84;288.84;288.35;288.84;288.59;591176;0
15.03.2026;12:30;288.84;290.07;288.84;290.07;289.45;295753;0
15.03.2026;12:45;290.07;290.56;289.82;290.31;290.19;304722;0
15.03.2026;13:00;290.31;290.31;288.84;289.33;289.58;662496;0
15.03.2026;13:15;289.33;290.07;289.33;290.07;289.70;56000;0
15.03.2026;13:30;289.82;290.56;289.82;290.31;290.19;58103;0
15.03.2026;13:45;290.31;290.31;289.82;290.31;290.07;41572;0
15.03.2026;14:00;290.07;290.81;289.82;290.31;290.31;484205;0
15.03.2026;14:15;290.31;291.54;290.31;290.56;290.93;129004;0
15.03.2026;14:30;290.81;291.05;290.07;290.07;290.56;142641;0
15.03.2026;14:45;290.07;290.56;290.07;290.56;290.31;101811;0
15.03.2026;15:00;290.31;293.02;290.31;292.77;291.67;828568;0
15.03.2026;15:15;292.28;292.28;291.79;292.04;292.04;86905;0
15.03.2026;15:30;292.28;292.77;292.04;292.53;292.41;328190;0
15.03.2026;15:45;292.28;292.28;290.56;290.56;291.42;764952;0
15.03.2026;16:00;291.05;291.79;290.81;291.54;291.30;681437;0
15.03.2026;16:15;291.30;291.30;290.31;290.31;290.81;133222;0
15.03.2026;16:30;290.31;290.56;290.07;290.31;290.31;268375;0
15.03.2026;16:45;290.56;292.04;290.56;292.04;291.30;227568;0
15.03.2026;17:00;292.04;292.53;291.30;291.30;291.91;326053;0
15.03.2026;17:15;291.30;291.79;291.05;291.05;291.42;345671;0
15.03.2026;17:30;291.30;291.79;291.05;291.05;291.42;171648;0
15.03.2026;17:45;291.05;291.05;290.07;291.05;290.56;419655;0
15.03.2026;18:00;290.07;290.81;289.58;289.82;290.19;206029;0
16.03.2026;10:00;293.02;293.02;291.30;292.53;292.16;517775;0
16.03.2026;10:15;292.53;292.53;291.05;291.30;291.79;326273;0
16.03.2026;10:30;291.30;292.04;290.81;291.79;291.42;462826;0
16.03.2026;10:45;291.30;292.04;290.81;291.54;291.42;338182;0
16.03.2026;11:00;291.30;291.54;288.59;289.82;290.07;1564530;0
16.03.2026;11:15;289.82;289.82;288.59;288.84;289.21;309076;0
16.03.2026;11:30;288.84;289.33;288.35;289.08;288.84;113303;0
16.03.2026;11:45;289.58;292.53;288.84;290.07;290.68;1172683;0
16.03.2026;12:00;289.82;290.31;289.33;290.07;289.82;160827;0
16.03.2026;12:15;290.31;290.31;289.58;289.58;289.95;63965;0
16.03.2026;12:30;289.58;290.31;289.58;289.58;289.95;123012;0
16.03.2026;12:45;289.58;290.31;289.58;290.31;289.95;154649;0
16.03.2026;13:00;290.31;293.02;289.82;291.54;291.42;4137932;0
16.03.2026;13:15;291.79;291.79;290.31;290.31;291.05;64094;0
16.03.2026;13:30;290.31;291.30;290.31;290.56;290.81;47545;0
16.03.2026;13:45;290.31;291.05;290.07;291.05;290.56;199508;0
16.03.2026;14:00;291.05;291.05;290.56;290.81;290.81;146839;0
16.03.2026;14:15;290.81;291.54;290.81;291.30;291.18;303906;0
16.03.2026;14:30;291.30;291.54;291.05;291.54;291.30;69268;0
16.03.2026;14:45;291.54;291.54;291.05;291.05;291.30;54488;0
16.03.2026;15:00;291.05;291.54;290.81;291.54;291.18;115930;0
16.03.2026;15:15;291.54;292.04;291.54;291.79;291.79;96370;0
16.03.2026;15:30;292.04;292.28;291.54;292.04;291.91;135031;0
16.03.2026;15:45;291.79;292.77;291.54;292.53;292.16;1163358;0
16.03.2026;16:00;292.53;293.02;292.28;292.28;292.65;816548;0
16.03.2026;16:15;292.28;292.53;291.30;292.53;291.91;109464;0
16.03.2026;16:30;291.79;292.77;291.79;292.28;292.28;366210;0
16.03.2026;16:45;292.28;292.28;292.28;292.28;292.28;57321;0
16.03.2026;17:00;292.28;292.28;291.79;292.28;292.04;157600;0
16.03.2026;17:15;292.28;292.28;292.28;292.28;292.28;41283;0
16.03.2026;17:30;292.28;292.28;291.79;291.79;292.04;157369;0
16.03.2026;17:45;291.79;292.77;291.79;292.04;292.28;794093;0
16.03.2026;18:00;292.04;292.77;291.79;292.28;292.28;809788;0
17.03.2026;10:00;299.91;302.12;296.71;300.65;299.42;6814164;0
17.03.2026;10:15;301.14;302.12;299.42;299.42;300.77;2775718;0
17.03.2026;10:30;299.42;300.16;298.93;299.42;299.54;1045870;0
17.03.2026;10:45;299.17;299.66;298.93;299.17;299.29;734768;0
17.03.2026;11:00;299.17;299.91;298.93;299.42;299.42;862092;0
17.03.2026;11:15;299.42;301.88;295.23;299.42;298.56;8772531;0
17.03.2026;11:30;297.20;297.94;295.73;295.73;296.83;1606603;0
17.03.2026;11:45;295.73;295.97;295.23;295.73;295.60;567069;0
17.03.2026;12:00;295.73;295.73;293.51;294.25;294.62;1088228;0
17.03.2026;12:15;294.25;295.73;293.76;294.99;294.74;773641;0
17.03.2026;12:30;295.23;295.97;295.23;295.97;295.60;223505;0
17.03.2026;12:45;295.97;296.47;295.73;296.22;296.10;328693;0
17.03.2026;13:00;296.47;297.20;296.22;297.20;296.71;113593;0
17.03.2026;13:15;297.20;297.45;296.96;296.96;297.20;160102;0
17.03.2026;13:30;297.20;297.20;295.97;295.97;296.59;289086;0
17.03.2026;13:45;295.97;296.22;295.73;295.97;295.97;236453;0
17.03.2026;14:00;296.47;296.71;295.97;296.71;296.34;128306;0
17.03.2026;14:15;296.47;300.16;295.97;297.94;298.06;1347872;0
17.03.2026;14:30;297.70;298.43;297.45;297.70;297.94;362112;0
17.03.2026;14:45;297.94;298.19;297.70;297.94;297.94;105957;0
17.03.2026;15:00;297.70;297.70;297.20;297.20;297.45;120509;0
17.03.2026;15:15;297.20;297.45;296.96;296.96;297.20;112606;0
17.03.2026;15:30;296.96;297.45;296.96;297.20;297.20;501954;0
17.03.2026;15:45;296.96;297.20;296.22;296.47;296.71;533621;0
17.03.2026;16:00;296.22;296.22;294.99;295.48;295.60;703222;0
17.03.2026;16:15;295.23;295.48;294.50;294.99;294.99;255838;0
17.03.2026;16:30;295.23;295.48;294.74;294.99;295.11;98951;0
17.03.2026;16:45;295.23;295.48;295.23;295.23;295.36;96004;0
17.03.2026;17:00;294.99;295.48;294.74;295.23;295.11;177581;0
17.03.2026;17:15;295.23;297.20;294.99;296.22;296.10;345559;0
17.03.2026;17:30;296.22;296.22;295.48;295.73;295.85;181043;0
17.03.2026;17:45;295.23;295.23;295.23;295.23;295.23;300900;0
17.03.2026;18:00;295.23;295.48;294.74;294.74;295.11;316394;0
18.03.2026;10:00;293.27;297.20;293.27;294.50;295.23;389963;0
18.03.2026;10:15;294.74;294.99;293.27;294.74;294.13;533029;0
18.03.2026;10:30;294.74;294.74;294.25;294.25;294.50;229382;0
18.03.2026;10:45;294.00;294.00;293.51;293.51;293.76;197239;0
18.03.2026;11:00;293.27;293.27;290.31;292.28;291.79;774531;0
18.03.2026;11:15;292.04;292.77;291.79;292.77;292.28;88841;0
18.03.2026;11:30;292.77;293.51;292.77;293.27;293.14;505800;0
18.03.2026;11:45;293.27;295.23;293.27;295.23;294.25;420341;0
18.03.2026;12:00;294.74;294.74;294.25;294.25;294.50;164197;0
18.03.2026;12:15;294.50;294.50;294.25;294.50;294.37;87321;0
18.03.2026;12:30;294.25;294.25;293.27;293.27;293.76;265284;0
22.03.2026;10:00;293.27;293.27;287.61;288.59;290.44;1345710;0
22.03.2026;10:15;289.33;289.33;285.39;286.38;287.36;1709750;0
22.03.2026;10:30;286.38;288.10;284.41;288.10;286.25;2454439;0
22.03.2026;10:45;287.85;288.84;287.85;288.59;288.35;192527;0
22.03.2026;11:00;288.59;288.59;287.36;288.10;287.98;101804;0
22.03.2026;11:15;287.85;289.58;287.36;287.61;288.47;1434537;0
22.03.2026;11:30;287.61;287.85;286.38;287.12;287.12;904533;0
22.03.2026;11:45;287.12;288.10;286.38;287.61;287.24;1003359;0
22.03.2026;12:00;287.85;288.35;287.85;288.35;288.10;111155;0
22.03.2026;12:15;288.35;288.35;286.87;286.87;287.61;327402;0
22.03.2026;12:30;286.87;287.12;286.13;286.13;286.62;430546;0
22.03.2026;12:45;286.13;287.36;286.13;286.38;286.75;361995;0
22.03.2026;13:00;286.38;286.87;286.13;286.13;286.50;143400;0
22.03.2026;13:15;286.38;286.87;286.13;286.38;286.50;40141;0
22.03.2026;13:30;286.13;287.61;285.89;287.36;286.75;518721;0
22.03.2026;13:45;286.87;286.87;285.64;286.38;286.25;639550;0
22.03.2026;14:00;286.38;293.02;286.13;293.02;289.58;838632;0
22.03.2026;14:15;293.02;293.27;291.05;292.04;292.16;1608373;0
22.03.2026;14:30;292.04;294.50;292.04;294.25;293.27;798462;0
22.03.2026;14:45;293.76;294.25;291.05;291.54;292.65;484968;0
22.03.2026;15:00;291.54;292.28;290.56;292.28;291.42;295523;0
22.03.2026;15:15;291.79;291.79;290.31;291.54;291.05;187194;0
22.03.2026;15:30;291.54;294.74;291.54;293.51;293.14;761895;0
22.03.2026;15:45;293.27;295.73;293.27;295.73;294.50;2072650;0
22.03.2026;16:00;295.48;296.22;292.53;294.00;294.37;2198315;0
22.03.2026;16:15;294.00;294.25;291.79;292.53;293.02;969396;0
22.03.2026;16:30;292.77;295.23;292.53;294.00;293.88;2556712;0
22.03.2026;16:45;294.50;295.73;293.76;295.73;294.74;652530;0
22.03.2026;17:00;295.73;298.93;295.73;297.70;297.33;2029949;0
22.03.2026;17:15;297.70;298.93;297.70;298.43;298.31;1291201;0
22.03.2026;17:30;298.68;299.66;298.43;298.68;299.05;3412304;0
22.03.2026;17:45;298.68;299.42;298.68;298.68;299.05;973954;0
22.03.2026;18:00;298.68;299.17;298.19;299.17;298.68;331519;0
23.03.2026;10:00;296.47;299.66;296.47;299.66;298.06;1228253;0
23.03.2026;10:15;299.91;299.91;297.70;298.43;298.80;1251880;0
23.03.2026;10:30;297.70;298.68;296.71;297.20;297.70;387741;0
23.03.2026;10:45;297.20;297.70;296.22;297.70;296.96;1075644;0
23.03.2026;11:00;297.70;297.70;293.76;295.73;295.73;1956283;0
23.03.2026;11:15;295.48;295.48;294.25;294.74;294.87;1432382;0
23.03.2026;11:30;294.99;295.48;294.25;295.48;294.87;478951;0
23.03.2026;11:45;295.23;295.48;294.50;294.99;294.99;402485;0
23.03.2026;12:00;294.99;295.23;294.50;294.50;294.87;239514;0
23.03.2026;12:15;294.99;295.48;294.99;294.99;295.23;264013;0
23.03.2026;12:30;295.23;295.48;294.74;294.74;295.11;173461;0
23.03.2026;12:45;294.74;295.23;294.74;294.74;294.99;76441;0
23.03.2026;13:00;295.48;295.48;294.25;294.25;294.87;329419;0
23.03.2026;13:15;294.25;294.99;294.25;294.25;294.62;355031;0
23.03.2026;13:30;294.25;294.50;293.02;294.00;293.76;1853465;0
23.03.2026;13:45;294.00;294.00;293.02;293.02;293.51;632332;0
23.03.2026;14:00;293.27;293.27;292.77;293.27;293.02;509643;0
23.03.2026;14:15;293.27;293.76;292.77;292.77;293.27;329862;0
23.03.2026;14:30;293.02;293.27;292.77;293.02;293.02;417222;0
23.03.2026;14:45;293.27;293.27;292.77;293.02;293.02;130425;0
23.03.2026;15:00;293.02;293.02;291.54;291.79;292.28;315254;0
23.03.2026;15:15;291.79;292.28;289.33;290.07;290.81;3232522;0
23.03.2026;15:30;290.07;290.07;289.33;289.33;289.70;178019;0
23.03.2026;15:45;289.33;290.07;289.33;289.82;289.70;350250;0
23.03.2026;16:00;289.58;289.58;288.10;288.10;288.84;1507910;0
23.03.2026;16:15;288.35;294.99;288.35;291.30;291.67;4369359;0
23.03.2026;16:30;291.30;293.76;291.30;291.30;292.53;1471499;0
23.03.2026;16:45;291.79;294.25;291.79;294.25;293.02;924143;0
23.03.2026;17:00;294.25;295.73;293.27;293.27;294.50;848999;0
23.03.2026;17:15;293.27;293.27;292.04;292.28;292.65;237270;0
23.03.2026;17:30;292.28;292.28;292.04;292.28;292.16;216992;0
23.03.2026;17:45;292.28;293.76;291.54;292.77;292.65;784331;0
23.03.2026;18:00;293.02;295.23;292.28;295.23;293.76;909051;0
24.03.2026;10:00;297.20;298.93;294.99;295.23;296.96;2203812;0
24.03.2026;10:15;295.73;297.94;294.00;294.50;295.97;1254380;0
24.03.2026;10:30;294.99;295.23;294.00;295.23;294.62;1742817;0
24.03.2026;10:45;295.23;296.22;294.74;295.23;295.48;660937;0
24.03.2026;11:00;294.74;294.74;294.25;294.25;294.50;500795;0
24.03.2026;11:15;294.25;294.99;293.76;294.99;294.37;628866;0
24.03.2026;11:30;295.23;295.97;294.99;295.23;295.48;762665;0
24.03.2026;11:45;295.23;295.73;294.99;294.99;295.36;326390;0
24.03.2026;12:00;294.99;295.23;293.51;293.51;294.37;1329829;0
24.03.2026;12:15;293.51;294.25;293.51;293.76;293.88;279906;0
24.03.2026;12:30;293.51;293.76;293.27;293.51;293.51;125209;0
24.03.2026;12:45;293.51;293.76;292.53;292.77;293.14;280646;0
24.03.2026;13:00;292.53;294.00;292.28;292.28;293.14;1074586;0
24.03.2026;13:15;292.77;293.51;292.28;292.53;292.90;1228134;0
24.03.2026;13:30;292.28;292.77;291.79;292.77;292.28;990503;0
24.03.2026;13:45;293.02;293.51;293.02;293.27;293.27;54223;0
24.03.2026;14:00;293.02;293.51;292.53;292.77;293.02;307878;0
24.03.2026;14:15;292.77;293.51;292.77;293.51;293.14;88490;0
24.03.2026;14:30;293.27;293.27;292.53;292.77;292.90;231537;0
24.03.2026;14:45;292.53;293.76;292.53;292.53;293.14;393833;0
24.03.2026;15:00;292.28;293.76;292.28;293.27;293.02;215283;0
24.03.2026;15:15;293.51;293.76;293.02;293.02;293.39;302991;0
24.03.2026;15:30;292.77;292.77;290.81;291.79;291.79;945232;0
24.03.2026;15:45;291.79;292.28;291.30;292.04;291.79;223932;0
24.03.2026;16:00;292.04;292.53;292.04;292.53;292.28;278862;0
24.03.2026;16:15;292.53;292.77;291.79;292.28;292.28;146367;0
24.03.2026;16:30;291.79;291.79;290.81;291.30;291.30;771424;0
24.03.2026;16:45;291.30;293.27;290.56;293.27;291.91;1105033;0
24.03.2026;17:00;293.02;293.27;291.79;293.02;292.53;75572;0
24.03.2026;17:15;293.02;293.27;292.77;293.02;293.02;34816;0
24.03.2026;17:30;292.53;293.02;292.53;292.77;292.77;353488;0
24.03.2026;17:45;292.77;292.77;292.04;292.53;292.41;300686;0
24.03.2026;18:00;292.28;292.53;291.79;291.79;292.16;636813;0
25.03.2026;10:00;292.28;294.00;291.30;293.76;292.65;680304;0
25.03.2026;10:15;293.02;295.73;293.02;295.23;294.37;697285;0
25.03.2026;10:30;294.99;295.23;293.51;293.51;294.37;338292;0
25.03.2026;10:45;294.50;301.39;294.50;298.93;297.94;6323053;0
25.03.2026;11:00;299.17;300.89;297.94;297.94;299.42;2251392;0
25.03.2026;11:15;298.19;299.66;297.70;298.19;298.68;1817895;0
25.03.2026;11:30;298.19;300.89;296.22;299.91;298.56;4294540;0
25.03.2026;11:45;299.66;299.66;297.45;298.93;298.56;1649016;0
25.03.2026;12:00;298.43;300.16;298.19;299.91;299.17;4991239;0
25.03.2026;12:15;299.91;300.65;297.45;297.45;299.05;3991707;0
25.03.2026;12:30;297.20;297.20;293.02;294.25;295.11;7046750;0
25.03.2026;12:45;294.25;295.73;293.27;294.74;294.50;3964165;0
25.03.2026;13:00;294.74;295.23;291.54;293.51;293.39;3489058;0
25.03.2026;13:15;293.27;293.76;292.28;293.27;293.02;1019720;0
25.03.2026;13:30;293.27;293.51;292.28;293.02;292.90;1445866;0
25.03.2026;13:45;293.02;293.51;292.28;292.77;292.90;403140;0
25.03.2026;14:00;292.77;293.51;292.53;292.53;293.02;439847;0
25.03.2026;14:15;292.53;294.25;292.53;293.76;293.39;502092;0
25.03.2026;14:30;293.76;294.50;293.76;294.50;294.13;523333;0
25.03.2026;14:45;294.50;295.48;293.27;293.27;294.37;812221;0
25.03.2026;15:00;293.27;294.25;293.27;294.25;293.76;1064447;0
25.03.2026;15:15;294.00;294.00;293.27;293.51;293.64;457868;0
25.03.2026;15:30;293.51;294.50;293.51;294.00;294.00;610383;0
25.03.2026;15:45;294.00;296.47;294.00;296.22;295.23;627200;0
25.03.2026;16:00;296.47;296.47;294.25;294.50;295.36;688199;0
25.03.2026;16:15;294.50;294.99;294.00;294.00;294.50;153494;0
25.03.2026;16:30;294.00;294.74;293.51;293.76;294.13;647778;0
25.03.2026;16:45;293.51;293.76;292.53;293.51;293.14;1139472;0
25.03.2026;17:00;292.77;293.27;292.28;292.77;292.77;690108;0
25.03.2026;17:15;292.77;294.25;292.53;293.27;293.39;385901;0
25.03.2026;17:30;293.27;295.23;292.28;293.27;293.76;1074428;0
25.03.2026;17:45;293.76;295.48;293.27;294.00;294.37;806765;0
25.03.2026;18:00;294.00;294.74;292.28;294.74;293.51;1539603;0
26.03.2026;10:00;297.50;297.75;282.75;282.75;290.25;1400294;0
26.03.2026;10:15;292.50;294.50;288.00;288.75;291.25;5121655;0
26.03.2026;10:30;289.25;289.50;285.50;286.50;287.50;2752087;0
26.03.2026;10:45;286.00;286.75;284.50;284.75;285.62;2074302;0
26.03.2026;11:00;284.50;285.75;284.00;284.50;284.88;1521588;0
26.03.2026;11:15;284.00;285.75;282.25;284.25;284.00;3202398;0
26.03.2026;11:30;284.25;284.75;284.00;284.00;284.38;983790;0
26.03.2026;11:45;284.00;286.00;283.50;284.75;284.75;1884267;0
26.03.2026;12:00;284.75;285.00;284.25;285.00;284.62;495242;0
26.03.2026;12:15;285.00;285.50;284.75;285.00;285.12;445982;0
26.03.2026;12:30;285.00;285.25;284.25;284.25;284.75;406708;0
26.03.2026;12:45;284.75;284.75;283.50;283.50;284.12;710432;0
26.03.2026;13:00;283.50;284.50;283.50;284.00;284.00;227809;0
26.03.2026;13:15;284.00;284.25;283.25;283.50;283.75;788287;0
26.03.2026;13:30;283.50;285.00;283.25;283.50;284.12;1121934;0
26.03.2026;13:45;283.50;283.50;281.25;281.75;282.38;3137770;0
26.03.2026;14:00;281.75;283.00;281.50;281.75;282.25;758298;0
26.03.2026;14:15;282.00;283.50;282.00;282.50;282.75;470998;0
26.03.2026;14:30;282.50;282.50;282.25;282.25;282.38;592211;0
26.03.2026;14:45;282.75;283.50;282.75;283.50;283.12;506167;0
26.03.2026;15:00;283.25;283.25;282.00;282.75;282.62;485104;0
26.03.2026;15:15;282.75;283.00;282.00;282.25;282.50;432764;0
26.03.2026;15:30;282.25;282.75;281.50;281.75;282.12;816397;0
26.03.2026;15:45;281.50;282.50;281.25;282.00;281.88;846050;0
26.03.2026;16:00;282.25;282.25;281.75;281.75;282.00;373738;0
26.03.2026;16:15;281.75;282.00;281.50;282.00;281.75;245878;0
26.03.2026;16:30;282.00;282.25;281.75;281.75;282.00;363784;0
26.03.2026;16:45;282.00;282.00;281.50;281.75;281.75;2003586;0
26.03.2026;17:00;281.50;282.00;281.00;281.75;281.50;1715687;0
26.03.2026;17:15;281.25;281.75;281.00;281.25;281.38;291549;0
26.03.2026;17:30;281.25;282.00;281.25;282.00;281.62;666841;0
26.03.2026;17:45;282.00;282.75;281.50;282.75;282.12;715971;0
26.03.2026;18:00;282.25;282.50;281.00;281.00;281.75;1301402;0
29.03.2026;10:00;280.25;281.00;278.75;279.25;279.88;1873586;0
29.03.2026;10:15;279.25;280.50;279.00;279.50;279.75;935934;0
29.03.2026;10:30;279.50;279.50;271.25;276.50;275.38;1144028;0
29.03.2026;10:45;276.75;276.75;272.50;274.25;274.62;1256327;0
29.03.2026;11:00;274.50;275.50;273.25;274.50;274.38;1483512;0
29.03.2026;11:15;274.50;274.75;273.50;274.00;274.12;1159350;0
29.03.2026;11:30;274.25;275.00;273.75;274.50;274.38;1148032;0
29.03.2026;11:45;274.50;274.75;273.50;273.50;274.12;552497;0
29.03.2026;12:00;273.50;274.00;273.25;273.75;273.62;673861;0
29.03.2026;12:15;273.75;274.25;273.75;274.00;274.00;477910;0
29.03.2026;12:30;274.00;274.00;272.00;273.00;273.00;1736474;0
29.03.2026;12:45;272.75;272.75;271.50;271.75;272.12;2017138;0
29.03.2026;13:00;271.50;272.75;271.50;272.75;272.12;1442526;0
29.03.2026;13:15;272.75;273.50;272.50;273.00;273.00;1057727;0
29.03.2026;13:30;273.25;273.25;272.00;272.75;272.62;406130;0
29.03.2026;13:45;273.00;273.25;271.50;272.75;272.38;1178883;0
29.03.2026;14:00;272.00;272.75;271.50;272.00;272.12;651014;0
29.03.2026;14:15;272.00;279.50;272.00;279.50;275.75;1056555;0
29.03.2026;14:30;272.75;273.50;272.75;273.25;273.12;482952;0
29.03.2026;14:45;273.25;274.00;273.00;273.50;273.50;461822;0
29.03.2026;15:00;274.00;274.00;272.00;272.50;273.00;799475;0
29.03.2026;15:15;272.75;272.75;272.00;272.25;272.38;1519272;0
29.03.2026;15:30;272.00;272.25;271.25;271.75;271.75;935459;0
29.03.2026;15:45;272.00;272.00;271.25;271.75;271.62;398964;0
29.03.2026;16:00;271.75;271.75;270.50;270.75;271.12;981480;0
29.03.2026;16:15;270.75;271.25;270.00;271.00;270.62;2039378;0
29.03.2026;16:30;271.00;272.00;270.25;270.25;271.12;1221640;0
29.03.2026;16:45;270.25;270.50;270.00;270.50;270.25;567727;0
29.03.2026;17:00;270.50;270.50;269.50;270.00;270.00;1012360;0
29.03.2026;17:15;270.25;270.25;269.00;270.25;269.62;947893;0
29.03.2026;17:30;270.25;270.75;269.75;269.75;270.25;1253632;0
29.03.2026;17:45;270.50;270.50;269.75;270.25;270.12;648164;0
29.03.2026;18:00;270.25;270.25;269.75;269.75;270.00;582790;0
30.03.2026;10:00;270.00;272.50;269.00;272.50;270.75;1114381;0
30.03.2026;10:15;272.50;272.50;269.00;271.75;270.75;1359014;0
30.03.2026;10:30;271.75;274.00;271.75;274.00;272.88;1032344;0
30.03.2026;10:45;274.00;274.00;271.75;272.50;272.88;1176730;0
30.03.2026;11:00;272.50;273.25;272.00;273.00;272.62;877430;0
30.03.2026;11:15;273.00;273.00;272.00;272.75;272.50;583255;0
30.03.2026;11:30;272.75;279.50;272.75;279.50;276.12;3125481;0
30.03.2026;11:45;279.25;282.25;276.75;277.75;279.50;5984212;0
30.03.2026;12:00;277.25;277.50;275.25;276.00;276.38;1070817;0
30.03.2026;12:15;275.75;276.25;275.00;275.00;275.62;210587;0
30.03.2026;12:30;275.00;275.75;275.00;275.50;275.38;436061;0
30.03.2026;12:45;275.50;275.75;274.50;275.25;275.12;350982;0
30.03.2026;13:00;275.25;275.25;274.25;274.75;274.75;342985;0
30.03.2026;13:15;274.75;274.75;274.00;274.50;274.38;201778;0
30.03.2026;13:30;274.00;274.50;273.25;273.25;273.88;797466;0
30.03.2026;13:45;273.75;275.00;273.00;274.50;274.00;422810;0
30.03.2026;14:00;274.50;275.50;274.00;275.25;274.75;293710;0
30.03.2026;14:15;275.25;275.75;274.25;274.25;275.00;980170;0
30.03.2026;14:30;274.75;275.00;274.00;274.00;274.50;421907;0
30.03.2026;14:45;274.25;274.75;274.00;274.75;274.38;451352;0
30.03.2026;15:00;274.75;274.75;274.00;274.50;274.38;720907;0
30.03.2026;15:15;274.25;275.00;274.00;274.00;274.50;190837;0
30.03.2026;15:30;274.25;274.75;274.00;274.00;274.38;67444;0
30.03.2026;15:45;274.00;274.75;274.00;274.50;274.38;312215;0
30.03.2026;16:00;274.00;274.75;274.00;274.00;274.38;547367;0
30.03.2026;16:15;274.00;274.00;273.25;273.50;273.62;259083;0
30.03.2026;16:30;273.75;273.75;273.50;273.75;273.62;228831;0
30.03.2026;16:45;273.75;273.75;273.00;273.25;273.38;406346;0
30.03.2026;17:00;273.50;273.75;273.00;273.75;273.38;439198;0
30.03.2026;17:15;273.75;274.50;273.00;274.25;273.75;1330594;0
30.03.2026;17:30;274.00;276.00;274.00;275.50;275.00;739900;0
30.03.2026;17:45;275.50;275.50;274.00;274.75;274.75;852443;0
30.03.2026;18:00;274.75;275.75;274.50;274.50;275.12;235006;0
01.04.2026;10:00;278.75;279.75;277.75;278.00;278.75;1929094;0
01.04.2026;10:15;277.50;279.50;277.00;279.50;278.25;1280338;0
01.04.2026;10:30;278.50;278.50;277.25;278.00;277.88;841960;0
01.04.2026;10:45;278.00;278.00;277.00;277.50;277.50;622792;0
01.04.2026;11:00;277.25;277.50;277.00;277.25;277.25;249193;0
01.04.2026;11:15;277.50;277.50;276.50;276.50;277.00;246240;0
01.04.2026;11:30;277.00;277.00;276.25;277.00;276.62;265858;0
01.04.2026;11:45;277.00;277.50;276.25;276.50;276.88;725435;0
01.04.2026;12:00;276.75;276.75;276.25;276.25;276.50;269052;0
01.04.2026;12:15;276.00;276.00;275.00;275.25;275.50;731240;0
01.04.2026;12:30;275.25;275.50;275.00;275.50;275.25;398284;0
01.04.2026;12:45;275.25;275.75;275.00;275.75;275.38;265553;0
01.04.2026;13:00;275.50;275.75;274.75;275.50;275.25;1149668;0
01.04.2026;13:15;275.50;275.75;275.25;275.25;275.50;105207;0
01.04.2026;13:30;275.25;276.50;275.25;275.75;275.88;477030;0
01.04.2026;13:45;275.75;276.00;275.25;276.00;275.62;1201950;0
01.04.2026;14:00;276.00;276.00;274.75;276.00;275.38;1193738;0
01.04.2026;14:15;276.00;276.00;275.25;275.50;275.62;129798;0
01.04.2026;14:30;275.50;275.75;275.00;275.25;275.38;513684;0
01.04.2026;14:45;275.25;275.50;275.00;275.25;275.25;227762;0
01.04.2026;15:00;275.50;275.75;275.00;275.00;275.38;165739;0
01.04.2026;15:15;275.25;275.50;274.25;274.75;274.88;1266850;0
01.04.2026;15:30;274.75;275.00;274.50;274.75;274.75;362970;0
01.04.2026;15:45;274.75;275.25;274.50;275.00;274.88;412856;0
01.04.2026;16:00;275.00;275.00;274.75;275.00;274.88;252963;0
01.04.2026;16:15;274.50;275.00;274.50;275.00;274.75;323365;0
01.04.2026;16:30;275.00;275.50;275.00;275.50;275.25;491609;0
01.04.2026;16:45;275.25;275.75;275.25;275.50;275.50;364256;0
01.04.2026;17:00;275.50;275.75;274.25;275.50;275.00;475767;0
01.04.2026;17:15;275.50;276.25;275.25;276.25;275.75;650380;0
01.04.2026;17:30;276.00;276.50;276.00;276.50;276.25;367970;0
01.04.2026;17:45;276.50;276.75;275.75;276.25;276.25;842088;0
01.04.2026;18:00;276.50;277.00;275.75;275.75;276.38;455785;0
02.04.2026;10:00;274.25;274.25;269.50;271.75;271.88;2715501;0
02.04.2026;10:15;271.75;272.25;270.75;271.00;271.50;1261712;0
02.04.2026;10:30;271.00;272.75;271.00;272.75;271.88;709803;0
02.04.2026;10:45;272.75;274.25;272.75;273.25;273.50;248828;0
02.04.2026;11:00;273.25;274.00;271.50;272.50;272.75;490118;0
02.04.2026;11:15;272.50;272.75;272.25;272.25;272.50;159904;0
02.04.2026;11:30;272.25;272.75;272.00;272.00;272.38;315764;0
02.04.2026;11:45;272.50;272.50;271.00;271.75;271.75;657784;0
02.04.2026;12:00;271.75;272.25;271.50;271.75;271.88;347586;0
02.04.2026;12:15;271.50;272.25;271.50;272.25;271.88;135442;0
02.04.2026;12:30;272.50;273.00;272.25;272.25;272.62;268215;0
02.04.2026;12:45;272.25;272.50;272.00;272.00;272.25;215662;0
02.04.2026;13:00;272.00;272.00;270.25;272.00;271.12;383093;0
02.04.2026;13:15;272.25;272.25;271.50;271.50;271.88;323187;0
02.04.2026;13:30;272.00;272.25;271.75;272.00;272.00;340667;0
02.04.2026;13:45;271.50;272.25;271.50;272.25;271.88;371059;0
02.04.2026;14:00;272.25;272.50;272.00;272.25;272.25;276602;0
02.04.2026;14:15;272.50;272.75;272.50;272.75;272.62;297667;0
02.04.2026;14:30;272.50;272.75;272.50;272.75;272.62;44173;0
02.04.2026;14:45;272.75;273.50;272.75;273.50;273.12;169533;0
02.04.2026;15:00;273.25;273.50;273.00;273.00;273.25;289313;0
02.04.2026;15:15;273.00;273.25;273.00;273.00;273.12;5190;0
02.04.2026;15:30;273.25;273.50;273.00;273.00;273.25;261446;0
02.04.2026;15:45;273.50;273.50;273.00;273.00;273.25;55170;0
02.04.2026;16:00;273.00;273.25;273.00;273.25;273.12;271646;0
02.04.2026;16:15;273.25;273.50;272.75;273.00;273.12;180564;0
02.04.2026;16:30;272.75;273.00;271.00;272.50;272.00;846384;0
02.04.2026;16:45;272.50;273.25;272.50;273.25;272.88;320150;0
02.04.2026;17:00;273.50;274.00;273.25;273.25;273.62;240421;0
02.04.2026;17:15;273.25;273.75;272.50;272.50;273.12;288597;0
02.04.2026;17:30;273.00;274.00;272.50;273.75;273.25;197853;0
02.04.2026;17:45;273.75;276.50;273.00;275.00;274.75;1195922;0
02.04.2026;18:00;275.00;276.00;273.00;273.00;274.50;752691;0
03.04.2026;10:00;274.75;274.75;272.75;273.25;273.75;1092169;0
03.04.2026;10:15;273.00;275.00;272.75;274.50;273.88;413152;0
03.04.2026;10:30;274.50;275.75;273.75;274.00;274.75;918741;0
03.04.2026;10:45;274.00;274.75;274.00;274.50;274.38;403505;0
03.04.2026;11:00;274.50;274.50;273.75;274.25;274.12;255110;0
03.04.2026;11:15;274.25;274.75;274.00;274.75;274.38;548006;0
03.04.2026;11:30;274.50;274.50;273.75;273.75;274.12;41955;0
03.04.2026;11:45;273.75;274.00;272.50;274.00;273.25;604208;0
03.04.2026;12:00;273.75;274.50;273.50;274.25;274.00;493175;0
03.04.2026;12:15;274.50;274.50;274.50;274.50;274.50;283559;0
03.04.2026;12:30;274.75;275.00;273.25;273.25;274.12;1427046;0
03.04.2026;12:45;274.25;274.25;273.00;273.00;273.62;810503;0
03.04.2026;13:00;273.00;274.25;273.00;273.25;273.62;799903;0
03.04.2026;13:15;273.25;273.75;273.25;273.75;273.50;191003;0
03.04.2026;13:30;273.50;274.00;273.50;273.75;273.75;502348;0
03.04.2026;13:45;274.00;274.00;273.50;273.75;273.75;99028;0
03.04.2026;14:00;273.75;273.75;273.75;273.75;273.75;96087;0
03.04.2026;14:15;274.00;274.25;273.25;273.75;273.75;168039;0
03.04.2026;14:30;273.75;274.50;271.25;273.25;272.88;740909;0
03.04.2026;14:45;274.25;274.75;274.00;274.25;274.38;363502;0
03.04.2026;15:00;274.25;274.50;274.00;274.00;274.25;168870;0
03.04.2026;15:15;274.00;274.25;273.75;273.75;274.00;109840;0
03.04.2026;15:30;273.50;273.50;273.25;273.25;273.38;272292;0
03.04.2026;15:45;273.50;273.50;273.25;273.50;273.38;304280;0
03.04.2026;16:00;273.50;274.00;273.25;273.50;273.62;435850;0
03.04.2026;16:15;273.50;273.50;273.25;273.25;273.38;554778;0
03.04.2026;16:30;274.25;274.25;273.75;274.25;274.00;62151;0
03.04.2026;16:45;274.25;274.75;273.75;274.50;274.25;498822;0
03.04.2026;17:00;274.50;275.50;273.75;274.25;274.62;373270;0
03.04.2026;17:15;274.50;274.50;273.00;273.75;273.75;208332;0
03.04.2026;17:30;273.50;274.00;273.25;273.50;273.62;289577;0
03.04.2026;17:45;273.75;275.00;273.50;273.50;274.25;502532;0
03.04.2026;18:00;273.50;275.00;273.25;274.25;274.12;789388;0
06.04.2026;10:00;275.00;276.50;275.00;275.50;275.75;788536;0
06.04.2026;10:15;275.00;275.75;274.00;275.50;274.88;933371;0
06.04.2026;10:30;275.25;275.50;273.75;275.25;274.62;787318;0
06.04.2026;10:45;275.25;276.25;275.25;275.50;275.75;690152;0
06.04.2026;11:00;275.50;276.00;275.00;276.00;275.50;310774;0
06.04.2026;11:15;276.00;276.50;275.75;276.00;276.12;440755;0
06.04.2026;11:30;276.00;276.50;276.00;276.50;276.25;250175;0
06.04.2026;11:45;276.25;276.25;275.50;276.00;275.88;1024198;0
06.04.2026;12:00;276.25;276.50;276.25;276.50;276.38;306572;0
06.04.2026;12:15;276.25;277.00;276.00;277.00;276.50;947146;0
06.04.2026;12:30;277.00;277.25;276.50;277.25;276.88;195460;0
06.04.2026;12:45;277.25;277.25;276.50;277.25;276.88;321006;0
06.04.2026;13:00;277.25;279.00;276.50;277.25;277.75;816969;0
06.04.2026;13:15;277.25;278.00;277.25;277.75;277.62;198264;0
06.04.2026;13:30;278.00;278.25;277.50;277.50;277.88;523872;0
06.04.2026;13:45;278.00;278.00;277.50;278.00;277.75;259404;0
06.04.2026;14:00;278.00;278.00;277.00;277.00;277.50;130919;0
06.04.2026;14:15;276.75;277.00;276.25;276.75;276.62;267456;0
06.04.2026;14:30;276.75;277.50;276.50;277.50;277.00;171680;0
06.04.2026;14:45;277.25;277.25;276.50;277.25;276.88;480553;0
06.04.2026;15:00;277.25;277.75;277.25;277.50;277.50;38298;0
06.04.2026;15:15;277.50;277.75;277.25;277.75;277.50;61594;0
06.04.2026;15:30;277.50;277.75;277.25;277.75;277.50;27487;0
06.04.2026;15:45;278.00;279.75;277.75;278.75;278.75;1100156;0
06.04.2026;16:00;278.75;279.25;278.75;279.00;279.00;454716;0
06.04.2026;16:15;279.25;280.00;279.00;279.25;279.50;754802;0
06.04.2026;16:30;279.50;280.00;279.00;280.00;279.50;466107;0
06.04.2026;16:45;279.75;279.75;279.50;279.75;279.62;26278;0
06.04.2026;17:00;279.75;279.75;278.00;279.25;278.88;672695;0
06.04.2026;17:15;279.00;279.25;278.25;278.25;278.75;182170;0
06.04.2026;17:30;278.75;279.00;278.25;278.25;278.62;280745;0
06.04.2026;17:45;278.50;278.75;277.75;278.25;278.25;634824;0
06.04.2026;18:00;277.75;278.25;276.75;278.25;277.50;864507;0
07.04.2026;10:00;280.75;280.75;276.00;278.00;278.38;1207996;0
07.04.2026;10:15;278.50;278.50;276.25;277.00;277.38;710515;0
07.04.2026;10:30;277.00;277.75;276.00;276.25;276.88;1043843;0
07.04.2026;10:45;276.25;277.00;276.00;277.00;276.50;375902;0
07.04.2026;11:00;277.00;277.25;276.50;277.00;276.88;406164;0
07.04.2026;11:15;277.00;277.00;275.50;275.75;276.25;798221;0
07.04.2026;11:30;276.00;276.50;275.50;276.25;276.00;467278;0
07.04.2026;11:45;276.25;276.75;275.75;276.25;276.25;349157;0
07.04.2026;12:00;276.25;277.00;276.00;277.00;276.50;315975;0
07.04.2026;12:15;276.75;276.75;276.25;276.50;276.50;25991;0
07.04.2026;12:30;276.00;276.75;276.00;276.25;276.38;326000;0
07.04.2026;12:45;276.25;276.50;275.50;275.75;276.00;358970;0
07.04.2026;13:00;275.75;275.75;275.25;275.25;275.50;299455;0
07.04.2026;13:15;275.00;275.25;274.75;275.25;275.00;398251;0
07.04.2026;13:30;275.00;275.50;274.00;274.75;274.75;605684;0
07.04.2026;13:45;275.00;275.00;274.00;275.00;274.50;144383;0
07.04.2026;14:00;274.75;274.75;274.00;274.25;274.38;382089;0
07.04.2026;14:15;274.50;274.50;273.75;273.75;274.12;386245;0
07.04.2026;14:30;273.50;274.00;273.50;274.00;273.75;232815;0
07.04.2026;14:45;273.75;274.50;273.50;273.50;274.00;236135;0
07.04.2026;15:00;274.25;274.25;273.00;273.25;273.62;345517;0
07.04.2026;15:15;273.25;273.75;271.75;273.50;272.75;1920083;0
07.04.2026;15:30;272.50;273.50;271.50;272.00;272.50;2111150;0
07.04.2026;15:45;272.75;273.00;272.00;272.25;272.50;412427;0
07.04.2026;16:00;272.00;272.50;271.75;272.00;272.12;368743;0
07.04.2026;16:15;271.75;272.00;271.25;271.50;271.62;637392;0
07.04.2026;16:30;271.50;272.00;271.00;271.00;271.50;178919;0
07.04.2026;16:45;271.50;271.50;270.25;271.00;270.88;530518;0
07.04.2026;17:00;271.00;271.00;269.75;270.25;270.38;1006369;0
07.04.2026;17:15;270.25;270.75;270.00;270.25;270.38;615571;0
07.04.2026;17:30;270.75;271.25;270.25;270.25;270.75;326776;0
07.04.2026;17:45;270.50;271.25;270.25;270.25;270.75;420550;0
07.04.2026;18:00;270.00;270.25;269.50;270.00;269.88;797931;0
08.04.2026;10:00;277.25;280.00;277.00;278.00;278.50;3577575;0
08.04.2026;10:15;278.25;280.50;278.00;279.50;279.25;1229268;0
08.04.2026;10:30;279.50;281.00;279.25;280.25;280.12;1190389;0
08.04.2026;10:45;280.25;280.75;280.00;280.50;280.38;1222146;0
08.04.2026;11:00;280.75;281.25;280.00;280.00;280.62;1851087;0
08.04.2026;11:15;280.00;280.25;279.75;280.25;280.00;198714;0
08.04.2026;11:30;280.00;280.00;280.00;280.00;280.00;206920;0
08.04.2026;11:45;280.00;280.50;279.25;280.25;279.88;662325;0
08.04.2026;12:00;280.25;282.25;280.00;281.00;281.12;1334709;0
08.04.2026;12:15;281.00;281.00;280.25;280.75;280.62;298346;0
08.04.2026;12:30;280.75;281.00;280.50;281.00;280.75;171280;0
08.04.2026;12:45;281.00;281.25;280.00;280.00;280.62;364013;0
08.04.2026;13:00;280.00;280.50;279.50;280.50;280.00;422706;0
08.04.2026;13:15;280.25;280.75;279.50;280.00;280.12;368387;0
08.04.2026;13:30;280.00;280.00;279.50;279.50;279.75;52903;0
08.04.2026;13:45;280.00;280.00;279.25;279.75;279.62;1154401;0
08.04.2026;14:00;279.75;280.00;279.50;279.75;279.75;442617;0
08.04.2026;14:15;280.00;280.00;279.50;279.75;279.75;27148;0
08.04.2026;14:30;279.50;280.00;279.25;280.00;279.62;257252;0
08.04.2026;14:45;280.00;280.00;279.50;279.75;279.75;466900;0
08.04.2026;15:00;279.50;279.75;279.25;279.75;279.50;864014;0
08.04.2026;15:15;279.75;280.25;279.75;280.00;280.00;560816;0
08.04.2026;15:30;279.50;280.00;279.50;280.00;279.75;68250;0
08.04.2026;15:45;280.00;280.25;279.75;280.00;280.00;84010;0
08.04.2026;16:00;280.50;281.50;280.25;281.50;280.88;455311;0
08.04.2026;16:15;281.25;281.25;280.75;280.75;281.00;24151;0
08.04.2026;16:30;280.75;281.25;280.50;281.25;280.88;885069;0
08.04.2026;16:45;280.75;281.50;280.50;280.50;281.00;703390;0
08.04.2026;17:00;280.50;280.75;280.25;280.75;280.50;364957;0
08.04.2026;17:15;280.50;280.50;279.75;279.75;280.12;218429;0
08.04.2026;17:30;280.00;280.00;279.50;279.50;279.75;446192;0
08.04.2026;17:45;279.75;279.75;279.25;279.50;279.50;1252289;0
08.04.2026;18:00;279.50;279.75;279.00;279.25;279.38;584908;0
09.04.2026;10:00;279.25;280.00;277.75;278.50;278.88;1003718;0
09.04.2026;10:15;278.75;279.50;278.50;279.00;279.00;409688;0
09.04.2026;10:30;279.00;279.00;278.25;278.75;278.62;186297;0
09.04.2026;10:45;278.75;279.00;278.25;278.75;278.62;297728;0
09.04.2026;11:00;278.50;278.50;277.50;277.75;278.00;423154;0
09.04.2026;11:15;277.75;278.00;277.00;278.00;277.50;427203;0
09.04.2026;11:30;277.75;278.00;277.25;277.50;277.62;92959;0
09.04.2026;11:45;277.50;277.50;277.00;277.25;277.25;88191;0
09.04.2026;12:00;277.25;277.75;277.00;277.75;277.38;200995;0
09.04.2026;12:15;277.75;277.75;277.00;277.25;277.38;77676;0
09.04.2026;12:30;277.50;277.75;277.00;277.00;277.38;431126;0
09.04.2026;12:45;277.00;278.00;276.25;277.50;277.12;888413;0
09.04.2026;13:00;277.25;277.75;277.00;277.50;277.38;72978;0
09.04.2026;13:15;277.50;277.75;277.50;277.50;277.62;47196;0
09.04.2026;13:30;277.50;277.50;277.25;277.25;277.38;260424;0
09.04.2026;13:45;277.25;277.50;277.25;277.25;277.38;35492;0
09.04.2026;14:00;277.25;277.75;277.25;277.50;277.50;282715;0
09.04.2026;14:15;277.50;278.25;277.50;278.00;277.88;375751;0
09.04.2026;14:30;278.00;278.25;278.00;278.25;278.12;56206;0
09.04.2026;14:45;278.25;278.50;278.25;278.25;278.38;211647;0
09.04.2026;15:00;278.50;278.50;278.50;278.50;278.50;2507;0
09.04.2026;15:15;278.50;278.50;278.00;278.00;278.25;332959;0
09.04.2026;15:30;277.75;279.00;277.75;279.00;278.38;385297;0
09.04.2026;15:45;279.00;279.50;279.00;279.50;279.25;779213;0
09.04.2026;16:00;279.50;279.50;279.00;279.50;279.25;111984;0
09.04.2026;16:15;279.25;279.25;278.50;279.00;278.88;196620;0
09.04.2026;16:30;278.75;281.00;278.50;280.00;279.75;564757;0
09.04.2026;16:45;280.00;280.00;278.00;279.00;279.00;227105;0
09.04.2026;17:00;278.75;278.75;278.00;278.00;278.38;175802;0
09.04.2026;17:15;278.25;278.25;277.75;277.75;278.00;953809;0
09.04.2026;17:30;277.75;278.50;277.75;278.25;278.12;309251;0
09.04.2026;17:45;277.75;278.25;277.50;278.25;277.88;562686;0
09.04.2026;18:00;278.25;279.00;278.00;278.00;278.50;444839;0
10.04.2026;10:00;280.50;281.00;280.50;280.50;280.75;1103283;0
10.04.2026;10:15;281.00;281.00;279.75;279.75;280.38;451953;0
10.04.2026;10:30;279.75;280.25;279.75;280.00;280.00;487791;0
10.04.2026;10:45;280.00;280.00;279.50;280.00;279.75;364700;0
10.04.2026;11:00;280.00;280.25;279.50;280.25;279.88;282961;0
10.04.2026;11:15;280.25;280.50;279.75;280.25;280.12;396705;0
10.04.2026;11:30;280.25;281.00;280.00;281.00;280.50;505178;0
10.04.2026;11:45;281.00;281.25;280.25;281.00;280.75;213925;0
10.04.2026;12:00;281.00;281.00;280.25;280.50;280.62;156397;0
10.04.2026;12:15;281.00;281.00;280.00;280.25;280.50;852905;0
10.04.2026;12:30;281.00;286.50;281.00;285.00;283.75;3789916;0
10.04.2026;12:45;284.75;285.00;283.00;283.25;284.00;1031898;0
10.04.2026;13:00;283.25;283.75;283.25;283.75;283.50;59294;0
10.04.2026;13:15;283.75;283.75;283.00;283.50;283.38;238785;0
10.04.2026;13:30;283.50;283.50;281.75;281.75;282.62;204932;0
10.04.2026;13:45;282.50;282.50;281.50;282.00;282.00;470433;0
10.04.2026;14:00;281.50;282.25;281.25;281.50;281.75;709542;0
10.04.2026;14:15;282.00;282.50;282.00;282.00;282.25;276596;0
10.04.2026;14:30;282.25;282.25;281.00;282.00;281.62;415079;0
10.04.2026;14:45;282.50;282.50;282.25;282.25;282.38;90954;0
10.04.2026;15:00;282.75;283.00;282.75;283.00;282.88;457575;0
10.04.2026;15:15;283.25;283.25;282.25;282.25;282.75;23148;0
10.04.2026;15:30;282.50;284.00;282.50;284.00;283.25;420172;0
10.04.2026;15:45;283.25;284.00;282.25;283.00;283.12;543928;0
10.04.2026;16:00;282.75;283.00;282.25;283.00;282.62;407392;0
10.04.2026;16:15;282.75;282.75;282.00;282.75;282.38;388670;0
10.04.2026;16:30;282.75;283.75;282.75;283.00;283.25;358096;0
10.04.2026;16:45;283.00;283.75;282.50;282.50;283.12;545385;0
10.04.2026;17:00;283.00;283.50;283.00;283.50;283.25;109266;0
10.04.2026;17:15;283.75;284.25;283.25;284.00;283.75;324150;0
10.04.2026;17:30;284.00;285.00;284.00;284.75;284.50;517480;0
10.04.2026;17:45;284.25;284.50;283.50;283.75;284.00;984520;0
10.04.2026;18:00;284.25;285.00;283.75;285.00;284.38;758172;0
